filename,population_size,elite_size,mutatants_size,crossover_probability,restart_generations,restart_strategy,seed,objective_value,time_elapsed,stop_time,best_value
training/01-myciel3.txt,100,0.20,0.10,0.70,50,1,0,3097,0.056088,0.056,3097
training/01-myciel3.txt,100,0.20,0.10,0.70,50,1,1,3097,0.056038,0.056,3097
training/01-myciel3.txt,100,0.20,0.10,0.70,50,1,2,3097,0.056047,0.056,3097
training/01-myciel3.txt,100,0.20,0.10,0.70,50,1,3,3097,0.056053,0.056,3097
training/01-myciel3.txt,100,0.20,0.10,0.70,50,1,4,3097,0.056092,0.056,3097
training/01-myciel3.txt,100,0.20,0.10,0.70,100,1,0,3097,0.056091,0.056,3097
training/01-myciel3.txt,100,0.20,0.10,0.70,100,1,1,3097,0.056077,0.056,3097
training/01-myciel3.txt,100,0.20,0.10,0.70,100,1,2,3097,0.056097,0.056,3097
training/01-myciel3.txt,100,0.20,0.10,0.70,100,1,3,3097,0.056047,0.056,3097
training/01-myciel3.txt,100,0.20,0.10,0.70,100,1,4,3097,0.05604,0.056,3097
training/01-myciel3.txt,100,0.20,0.10,0.70,50,2,0,3097,0.056115,0.056,3097
training/01-myciel3.txt,100,0.20,0.10,0.70,50,2,1,3097,0.056234,0.056,3097
training/01-myciel3.txt,100,0.20,0.10,0.70,50,2,2,3097,0.056111,0.056,3097
training/01-myciel3.txt,100,0.20,0.10,0.70,50,2,3,3097,0.056215,0.056,3097
training/01-myciel3.txt,100,0.20,0.10,0.70,50,2,4,3097,0.056084,0.056,3097
training/01-myciel3.txt,100,0.20,0.10,0.70,100,2,0,3097,0.056029,0.056,3097
training/01-myciel3.txt,100,0.20,0.10,0.70,100,2,1,3097,0.056052,0.056,3097
training/01-myciel3.txt,100,0.20,0.10,0.70,100,2,2,3097,0.056087,0.056,3097
training/01-myciel3.txt,100,0.20,0.10,0.70,100,2,3,3097,0.056095,0.056,3097
training/01-myciel3.txt,100,0.20,0.10,0.70,100,2,4,3097,0.056002,0.056,3097
training/01-myciel3.txt,100,0.20,0.10,0.80,50,1,0,3097,0.056004,0.056,3097
training/01-myciel3.txt,100,0.20,0.10,0.80,50,1,1,3097,0.056087,0.056,3097
training/01-myciel3.txt,100,0.20,0.10,0.80,50,1,2,3097,0.056088,0.056,3097
training/01-myciel3.txt,100,0.20,0.10,0.80,50,1,3,3097,0.056064,0.056,3097
training/01-myciel3.txt,100,0.20,0.10,0.80,50,1,4,3097,0.056022,0.056,3097
training/01-myciel3.txt,100,0.20,0.10,0.80,100,1,0,3097,0.056043,0.056,3097
training/01-myciel3.txt,100,0.20,0.10,0.80,100,1,1,3097,0.056017,0.056,3097
training/01-myciel3.txt,100,0.20,0.10,0.80,100,1,2,3097,0.056089,0.056,3097
training/01-myciel3.txt,100,0.20,0.10,0.80,100,1,3,3097,0.056045,0.056,3097
training/01-myciel3.txt,100,0.20,0.10,0.80,100,1,4,3097,0.056032,0.056,3097
training/01-myciel3.txt,100,0.20,0.10,0.80,50,2,0,3097,0.056073,0.056,3097
training/01-myciel3.txt,100,0.20,0.10,0.80,50,2,1,3097,0.056063,0.056,3097
training/01-myciel3.txt,100,0.20,0.10,0.80,50,2,2,3097,0.056229,0.056,3097
training/01-myciel3.txt,100,0.20,0.10,0.80,50,2,3,3097,0.056018,0.056,3097
training/01-myciel3.txt,100,0.20,0.10,0.80,50,2,4,3097,0.056074,0.056,3097
training/01-myciel3.txt,100,0.20,0.10,0.80,100,2,0,3097,0.056021,0.056,3097
training/01-myciel3.txt,100,0.20,0.10,0.80,100,2,1,3097,0.056062,0.056,3097
training/01-myciel3.txt,100,0.20,0.10,0.80,100,2,2,3097,0.056041,0.056,3097
training/01-myciel3.txt,100,0.20,0.10,0.80,100,2,3,3097,0.056053,0.056,3097
training/01-myciel3.txt,100,0.20,0.10,0.80,100,2,4,3097,0.056089,0.056,3097
training/01-myciel3.txt,100,0.20,0.20,0.70,50,1,0,3097,0.05608,0.056,3097
training/01-myciel3.txt,100,0.20,0.20,0.70,50,1,1,3097,0.056041,0.056,3097
training/01-myciel3.txt,100,0.20,0.20,0.70,50,1,2,3097,0.056033,0.056,3097
training/01-myciel3.txt,100,0.20,0.20,0.70,50,1,3,3097,0.056099,0.056,3097
training/01-myciel3.txt,100,0.20,0.20,0.70,50,1,4,3097,0.056033,0.056,3097
training/01-myciel3.txt,100,0.20,0.20,0.70,100,1,0,3097,0.056056,0.056,3097
training/01-myciel3.txt,100,0.20,0.20,0.70,100,1,1,3097,0.056065,0.056,3097
training/01-myciel3.txt,100,0.20,0.20,0.70,100,1,2,3097,0.056031,0.056,3097
training/01-myciel3.txt,100,0.20,0.20,0.70,100,1,3,3097,0.056123,0.056,3097
training/01-myciel3.txt,100,0.20,0.20,0.70,100,1,4,3097,0.05601,0.056,3097
training/01-myciel3.txt,100,0.20,0.20,0.70,50,2,0,3097,0.056106,0.056,3097
training/01-myciel3.txt,100,0.20,0.20,0.70,50,2,1,3097,0.056078,0.056,3097
training/01-myciel3.txt,100,0.20,0.20,0.70,50,2,2,3097,0.056073,0.056,3097
training/01-myciel3.txt,100,0.20,0.20,0.70,50,2,3,3097,0.056121,0.056,3097
training/01-myciel3.txt,100,0.20,0.20,0.70,50,2,4,3097,0.056017,0.056,3097
training/01-myciel3.txt,100,0.20,0.20,0.70,100,2,0,3097,0.056118,0.056,3097
training/01-myciel3.txt,100,0.20,0.20,0.70,100,2,1,3097,0.056045,0.056,3097
training/01-myciel3.txt,100,0.20,0.20,0.70,100,2,2,3097,0.056024,0.056,3097
training/01-myciel3.txt,100,0.20,0.20,0.70,100,2,3,3097,0.056061,0.056,3097
training/01-myciel3.txt,100,0.20,0.20,0.70,100,2,4,3097,0.056081,0.056,3097
training/01-myciel3.txt,100,0.20,0.20,0.80,50,1,0,3097,0.05601,0.056,3097
training/01-myciel3.txt,100,0.20,0.20,0.80,50,1,1,3097,0.056099,0.056,3097
training/01-myciel3.txt,100,0.20,0.20,0.80,50,1,2,3097,0.056081,0.056,3097
training/01-myciel3.txt,100,0.20,0.20,0.80,50,1,3,3097,0.05609,0.056,3097
training/01-myciel3.txt,100,0.20,0.20,0.80,50,1,4,3097,0.056077,0.056,3097
training/01-myciel3.txt,100,0.20,0.20,0.80,100,1,0,3097,0.05601,0.056,3097
training/01-myciel3.txt,100,0.20,0.20,0.80,100,1,1,3097,0.056035,0.056,3097
training/01-myciel3.txt,100,0.20,0.20,0.80,100,1,2,3097,0.056009,0.056,3097
training/01-myciel3.txt,100,0.20,0.20,0.80,100,1,3,3097,0.056007,0.056,3097
training/01-myciel3.txt,100,0.20,0.20,0.80,100,1,4,3097,0.056026,0.056,3097
training/01-myciel3.txt,100,0.20,0.20,0.80,50,2,0,3097,0.056039,0.056,3097
training/01-myciel3.txt,100,0.20,0.20,0.80,50,2,1,3097,0.056076,0.056,3097
training/01-myciel3.txt,100,0.20,0.20,0.80,50,2,2,3097,0.05602,0.056,3097
training/01-myciel3.txt,100,0.20,0.20,0.80,50,2,3,3097,0.056038,0.056,3097
training/01-myciel3.txt,100,0.20,0.20,0.80,50,2,4,3097,0.056054,0.056,3097
training/01-myciel3.txt,100,0.20,0.20,0.80,100,2,0,3097,0.056022,0.056,3097
training/01-myciel3.txt,100,0.20,0.20,0.80,100,2,1,3097,0.056045,0.056,3097
training/01-myciel3.txt,100,0.20,0.20,0.80,100,2,2,3097,0.056022,0.056,3097
training/01-myciel3.txt,100,0.20,0.20,0.80,100,2,3,3097,0.056041,0.056,3097
training/01-myciel3.txt,100,0.20,0.20,0.80,100,2,4,3097,0.056096,0.056,3097
training/01-myciel3.txt,100,0.25,0.10,0.70,50,1,0,3097,0.056019,0.056,3097
training/01-myciel3.txt,100,0.25,0.10,0.70,50,1,1,3097,0.056087,0.056,3097
training/01-myciel3.txt,100,0.25,0.10,0.70,50,1,2,3097,0.056094,0.056,3097
training/01-myciel3.txt,100,0.25,0.10,0.70,50,1,3,3097,0.056052,0.056,3097
training/01-myciel3.txt,100,0.25,0.10,0.70,50,1,4,3097,0.056048,0.056,3097
training/01-myciel3.txt,100,0.25,0.10,0.70,100,1,0,3097,0.056008,0.056,3097
training/01-myciel3.txt,100,0.25,0.10,0.70,100,1,1,3097,0.056005,0.056,3097
training/01-myciel3.txt,100,0.25,0.10,0.70,100,1,2,3097,0.056014,0.056,3097
training/01-myciel3.txt,100,0.25,0.10,0.70,100,1,3,3097,0.056072,0.056,3097
training/01-myciel3.txt,100,0.25,0.10,0.70,100,1,4,3097,0.056094,0.056,3097
training/01-myciel3.txt,100,0.25,0.10,0.70,50,2,0,3097,0.056015,0.056,3097
training/01-myciel3.txt,100,0.25,0.10,0.70,50,2,1,3097,0.056088,0.056,3097
training/01-myciel3.txt,100,0.25,0.10,0.70,50,2,2,3097,0.05604,0.056,3097
training/01-myciel3.txt,100,0.25,0.10,0.70,50,2,3,3097,0.056028,0.056,3097
training/01-myciel3.txt,100,0.25,0.10,0.70,50,2,4,3097,0.056044,0.056,3097
training/01-myciel3.txt,100,0.25,0.10,0.70,100,2,0,3097,0.056109,0.056,3097
training/01-myciel3.txt,100,0.25,0.10,0.70,100,2,1,3097,0.056038,0.056,3097
training/01-myciel3.txt,100,0.25,0.10,0.70,100,2,2,3097,0.056032,0.056,3097
training/01-myciel3.txt,100,0.25,0.10,0.70,100,2,3,3097,0.056064,0.056,3097
training/01-myciel3.txt,100,0.25,0.10,0.70,100,2,4,3097,0.056085,0.056,3097
training/01-myciel3.txt,100,0.25,0.10,0.80,50,1,0,3097,0.056089,0.056,3097
training/01-myciel3.txt,100,0.25,0.10,0.80,50,1,1,3097,0.056014,0.056,3097
training/01-myciel3.txt,100,0.25,0.10,0.80,50,1,2,3097,0.056061,0.056,3097
training/01-myciel3.txt,100,0.25,0.10,0.80,50,1,3,3097,0.05602,0.056,3097
training/01-myciel3.txt,100,0.25,0.10,0.80,50,1,4,3097,0.056007,0.056,3097
training/01-myciel3.txt,100,0.25,0.10,0.80,100,1,0,3097,0.056042,0.056,3097
training/01-myciel3.txt,100,0.25,0.10,0.80,100,1,1,3097,0.056103,0.056,3097
training/01-myciel3.txt,100,0.25,0.10,0.80,100,1,2,3097,0.056031,0.056,3097
training/01-myciel3.txt,100,0.25,0.10,0.80,100,1,3,3097,0.056075,0.056,3097
training/01-myciel3.txt,100,0.25,0.10,0.80,100,1,4,3097,0.05608,0.056,3097
training/01-myciel3.txt,100,0.25,0.10,0.80,50,2,0,3097,0.056004,0.056,3097
training/01-myciel3.txt,100,0.25,0.10,0.80,50,2,1,3097,0.056084,0.056,3097
training/01-myciel3.txt,100,0.25,0.10,0.80,50,2,2,3097,0.056109,0.056,3097
training/01-myciel3.txt,100,0.25,0.10,0.80,50,2,3,3097,0.056072,0.056,3097
training/01-myciel3.txt,100,0.25,0.10,0.80,50,2,4,3097,0.056067,0.056,3097
training/01-myciel3.txt,100,0.25,0.10,0.80,100,2,0,3097,0.056018,0.056,3097
training/01-myciel3.txt,100,0.25,0.10,0.80,100,2,1,3097,0.05607,0.056,3097
training/01-myciel3.txt,100,0.25,0.10,0.80,100,2,2,3097,0.056007,0.056,3097
training/01-myciel3.txt,100,0.25,0.10,0.80,100,2,3,3097,0.056063,0.056,3097
training/01-myciel3.txt,100,0.25,0.10,0.80,100,2,4,3097,0.056041,0.056,3097
training/01-myciel3.txt,100,0.25,0.20,0.70,50,1,0,3097,0.056045,0.056,3097
training/01-myciel3.txt,100,0.25,0.20,0.70,50,1,1,3097,0.056035,0.056,3097
training/01-myciel3.txt,100,0.25,0.20,0.70,50,1,2,3097,0.056031,0.056,3097
training/01-myciel3.txt,100,0.25,0.20,0.70,50,1,3,3097,0.056076,0.056,3097
training/01-myciel3.txt,100,0.25,0.20,0.70,50,1,4,3097,0.056042,0.056,3097
training/01-myciel3.txt,100,0.25,0.20,0.70,100,1,0,3097,0.056117,0.056,3097
training/01-myciel3.txt,100,0.25,0.20,0.70,100,1,1,3097,0.056043,0.056,3097
training/01-myciel3.txt,100,0.25,0.20,0.70,100,1,2,3097,0.056108,0.056,3097
training/01-myciel3.txt,100,0.25,0.20,0.70,100,1,3,3097,0.056012,0.056,3097
training/01-myciel3.txt,100,0.25,0.20,0.70,100,1,4,3097,0.056091,0.056,3097
training/01-myciel3.txt,100,0.25,0.20,0.70,50,2,0,3097,0.05601,0.056,3097
training/01-myciel3.txt,100,0.25,0.20,0.70,50,2,1,3097,0.056108,0.056,3097
training/01-myciel3.txt,100,0.25,0.20,0.70,50,2,2,3097,0.056026,0.056,3097
training/01-myciel3.txt,100,0.25,0.20,0.70,50,2,3,3097,0.056049,0.056,3097
training/01-myciel3.txt,100,0.25,0.20,0.70,50,2,4,3097,0.05606,0.056,3097
training/01-myciel3.txt,100,0.25,0.20,0.70,100,2,0,3097,0.056019,0.056,3097
training/01-myciel3.txt,100,0.25,0.20,0.70,100,2,1,3097,0.056064,0.056,3097
training/01-myciel3.txt,100,0.25,0.20,0.70,100,2,2,3097,0.056043,0.056,3097
training/01-myciel3.txt,100,0.25,0.20,0.70,100,2,3,3097,0.056044,0.056,3097
training/01-myciel3.txt,100,0.25,0.20,0.70,100,2,4,3097,0.056064,0.056,3097
training/01-myciel3.txt,100,0.25,0.20,0.80,50,1,0,3097,0.056091,0.056,3097
training/01-myciel3.txt,100,0.25,0.20,0.80,50,1,1,3097,0.056055,0.056,3097
training/01-myciel3.txt,100,0.25,0.20,0.80,50,1,2,3097,0.056059,0.056,3097
training/01-myciel3.txt,100,0.25,0.20,0.80,50,1,3,3097,0.056022,0.056,3097
training/01-myciel3.txt,100,0.25,0.20,0.80,50,1,4,3097,0.056002,0.056,3097
training/01-myciel3.txt,100,0.25,0.20,0.80,100,1,0,3097,0.056059,0.056,3097
training/01-myciel3.txt,100,0.25,0.20,0.80,100,1,1,3097,0.056095,0.056,3097
training/01-myciel3.txt,100,0.25,0.20,0.80,100,1,2,3097,0.056104,0.056,3097
training/01-myciel3.txt,100,0.25,0.20,0.80,100,1,3,3097,0.056052,0.056,3097
training/01-myciel3.txt,100,0.25,0.20,0.80,100,1,4,3097,0.056047,0.056,3097
training/01-myciel3.txt,100,0.25,0.20,0.80,50,2,0,3097,0.056039,0.056,3097
training/01-myciel3.txt,100,0.25,0.20,0.80,50,2,1,3097,0.056019,0.056,3097
training/01-myciel3.txt,100,0.25,0.20,0.80,50,2,2,3097,0.056098,0.056,3097
training/01-myciel3.txt,100,0.25,0.20,0.80,50,2,3,3097,0.056016,0.056,3097
training/01-myciel3.txt,100,0.25,0.20,0.80,50,2,4,3097,0.056091,0.056,3097
training/01-myciel3.txt,100,0.25,0.20,0.80,100,2,0,3097,0.056047,0.056,3097
training/01-myciel3.txt,100,0.25,0.20,0.80,100,2,1,3097,0.056088,0.056,3097
training/01-myciel3.txt,100,0.25,0.20,0.80,100,2,2,3097,0.056084,0.056,3097
training/01-myciel3.txt,100,0.25,0.20,0.80,100,2,3,3097,0.056075,0.056,3097
training/01-myciel3.txt,100,0.25,0.20,0.80,100,2,4,3097,0.056025,0.056,3097
training/01-myciel3.txt,150,0.20,0.10,0.70,50,1,0,3097,0.056113,0.056,3097
training/01-myciel3.txt,150,0.20,0.10,0.70,50,1,1,3097,0.056113,0.056,3097
training/01-myciel3.txt,150,0.20,0.10,0.70,50,1,2,3097,0.056177,0.056,3097
training/01-myciel3.txt,150,0.20,0.10,0.70,50,1,3,3097,0.056054,0.056,3097
training/01-myciel3.txt,150,0.20,0.10,0.70,50,1,4,3097,0.056007,0.056,3097
training/01-myciel3.txt,150,0.20,0.10,0.70,100,1,0,3097,0.056149,0.056,3097
training/01-myciel3.txt,150,0.20,0.10,0.70,100,1,1,3097,0.05601,0.056,3097
training/01-myciel3.txt,150,0.20,0.10,0.70,100,1,2,3097,0.056071,0.056,3097
training/01-myciel3.txt,150,0.20,0.10,0.70,100,1,3,3097,0.056095,0.056,3097
training/01-myciel3.txt,150,0.20,0.10,0.70,100,1,4,3097,0.056172,0.056,3097
training/01-myciel3.txt,150,0.20,0.10,0.70,50,2,0,3097,0.056026,0.056,3097
training/01-myciel3.txt,150,0.20,0.10,0.70,50,2,1,3097,0.056089,0.056,3097
training/01-myciel3.txt,150,0.20,0.10,0.70,50,2,2,3097,0.05618,0.056,3097
training/01-myciel3.txt,150,0.20,0.10,0.70,50,2,3,3097,0.056138,0.056,3097
training/01-myciel3.txt,150,0.20,0.10,0.70,50,2,4,3097,0.056123,0.056,3097
training/01-myciel3.txt,150,0.20,0.10,0.70,100,2,0,3097,0.056044,0.056,3097
training/01-myciel3.txt,150,0.20,0.10,0.70,100,2,1,3097,0.056106,0.056,3097
training/01-myciel3.txt,150,0.20,0.10,0.70,100,2,2,3097,0.056121,0.056,3097
training/01-myciel3.txt,150,0.20,0.10,0.70,100,2,3,3097,0.056058,0.056,3097
training/01-myciel3.txt,150,0.20,0.10,0.70,100,2,4,3097,0.056173,0.056,3097
training/01-myciel3.txt,150,0.20,0.10,0.80,50,1,0,3097,0.056015,0.056,3097
training/01-myciel3.txt,150,0.20,0.10,0.80,50,1,1,3097,0.056152,0.056,3097
training/01-myciel3.txt,150,0.20,0.10,0.80,50,1,2,3097,0.056007,0.056,3097
training/01-myciel3.txt,150,0.20,0.10,0.80,50,1,3,3097,0.056115,0.056,3097
training/01-myciel3.txt,150,0.20,0.10,0.80,50,1,4,3097,0.056023,0.056,3097
training/01-myciel3.txt,150,0.20,0.10,0.80,100,1,0,3097,0.056141,0.056,3097
training/01-myciel3.txt,150,0.20,0.10,0.80,100,1,1,3097,0.056041,0.056,3097
training/01-myciel3.txt,150,0.20,0.10,0.80,100,1,2,3097,0.056347,0.056,3097
training/01-myciel3.txt,150,0.20,0.10,0.80,100,1,3,3097,0.056061,0.056,3097
training/01-myciel3.txt,150,0.20,0.10,0.80,100,1,4,3097,0.056123,0.056,3097
training/01-myciel3.txt,150,0.20,0.10,0.80,50,2,0,3097,0.056155,0.056,3097
training/01-myciel3.txt,150,0.20,0.10,0.80,50,2,1,3097,0.056042,0.056,3097
training/01-myciel3.txt,150,0.20,0.10,0.80,50,2,2,3097,0.056098,0.056,3097
training/01-myciel3.txt,150,0.20,0.10,0.80,50,2,3,3097,0.056061,0.056,3097
training/01-myciel3.txt,150,0.20,0.10,0.80,50,2,4,3097,0.056112,0.056,3097
training/01-myciel3.txt,150,0.20,0.10,0.80,100,2,0,3097,0.056363,0.056,3097
training/01-myciel3.txt,150,0.20,0.10,0.80,100,2,1,3097,0.056054,0.056,3097
training/01-myciel3.txt,150,0.20,0.10,0.80,100,2,2,3097,0.056087,0.056,3097
training/01-myciel3.txt,150,0.20,0.10,0.80,100,2,3,3097,0.056032,0.056,3097
training/01-myciel3.txt,150,0.20,0.10,0.80,100,2,4,3097,0.05616,0.056,3097
training/01-myciel3.txt,150,0.20,0.20,0.70,50,1,0,3097,0.056031,0.056,3097
training/01-myciel3.txt,150,0.20,0.20,0.70,50,1,1,3097,0.056118,0.056,3097
training/01-myciel3.txt,150,0.20,0.20,0.70,50,1,2,3097,0.056023,0.056,3097
training/01-myciel3.txt,150,0.20,0.20,0.70,50,1,3,3097,0.056092,0.056,3097
training/01-myciel3.txt,150,0.20,0.20,0.70,50,1,4,3097,0.056071,0.056,3097
training/01-myciel3.txt,150,0.20,0.20,0.70,100,1,0,3097,0.056058,0.056,3097
training/01-myciel3.txt,150,0.20,0.20,0.70,100,1,1,3097,0.056093,0.056,3097
training/01-myciel3.txt,150,0.20,0.20,0.70,100,1,2,3097,0.056115,0.056,3097
training/01-myciel3.txt,150,0.20,0.20,0.70,100,1,3,3097,0.056085,0.056,3097
training/01-myciel3.txt,150,0.20,0.20,0.70,100,1,4,3097,0.056152,0.056,3097
training/01-myciel3.txt,150,0.20,0.20,0.70,50,2,0,3097,0.056359,0.056,3097
training/01-myciel3.txt,150,0.20,0.20,0.70,50,2,1,3097,0.056131,0.056,3097
training/01-myciel3.txt,150,0.20,0.20,0.70,50,2,2,3097,0.056049,0.056,3097
training/01-myciel3.txt,150,0.20,0.20,0.70,50,2,3,3097,0.056178,0.056,3097
training/01-myciel3.txt,150,0.20,0.20,0.70,50,2,4,3097,0.056007,0.056,3097
training/01-myciel3.txt,150,0.20,0.20,0.70,100,2,0,3097,0.056086,0.056,3097
training/01-myciel3.txt,150,0.20,0.20,0.70,100,2,1,3097,0.056126,0.056,3097
training/01-myciel3.txt,150,0.20,0.20,0.70,100,2,2,3097,0.056128,0.056,3097
training/01-myciel3.txt,150,0.20,0.20,0.70,100,2,3,3097,0.056025,0.056,3097
training/01-myciel3.txt,150,0.20,0.20,0.70,100,2,4,3097,0.056166,0.056,3097
training/01-myciel3.txt,150,0.20,0.20,0.80,50,1,0,3097,0.056052,0.056,3097
training/01-myciel3.txt,150,0.20,0.20,0.80,50,1,1,3097,0.05612,0.056,3097
training/01-myciel3.txt,150,0.20,0.20,0.80,50,1,2,3097,0.056385,0.056,3097
training/01-myciel3.txt,150,0.20,0.20,0.80,50,1,3,3097,0.056078,0.056,3097
training/01-myciel3.txt,150,0.20,0.20,0.80,50,1,4,3097,0.056158,0.056,3097
training/01-myciel3.txt,150,0.20,0.20,0.80,100,1,0,3097,0.05605,0.056,3097
training/01-myciel3.txt,150,0.20,0.20,0.80,100,1,1,3097,0.056119,0.056,3097
training/01-myciel3.txt,150,0.20,0.20,0.80,100,1,2,3097,0.056168,0.056,3097
training/01-myciel3.txt,150,0.20,0.20,0.80,100,1,3,3097,0.056127,0.056,3097
training/01-myciel3.txt,150,0.20,0.20,0.80,100,1,4,3097,0.056123,0.056,3097
training/01-myciel3.txt,150,0.20,0.20,0.80,50,2,0,3097,0.056084,0.056,3097
training/01-myciel3.txt,150,0.20,0.20,0.80,50,2,1,3097,0.056084,0.056,3097
training/01-myciel3.txt,150,0.20,0.20,0.80,50,2,2,3097,0.056169,0.056,3097
training/01-myciel3.txt,150,0.20,0.20,0.80,50,2,3,3097,0.056022,0.056,3097
training/01-myciel3.txt,150,0.20,0.20,0.80,50,2,4,3097,0.056004,0.056,3097
training/01-myciel3.txt,150,0.20,0.20,0.80,100,2,0,3097,0.056122,0.056,3097
training/01-myciel3.txt,150,0.20,0.20,0.80,100,2,1,3097,0.056108,0.056,3097
training/01-myciel3.txt,150,0.20,0.20,0.80,100,2,2,3097,0.056007,0.056,3097
training/01-myciel3.txt,150,0.20,0.20,0.80,100,2,3,3097,0.056116,0.056,3097
training/01-myciel3.txt,150,0.20,0.20,0.80,100,2,4,3097,0.056047,0.056,3097
training/01-myciel3.txt,150,0.25,0.10,0.70,50,1,0,3097,0.056111,0.056,3097
training/01-myciel3.txt,150,0.25,0.10,0.70,50,1,1,3097,0.056142,0.056,3097
training/01-myciel3.txt,150,0.25,0.10,0.70,50,1,2,3097,0.056041,0.056,3097
training/01-myciel3.txt,150,0.25,0.10,0.70,50,1,3,3097,0.056114,0.056,3097
training/01-myciel3.txt,150,0.25,0.10,0.70,50,1,4,3097,0.056117,0.056,3097
training/01-myciel3.txt,150,0.25,0.10,0.70,100,1,0,3097,0.056057,0.056,3097
training/01-myciel3.txt,150,0.25,0.10,0.70,100,1,1,3097,0.056072,0.056,3097
training/01-myciel3.txt,150,0.25,0.10,0.70,100,1,2,3097,0.056024,0.056,3097
training/01-myciel3.txt,150,0.25,0.10,0.70,100,1,3,3097,0.05612,0.056,3097
training/01-myciel3.txt,150,0.25,0.10,0.70,100,1,4,3097,0.056016,0.056,3097
training/01-myciel3.txt,150,0.25,0.10,0.70,50,2,0,3097,0.056167,0.056,3097
training/01-myciel3.txt,150,0.25,0.10,0.70,50,2,1,3097,0.056123,0.056,3097
training/01-myciel3.txt,150,0.25,0.10,0.70,50,2,2,3097,0.056163,0.056,3097
training/01-myciel3.txt,150,0.25,0.10,0.70,50,2,3,3097,0.056101,0.056,3097
training/01-myciel3.txt,150,0.25,0.10,0.70,50,2,4,3097,0.056056,0.056,3097
training/01-myciel3.txt,150,0.25,0.10,0.70,100,2,0,3097,0.05605,0.056,3097
training/01-myciel3.txt,150,0.25,0.10,0.70,100,2,1,3097,0.056029,0.056,3097
training/01-myciel3.txt,150,0.25,0.10,0.70,100,2,2,3097,0.056014,0.056,3097
training/01-myciel3.txt,150,0.25,0.10,0.70,100,2,3,3097,0.056174,0.056,3097
training/01-myciel3.txt,150,0.25,0.10,0.70,100,2,4,3097,0.056016,0.056,3097
training/01-myciel3.txt,150,0.25,0.10,0.80,50,1,0,3097,0.056063,0.056,3097
training/01-myciel3.txt,150,0.25,0.10,0.80,50,1,1,3097,0.05615,0.056,3097
training/01-myciel3.txt,150,0.25,0.10,0.80,50,1,2,3097,0.056074,0.056,3097
training/01-myciel3.txt,150,0.25,0.10,0.80,50,1,3,3097,0.056073,0.056,3097
training/01-myciel3.txt,150,0.25,0.10,0.80,50,1,4,3097,0.056008,0.056,3097
training/01-myciel3.txt,150,0.25,0.10,0.80,100,1,0,3097,0.056113,0.056,3097
training/01-myciel3.txt,150,0.25,0.10,0.80,100,1,1,3097,0.056162,0.056,3097
training/01-myciel3.txt,150,0.25,0.10,0.80,100,1,2,3097,0.056154,0.056,3097
training/01-myciel3.txt,150,0.25,0.10,0.80,100,1,3,3097,0.05616,0.056,3097
training/01-myciel3.txt,150,0.25,0.10,0.80,100,1,4,3097,0.056103,0.056,3097
training/01-myciel3.txt,150,0.25,0.10,0.80,50,2,0,3097,0.05615,0.056,3097
training/01-myciel3.txt,150,0.25,0.10,0.80,50,2,1,3097,0.056061,0.056,3097
training/01-myciel3.txt,150,0.25,0.10,0.80,50,2,2,3097,0.056136,0.056,3097
training/01-myciel3.txt,150,0.25,0.10,0.80,50,2,3,3097,0.05606,0.056,3097
training/01-myciel3.txt,150,0.25,0.10,0.80,50,2,4,3097,0.056118,0.056,3097
training/01-myciel3.txt,150,0.25,0.10,0.80,100,2,0,3097,0.056156,0.056,3097
training/01-myciel3.txt,150,0.25,0.10,0.80,100,2,1,3097,0.056145,0.056,3097
training/01-myciel3.txt,150,0.25,0.10,0.80,100,2,2,3097,0.056051,0.056,3097
training/01-myciel3.txt,150,0.25,0.10,0.80,100,2,3,3097,0.05614,0.056,3097
training/01-myciel3.txt,150,0.25,0.10,0.80,100,2,4,3097,0.056067,0.056,3097
training/01-myciel3.txt,150,0.25,0.20,0.70,50,1,0,3097,0.056499,0.056,3097
training/01-myciel3.txt,150,0.25,0.20,0.70,50,1,1,3097,0.056014,0.056,3097
training/01-myciel3.txt,150,0.25,0.20,0.70,50,1,2,3097,0.056063,0.056,3097
training/01-myciel3.txt,150,0.25,0.20,0.70,50,1,3,3097,0.05603,0.056,3097
training/01-myciel3.txt,150,0.25,0.20,0.70,50,1,4,3097,0.056171,0.056,3097
training/01-myciel3.txt,150,0.25,0.20,0.70,100,1,0,3097,0.056095,0.056,3097
training/01-myciel3.txt,150,0.25,0.20,0.70,100,1,1,3097,0.056141,0.056,3097
training/01-myciel3.txt,150,0.25,0.20,0.70,100,1,2,3097,0.056013,0.056,3097
training/01-myciel3.txt,150,0.25,0.20,0.70,100,1,3,3097,0.056111,0.056,3097
training/01-myciel3.txt,150,0.25,0.20,0.70,100,1,4,3097,0.056025,0.056,3097
training/01-myciel3.txt,150,0.25,0.20,0.70,50,2,0,3097,0.05602,0.056,3097
training/01-myciel3.txt,150,0.25,0.20,0.70,50,2,1,3097,0.056097,0.056,3097
training/01-myciel3.txt,150,0.25,0.20,0.70,50,2,2,3097,0.056088,0.056,3097
training/01-myciel3.txt,150,0.25,0.20,0.70,50,2,3,3097,0.056124,0.056,3097
training/01-myciel3.txt,150,0.25,0.20,0.70,50,2,4,3097,0.056089,0.056,3097
training/01-myciel3.txt,150,0.25,0.20,0.70,100,2,0,3097,0.05615,0.056,3097
training/01-myciel3.txt,150,0.25,0.20,0.70,100,2,1,3097,0.056136,0.056,3097
training/01-myciel3.txt,150,0.25,0.20,0.70,100,2,2,3097,0.056129,0.056,3097
training/01-myciel3.txt,150,0.25,0.20,0.70,100,2,3,3097,0.056163,0.056,3097
training/01-myciel3.txt,150,0.25,0.20,0.70,100,2,4,3097,0.056048,0.056,3097
training/01-myciel3.txt,150,0.25,0.20,0.80,50,1,0,3097,0.056087,0.056,3097
training/01-myciel3.txt,150,0.25,0.20,0.80,50,1,1,3097,0.05609,0.056,3097
training/01-myciel3.txt,150,0.25,0.20,0.80,50,1,2,3097,0.056122,0.056,3097
training/01-myciel3.txt,150,0.25,0.20,0.80,50,1,3,3097,0.056131,0.056,3097
training/01-myciel3.txt,150,0.25,0.20,0.80,50,1,4,3097,0.056161,0.056,3097
training/01-myciel3.txt,150,0.25,0.20,0.80,100,1,0,3097,0.056168,0.056,3097
training/01-myciel3.txt,150,0.25,0.20,0.80,100,1,1,3097,0.056096,0.056,3097
training/01-myciel3.txt,150,0.25,0.20,0.80,100,1,2,3097,0.056058,0.056,3097
training/01-myciel3.txt,150,0.25,0.20,0.80,100,1,3,3097,0.056055,0.056,3097
training/01-myciel3.txt,150,0.25,0.20,0.80,100,1,4,3097,0.056071,0.056,3097
training/01-myciel3.txt,150,0.25,0.20,0.80,50,2,0,3097,0.056071,0.056,3097
training/01-myciel3.txt,150,0.25,0.20,0.80,50,2,1,3097,0.05609,0.056,3097
training/01-myciel3.txt,150,0.25,0.20,0.80,50,2,2,3097,0.056164,0.056,3097
training/01-myciel3.txt,150,0.25,0.20,0.80,50,2,3,3097,0.056092,0.056,3097
training/01-myciel3.txt,150,0.25,0.20,0.80,50,2,4,3097,0.05604,0.056,3097
training/01-myciel3.txt,150,0.25,0.20,0.80,100,2,0,3097,0.056114,0.056,3097
training/01-myciel3.txt,150,0.25,0.20,0.80,100,2,1,3097,0.056013,0.056,3097
training/01-myciel3.txt,150,0.25,0.20,0.80,100,2,2,3097,0.056134,0.056,3097
training/01-myciel3.txt,150,0.25,0.20,0.80,100,2,3,3097,0.056004,0.056,3097
training/01-myciel3.txt,150,0.25,0.20,0.80,100,2,4,3097,0.056045,0.056,3097
training/01-myciel3.txt,200,0.20,0.10,0.70,50,1,0,3097,0.056076,0.056,3097
training/01-myciel3.txt,200,0.20,0.10,0.70,50,1,1,3097,0.056057,0.056,3097
training/01-myciel3.txt,200,0.20,0.10,0.70,50,1,2,3097,0.05624,0.056,3097
training/01-myciel3.txt,200,0.20,0.10,0.70,50,1,3,3097,0.056238,0.056,3097
training/01-myciel3.txt,200,0.20,0.10,0.70,50,1,4,3097,0.056151,0.056,3097
training/01-myciel3.txt,200,0.20,0.10,0.70,100,1,0,3097,0.056194,0.056,3097
training/01-myciel3.txt,200,0.20,0.10,0.70,100,1,1,3097,0.056222,0.056,3097
training/01-myciel3.txt,200,0.20,0.10,0.70,100,1,2,3097,0.056182,0.056,3097
training/01-myciel3.txt,200,0.20,0.10,0.70,100,1,3,3097,0.05605,0.056,3097
training/01-myciel3.txt,200,0.20,0.10,0.70,100,1,4,3097,0.056034,0.056,3097
training/01-myciel3.txt,200,0.20,0.10,0.70,50,2,0,3097,0.056092,0.056,3097
training/01-myciel3.txt,200,0.20,0.10,0.70,50,2,1,3097,0.056055,0.056,3097
training/01-myciel3.txt,200,0.20,0.10,0.70,50,2,2,3097,0.056239,0.056,3097
training/01-myciel3.txt,200,0.20,0.10,0.70,50,2,3,3097,0.056105,0.056,3097
training/01-myciel3.txt,200,0.20,0.10,0.70,50,2,4,3097,0.056034,0.056,3097
training/01-myciel3.txt,200,0.20,0.10,0.70,100,2,0,3097,0.056106,0.056,3097
training/01-myciel3.txt,200,0.20,0.10,0.70,100,2,1,3097,0.056219,0.056,3097
training/01-myciel3.txt,200,0.20,0.10,0.70,100,2,2,3097,0.056106,0.056,3097
training/01-myciel3.txt,200,0.20,0.10,0.70,100,2,3,3097,0.056196,0.056,3097
training/01-myciel3.txt,200,0.20,0.10,0.70,100,2,4,3097,0.056076,0.056,3097
training/01-myciel3.txt,200,0.20,0.10,0.80,50,1,0,3097,0.056077,0.056,3097
training/01-myciel3.txt,200,0.20,0.10,0.80,50,1,1,3097,0.056123,0.056,3097
training/01-myciel3.txt,200,0.20,0.10,0.80,50,1,2,3097,0.056148,0.056,3097
training/01-myciel3.txt,200,0.20,0.10,0.80,50,1,3,3097,0.056074,0.056,3097
training/01-myciel3.txt,200,0.20,0.10,0.80,50,1,4,3097,0.056004,0.056,3097
training/01-myciel3.txt,200,0.20,0.10,0.80,100,1,0,3097,0.056034,0.056,3097
training/01-myciel3.txt,200,0.20,0.10,0.80,100,1,1,3097,0.05601,0.056,3097
training/01-myciel3.txt,200,0.20,0.10,0.80,100,1,2,3097,0.056068,0.056,3097
training/01-myciel3.txt,200,0.20,0.10,0.80,100,1,3,3097,0.056241,0.056,3097
training/01-myciel3.txt,200,0.20,0.10,0.80,100,1,4,3097,0.056171,0.056,3097
training/01-myciel3.txt,200,0.20,0.10,0.80,50,2,0,3097,0.056015,0.056,3097
training/01-myciel3.txt,200,0.20,0.10,0.80,50,2,1,3097,0.056097,0.056,3097
training/01-myciel3.txt,200,0.20,0.10,0.80,50,2,2,3097,0.056221,0.056,3097
training/01-myciel3.txt,200,0.20,0.10,0.80,50,2,3,3097,0.05606,0.056,3097
training/01-myciel3.txt,200,0.20,0.10,0.80,50,2,4,3097,0.056223,0.056,3097
training/01-myciel3.txt,200,0.20,0.10,0.80,100,2,0,3097,0.056036,0.056,3097
training/01-myciel3.txt,200,0.20,0.10,0.80,100,2,1,3097,0.056199,0.056,3097
training/01-myciel3.txt,200,0.20,0.10,0.80,100,2,2,3097,0.056028,0.056,3097
training/01-myciel3.txt,200,0.20,0.10,0.80,100,2,3,3097,0.05622,0.056,3097
training/01-myciel3.txt,200,0.20,0.10,0.80,100,2,4,3097,0.056139,0.056,3097
training/01-myciel3.txt,200,0.20,0.20,0.70,50,1,0,3097,0.056007,0.056,3097
training/01-myciel3.txt,200,0.20,0.20,0.70,50,1,1,3097,0.05618,0.056,3097
training/01-myciel3.txt,200,0.20,0.20,0.70,50,1,2,3097,0.056142,0.056,3097
training/01-myciel3.txt,200,0.20,0.20,0.70,50,1,3,3097,0.056062,0.056,3097
training/01-myciel3.txt,200,0.20,0.20,0.70,50,1,4,3097,0.056076,0.056,3097
training/01-myciel3.txt,200,0.20,0.20,0.70,100,1,0,3097,0.056189,0.056,3097
training/01-myciel3.txt,200,0.20,0.20,0.70,100,1,1,3097,0.056196,0.056,3097
training/01-myciel3.txt,200,0.20,0.20,0.70,100,1,2,3097,0.056169,0.056,3097
training/01-myciel3.txt,200,0.20,0.20,0.70,100,1,3,3097,0.056168,0.056,3097
training/01-myciel3.txt,200,0.20,0.20,0.70,100,1,4,3097,0.056106,0.056,3097
training/01-myciel3.txt,200,0.20,0.20,0.70,50,2,0,3097,0.056145,0.056,3097
training/01-myciel3.txt,200,0.20,0.20,0.70,50,2,1,3097,0.056083,0.056,3097
training/01-myciel3.txt,200,0.20,0.20,0.70,50,2,2,3097,0.056108,0.056,3097
training/01-myciel3.txt,200,0.20,0.20,0.70,50,2,3,3097,0.056007,0.056,3097
training/01-myciel3.txt,200,0.20,0.20,0.70,50,2,4,3097,0.056008,0.056,3097
training/01-myciel3.txt,200,0.20,0.20,0.70,100,2,0,3097,0.056126,0.056,3097
training/01-myciel3.txt,200,0.20,0.20,0.70,100,2,1,3097,0.056088,0.056,3097
training/01-myciel3.txt,200,0.20,0.20,0.70,100,2,2,3097,0.056235,0.056,3097
training/01-myciel3.txt,200,0.20,0.20,0.70,100,2,3,3097,0.056221,0.056,3097
training/01-myciel3.txt,200,0.20,0.20,0.70,100,2,4,3097,0.056237,0.056,3097
training/01-myciel3.txt,200,0.20,0.20,0.80,50,1,0,3097,0.056015,0.056,3097
training/01-myciel3.txt,200,0.20,0.20,0.80,50,1,1,3097,0.056149,0.056,3097
training/01-myciel3.txt,200,0.20,0.20,0.80,50,1,2,3097,0.056188,0.056,3097
training/01-myciel3.txt,200,0.20,0.20,0.80,50,1,3,3097,0.056097,0.056,3097
training/01-myciel3.txt,200,0.20,0.20,0.80,50,1,4,3097,0.056054,0.056,3097
training/01-myciel3.txt,200,0.20,0.20,0.80,100,1,0,3097,0.056002,0.056,3097
training/01-myciel3.txt,200,0.20,0.20,0.80,100,1,1,3097,0.056081,0.056,3097
training/01-myciel3.txt,200,0.20,0.20,0.80,100,1,2,3097,0.056003,0.056,3097
training/01-myciel3.txt,200,0.20,0.20,0.80,100,1,3,3097,0.05618,0.056,3097
training/01-myciel3.txt,200,0.20,0.20,0.80,100,1,4,3097,0.056136,0.056,3097
training/01-myciel3.txt,200,0.20,0.20,0.80,50,2,0,3097,0.056077,0.056,3097
training/01-myciel3.txt,200,0.20,0.20,0.80,50,2,1,3097,0.056022,0.056,3097
training/01-myciel3.txt,200,0.20,0.20,0.80,50,2,2,3097,0.056151,0.056,3097
training/01-myciel3.txt,200,0.20,0.20,0.80,50,2,3,3097,0.05613,0.056,3097
training/01-myciel3.txt,200,0.20,0.20,0.80,50,2,4,3097,0.056092,0.056,3097
training/01-myciel3.txt,200,0.20,0.20,0.80,100,2,0,3097,0.056009,0.056,3097
training/01-myciel3.txt,200,0.20,0.20,0.80,100,2,1,3097,0.056052,0.056,3097
training/01-myciel3.txt,200,0.20,0.20,0.80,100,2,2,3097,0.056164,0.056,3097
training/01-myciel3.txt,200,0.20,0.20,0.80,100,2,3,3097,0.05617,0.056,3097
training/01-myciel3.txt,200,0.20,0.20,0.80,100,2,4,3097,0.056129,0.056,3097
training/01-myciel3.txt,200,0.25,0.10,0.70,50,1,0,3097,0.056144,0.056,3097
training/01-myciel3.txt,200,0.25,0.10,0.70,50,1,1,3097,0.056214,0.056,3097
training/01-myciel3.txt,200,0.25,0.10,0.70,50,1,2,3097,0.056204,0.056,3097
training/01-myciel3.txt,200,0.25,0.10,0.70,50,1,3,3097,0.056084,0.056,3097
training/01-myciel3.txt,200,0.25,0.10,0.70,50,1,4,3097,0.056188,0.056,3097
training/01-myciel3.txt,200,0.25,0.10,0.70,100,1,0,3097,0.056165,0.056,3097
training/01-myciel3.txt,200,0.25,0.10,0.70,100,1,1,3097,0.056203,0.056,3097
training/01-myciel3.txt,200,0.25,0.10,0.70,100,1,2,3097,0.056003,0.056,3097
training/01-myciel3.txt,200,0.25,0.10,0.70,100,1,3,3097,0.056157,0.056,3097
training/01-myciel3.txt,200,0.25,0.10,0.70,100,1,4,3097,0.056167,0.056,3097
training/01-myciel3.txt,200,0.25,0.10,0.70,50,2,0,3097,0.056107,0.056,3097
training/01-myciel3.txt,200,0.25,0.10,0.70,50,2,1,3097,0.056033,0.056,3097
training/01-myciel3.txt,200,0.25,0.10,0.70,50,2,2,3097,0.056048,0.056,3097
training/01-myciel3.txt,200,0.25,0.10,0.70,50,2,3,3097,0.056078,0.056,3097
training/01-myciel3.txt,200,0.25,0.10,0.70,50,2,4,3097,0.056036,0.056,3097
training/01-myciel3.txt,200,0.25,0.10,0.70,100,2,0,3097,0.056097,0.056,3097
training/01-myciel3.txt,200,0.25,0.10,0.70,100,2,1,3097,0.056213,0.056,3097
training/01-myciel3.txt,200,0.25,0.10,0.70,100,2,2,3097,0.05612,0.056,3097
training/01-myciel3.txt,200,0.25,0.10,0.70,100,2,3,3097,0.056041,0.056,3097
training/01-myciel3.txt,200,0.25,0.10,0.70,100,2,4,3097,0.056129,0.056,3097
training/01-myciel3.txt,200,0.25,0.10,0.80,50,1,0,3097,0.056171,0.056,3097
training/01-myciel3.txt,200,0.25,0.10,0.80,50,1,1,3097,0.056207,0.056,3097
training/01-myciel3.txt,200,0.25,0.10,0.80,50,1,2,3097,0.056194,0.056,3097
training/01-myciel3.txt,200,0.25,0.10,0.80,50,1,3,3097,0.056059,0.056,3097
training/01-myciel3.txt,200,0.25,0.10,0.80,50,1,4,3097,0.056137,0.056,3097
training/01-myciel3.txt,200,0.25,0.10,0.80,100,1,0,3097,0.056192,0.056,3097
training/01-myciel3.txt,200,0.25,0.10,0.80,100,1,1,3097,0.056019,0.056,3097
training/01-myciel3.txt,200,0.25,0.10,0.80,100,1,2,3097,0.056034,0.056,3097
training/01-myciel3.txt,200,0.25,0.10,0.80,100,1,3,3097,0.056124,0.056,3097
training/01-myciel3.txt,200,0.25,0.10,0.80,100,1,4,3097,0.056099,0.056,3097
training/01-myciel3.txt,200,0.25,0.10,0.80,50,2,0,3097,0.056008,0.056,3097
training/01-myciel3.txt,200,0.25,0.10,0.80,50,2,1,3097,0.056141,0.056,3097
training/01-myciel3.txt,200,0.25,0.10,0.80,50,2,2,3097,0.056007,0.056,3097
training/01-myciel3.txt,200,0.25,0.10,0.80,50,2,3,3097,0.056032,0.056,3097
training/01-myciel3.txt,200,0.25,0.10,0.80,50,2,4,3097,0.056127,0.056,3097
training/01-myciel3.txt,200,0.25,0.10,0.80,100,2,0,3097,0.056149,0.056,3097
training/01-myciel3.txt,200,0.25,0.10,0.80,100,2,1,3097,0.056271,0.056,3097
training/01-myciel3.txt,200,0.25,0.10,0.80,100,2,2,3097,0.056204,0.056,3097
training/01-myciel3.txt,200,0.25,0.10,0.80,100,2,3,3097,0.056082,0.056,3097
training/01-myciel3.txt,200,0.25,0.10,0.80,100,2,4,3097,0.056064,0.056,3097
training/01-myciel3.txt,200,0.25,0.20,0.70,50,1,0,3097,0.05623,0.056,3097
training/01-myciel3.txt,200,0.25,0.20,0.70,50,1,1,3097,0.056101,0.056,3097
training/01-myciel3.txt,200,0.25,0.20,0.70,50,1,2,3097,0.056141,0.056,3097
training/01-myciel3.txt,200,0.25,0.20,0.70,50,1,3,3097,0.056227,0.056,3097
training/01-myciel3.txt,200,0.25,0.20,0.70,50,1,4,3097,0.056197,0.056,3097
training/01-myciel3.txt,200,0.25,0.20,0.70,100,1,0,3097,0.056017,0.056,3097
training/01-myciel3.txt,200,0.25,0.20,0.70,100,1,1,3097,0.056105,0.056,3097
training/01-myciel3.txt,200,0.25,0.20,0.70,100,1,2,3097,0.056269,0.056,3097
training/01-myciel3.txt,200,0.25,0.20,0.70,100,1,3,3097,0.056097,0.056,3097
training/01-myciel3.txt,200,0.25,0.20,0.70,100,1,4,3097,0.05601,0.056,3097
training/01-myciel3.txt,200,0.25,0.20,0.70,50,2,0,3097,0.056069,0.056,3097
training/01-myciel3.txt,200,0.25,0.20,0.70,50,2,1,3097,0.056141,0.056,3097
training/01-myciel3.txt,200,0.25,0.20,0.70,50,2,2,3097,0.056007,0.056,3097
training/01-myciel3.txt,200,0.25,0.20,0.70,50,2,3,3097,0.056044,0.056,3097
training/01-myciel3.txt,200,0.25,0.20,0.70,50,2,4,3097,0.056018,0.056,3097
training/01-myciel3.txt,200,0.25,0.20,0.70,100,2,0,3097,0.056004,0.056,3097
training/01-myciel3.txt,200,0.25,0.20,0.70,100,2,1,3097,0.056045,0.056,3097
training/01-myciel3.txt,200,0.25,0.20,0.70,100,2,2,3097,0.056093,0.056,3097
training/01-myciel3.txt,200,0.25,0.20,0.70,100,2,3,3097,0.056175,0.056,3097
training/01-myciel3.txt,200,0.25,0.20,0.70,100,2,4,3097,0.056082,0.056,3097
training/01-myciel3.txt,200,0.25,0.20,0.80,50,1,0,3097,0.056091,0.056,3097
training/01-myciel3.txt,200,0.25,0.20,0.80,50,1,1,3097,0.056022,0.056,3097
training/01-myciel3.txt,200,0.25,0.20,0.80,50,1,2,3097,0.05605,0.056,3097
training/01-myciel3.txt,200,0.25,0.20,0.80,50,1,3,3097,0.056136,0.056,3097
training/01-myciel3.txt,200,0.25,0.20,0.80,50,1,4,3097,0.056112,0.056,3097
training/01-myciel3.txt,200,0.25,0.20,0.80,100,1,0,3097,0.056186,0.056,3097
training/01-myciel3.txt,200,0.25,0.20,0.80,100,1,1,3097,0.05617,0.056,3097
training/01-myciel3.txt,200,0.25,0.20,0.80,100,1,2,3097,0.056131,0.056,3097
training/01-myciel3.txt,200,0.25,0.20,0.80,100,1,3,3097,0.05623,0.056,3097
training/01-myciel3.txt,200,0.25,0.20,0.80,100,1,4,3097,0.056054,0.056,3097
training/01-myciel3.txt,200,0.25,0.20,0.80,50,2,0,3097,0.056038,0.056,3097
training/01-myciel3.txt,200,0.25,0.20,0.80,50,2,1,3097,0.056033,0.056,3097
training/01-myciel3.txt,200,0.25,0.20,0.80,50,2,2,3097,0.056208,0.056,3097
training/01-myciel3.txt,200,0.25,0.20,0.80,50,2,3,3097,0.056063,0.056,3097
training/01-myciel3.txt,200,0.25,0.20,0.80,50,2,4,3097,0.056148,0.056,3097
training/01-myciel3.txt,200,0.25,0.20,0.80,100,2,0,3097,0.056033,0.056,3097
training/01-myciel3.txt,200,0.25,0.20,0.80,100,2,1,3097,0.05622,0.056,3097
training/01-myciel3.txt,200,0.25,0.20,0.80,100,2,2,3097,0.056037,0.056,3097
training/01-myciel3.txt,200,0.25,0.20,0.80,100,2,3,3097,0.056093,0.056,3097
training/01-myciel3.txt,200,0.25,0.20,0.80,100,2,4,3097,0.056114,0.056,3097
training/02-myciel4.txt,100,0.20,0.10,0.70,50,1,0,2068,0.15805,0.158,2068
training/02-myciel4.txt,100,0.20,0.10,0.70,50,1,1,2068,0.158328,0.158,2068
training/02-myciel4.txt,100,0.20,0.10,0.70,50,1,2,2068,0.158319,0.158,2068
training/02-myciel4.txt,100,0.20,0.10,0.70,50,1,3,2068,0.158214,0.158,2068
training/02-myciel4.txt,100,0.20,0.10,0.70,50,1,4,2068,0.158178,0.158,2068
training/02-myciel4.txt,100,0.20,0.10,0.70,100,1,0,2068,0.158138,0.158,2068
training/02-myciel4.txt,100,0.20,0.10,0.70,100,1,1,2068,0.158136,0.158,2068
training/02-myciel4.txt,100,0.20,0.10,0.70,100,1,2,2068,0.158048,0.158,2068
training/02-myciel4.txt,100,0.20,0.10,0.70,100,1,3,2068,0.158069,0.158,2068
training/02-myciel4.txt,100,0.20,0.10,0.70,100,1,4,2068,0.158169,0.158,2068
training/02-myciel4.txt,100,0.20,0.10,0.70,50,2,0,2068,0.158453,0.158,2068
training/02-myciel4.txt,100,0.20,0.10,0.70,50,2,1,2068,0.158216,0.158,2068
training/02-myciel4.txt,100,0.20,0.10,0.70,50,2,2,2068,0.158228,0.158,2068
training/02-myciel4.txt,100,0.20,0.10,0.70,50,2,3,2068,0.15838,0.158,2068
training/02-myciel4.txt,100,0.20,0.10,0.70,50,2,4,2068,0.15832,0.158,2068
training/02-myciel4.txt,100,0.20,0.10,0.70,100,2,0,2068,0.158032,0.158,2068
training/02-myciel4.txt,100,0.20,0.10,0.70,100,2,1,2068,0.158114,0.158,2068
training/02-myciel4.txt,100,0.20,0.10,0.70,100,2,2,2068,0.158235,0.158,2068
training/02-myciel4.txt,100,0.20,0.10,0.70,100,2,3,2068,0.158026,0.158,2068
training/02-myciel4.txt,100,0.20,0.10,0.70,100,2,4,2068,0.158258,0.158,2068
training/02-myciel4.txt,100,0.20,0.10,0.80,50,1,0,2068,0.158147,0.158,2068
training/02-myciel4.txt,100,0.20,0.10,0.80,50,1,1,2068,0.15813,0.158,2068
training/02-myciel4.txt,100,0.20,0.10,0.80,50,1,2,2068,0.158484,0.158,2068
training/02-myciel4.txt,100,0.20,0.10,0.80,50,1,3,2068,0.158294,0.158,2068
training/02-myciel4.txt,100,0.20,0.10,0.80,50,1,4,2068,0.158023,0.158,2068
training/02-myciel4.txt,100,0.20,0.10,0.80,100,1,0,2068,0.158024,0.158,2068
training/02-myciel4.txt,100,0.20,0.10,0.80,100,1,1,2068,0.158375,0.158,2068
training/02-myciel4.txt,100,0.20,0.10,0.80,100,1,2,2068,0.158044,0.158,2068
training/02-myciel4.txt,100,0.20,0.10,0.80,100,1,3,2068,0.158231,0.158,2068
training/02-myciel4.txt,100,0.20,0.10,0.80,100,1,4,2068,0.158118,0.158,2068
training/02-myciel4.txt,100,0.20,0.10,0.80,50,2,0,2068,0.158101,0.158,2068
training/02-myciel4.txt,100,0.20,0.10,0.80,50,2,1,2068,0.15816,0.158,2068
training/02-myciel4.txt,100,0.20,0.10,0.80,50,2,2,2068,0.158022,0.158,2068
training/02-myciel4.txt,100,0.20,0.10,0.80,50,2,3,2068,0.15835,0.158,2068
training/02-myciel4.txt,100,0.20,0.10,0.80,50,2,4,2068,0.158136,0.158,2068
training/02-myciel4.txt,100,0.20,0.10,0.80,100,2,0,2068,0.158215,0.158,2068
training/02-myciel4.txt,100,0.20,0.10,0.80,100,2,1,2068,0.158174,0.158,2068
training/02-myciel4.txt,100,0.20,0.10,0.80,100,2,2,2068,0.158047,0.158,2068
training/02-myciel4.txt,100,0.20,0.10,0.80,100,2,3,2068,0.15819,0.158,2068
training/02-myciel4.txt,100,0.20,0.10,0.80,100,2,4,2068,0.158084,0.158,2068
training/02-myciel4.txt,100,0.20,0.20,0.70,50,1,0,2068,0.158113,0.158,2068
training/02-myciel4.txt,100,0.20,0.20,0.70,50,1,1,2068,0.158013,0.158,2068
training/02-myciel4.txt,100,0.20,0.20,0.70,50,1,2,2068,0.15824,0.158,2068
training/02-myciel4.txt,100,0.20,0.20,0.70,50,1,3,2068,0.158025,0.158,2068
training/02-myciel4.txt,100,0.20,0.20,0.70,50,1,4,2068,0.158173,0.158,2068
training/02-myciel4.txt,100,0.20,0.20,0.70,100,1,0,2068,0.158112,0.158,2068
training/02-myciel4.txt,100,0.20,0.20,0.70,100,1,1,2068,0.158249,0.158,2068
training/02-myciel4.txt,100,0.20,0.20,0.70,100,1,2,2068,0.158133,0.158,2068
training/02-myciel4.txt,100,0.20,0.20,0.70,100,1,3,2068,0.158146,0.158,2068
training/02-myciel4.txt,100,0.20,0.20,0.70,100,1,4,2068,0.158198,0.158,2068
training/02-myciel4.txt,100,0.20,0.20,0.70,50,2,0,2068,0.158711,0.158,2068
training/02-myciel4.txt,100,0.20,0.20,0.70,50,2,1,2068,0.158344,0.158,2068
training/02-myciel4.txt,100,0.20,0.20,0.70,50,2,2,2068,0.158283,0.158,2068
training/02-myciel4.txt,100,0.20,0.20,0.70,50,2,3,2068,0.158267,0.158,2068
training/02-myciel4.txt,100,0.20,0.20,0.70,50,2,4,2068,0.158045,0.158,2068
training/02-myciel4.txt,100,0.20,0.20,0.70,100,2,0,2068,0.158021,0.158,2068
training/02-myciel4.txt,100,0.20,0.20,0.70,100,2,1,2068,0.158311,0.158,2068
training/02-myciel4.txt,100,0.20,0.20,0.70,100,2,2,2068,0.158222,0.158,2068
training/02-myciel4.txt,100,0.20,0.20,0.70,100,2,3,2068,0.158228,0.158,2068
training/02-myciel4.txt,100,0.20,0.20,0.70,100,2,4,2068,0.158238,0.158,2068
training/02-myciel4.txt,100,0.20,0.20,0.80,50,1,0,2068,0.15828,0.158,2068
training/02-myciel4.txt,100,0.20,0.20,0.80,50,1,1,2068,0.158008,0.158,2068
training/02-myciel4.txt,100,0.20,0.20,0.80,50,1,2,2068,0.158134,0.158,2068
training/02-myciel4.txt,100,0.20,0.20,0.80,50,1,3,2068,0.158237,0.158,2068
training/02-myciel4.txt,100,0.20,0.20,0.80,50,1,4,2068,0.158123,0.158,2068
training/02-myciel4.txt,100,0.20,0.20,0.80,100,1,0,2068,0.158338,0.158,2068
training/02-myciel4.txt,100,0.20,0.20,0.80,100,1,1,2068,0.158054,0.158,2068
training/02-myciel4.txt,100,0.20,0.20,0.80,100,1,2,2068,0.158296,0.158,2068
training/02-myciel4.txt,100,0.20,0.20,0.80,100,1,3,2068,0.15832,0.158,2068
training/02-myciel4.txt,100,0.20,0.20,0.80,100,1,4,2068,0.158128,0.158,2068
training/02-myciel4.txt,100,0.20,0.20,0.80,50,2,0,2068,0.158089,0.158,2068
training/02-myciel4.txt,100,0.20,0.20,0.80,50,2,1,2068,0.158132,0.158,2068
training/02-myciel4.txt,100,0.20,0.20,0.80,50,2,2,2068,0.158715,0.158,2068
training/02-myciel4.txt,100,0.20,0.20,0.80,50,2,3,2068,0.158226,0.158,2068
training/02-myciel4.txt,100,0.20,0.20,0.80,50,2,4,2068,0.158176,0.158,2068
training/02-myciel4.txt,100,0.20,0.20,0.80,100,2,0,2068,0.158217,0.158,2068
training/02-myciel4.txt,100,0.20,0.20,0.80,100,2,1,2068,0.158152,0.158,2068
training/02-myciel4.txt,100,0.20,0.20,0.80,100,2,2,2068,0.158091,0.158,2068
training/02-myciel4.txt,100,0.20,0.20,0.80,100,2,3,2068,0.158042,0.158,2068
training/02-myciel4.txt,100,0.20,0.20,0.80,100,2,4,2068,0.158038,0.158,2068
training/02-myciel4.txt,100,0.25,0.10,0.70,50,1,0,2068,0.158197,0.158,2068
training/02-myciel4.txt,100,0.25,0.10,0.70,50,1,1,2068,0.158064,0.158,2068
training/02-myciel4.txt,100,0.25,0.10,0.70,50,1,2,2068,0.158315,0.158,2068
training/02-myciel4.txt,100,0.25,0.10,0.70,50,1,3,2068,0.158391,0.158,2068
training/02-myciel4.txt,100,0.25,0.10,0.70,50,1,4,2068,0.158243,0.158,2068
training/02-myciel4.txt,100,0.25,0.10,0.70,100,1,0,2068,0.158172,0.158,2068
training/02-myciel4.txt,100,0.25,0.10,0.70,100,1,1,2068,0.15826,0.158,2068
training/02-myciel4.txt,100,0.25,0.10,0.70,100,1,2,2068,0.158204,0.158,2068
training/02-myciel4.txt,100,0.25,0.10,0.70,100,1,3,2068,0.158189,0.158,2068
training/02-myciel4.txt,100,0.25,0.10,0.70,100,1,4,2068,0.158032,0.158,2068
training/02-myciel4.txt,100,0.25,0.10,0.70,50,2,0,2068,0.158024,0.158,2068
training/02-myciel4.txt,100,0.25,0.10,0.70,50,2,1,2068,0.158152,0.158,2068
training/02-myciel4.txt,100,0.25,0.10,0.70,50,2,2,2068,0.15805,0.158,2068
training/02-myciel4.txt,100,0.25,0.10,0.70,50,2,3,2068,0.15812,0.158,2068
training/02-myciel4.txt,100,0.25,0.10,0.70,50,2,4,2068,0.158063,0.158,2068
training/02-myciel4.txt,100,0.25,0.10,0.70,100,2,0,2068,0.158279,0.158,2068
training/02-myciel4.txt,100,0.25,0.10,0.70,100,2,1,2068,0.158255,0.158,2068
training/02-myciel4.txt,100,0.25,0.10,0.70,100,2,2,2068,0.158275,0.158,2068
training/02-myciel4.txt,100,0.25,0.10,0.70,100,2,3,2068,0.158236,0.158,2068
training/02-myciel4.txt,100,0.25,0.10,0.70,100,2,4,2068,0.158084,0.158,2068
training/02-myciel4.txt,100,0.25,0.10,0.80,50,1,0,2068,0.158064,0.158,2068
training/02-myciel4.txt,100,0.25,0.10,0.80,50,1,1,2068,0.158045,0.158,2068
training/02-myciel4.txt,100,0.25,0.10,0.80,50,1,2,2068,0.158309,0.158,2068
training/02-myciel4.txt,100,0.25,0.10,0.80,50,1,3,2068,0.158156,0.158,2068
training/02-myciel4.txt,100,0.25,0.10,0.80,50,1,4,2068,0.15831,0.158,2068
training/02-myciel4.txt,100,0.25,0.10,0.80,100,1,0,2068,0.15802,0.158,2068
training/02-myciel4.txt,100,0.25,0.10,0.80,100,1,1,2068,0.158068,0.158,2068
training/02-myciel4.txt,100,0.25,0.10,0.80,100,1,2,2068,0.158115,0.158,2068
training/02-myciel4.txt,100,0.25,0.10,0.80,100,1,3,2068,0.158262,0.158,2068
training/02-myciel4.txt,100,0.25,0.10,0.80,100,1,4,2068,0.15801,0.158,2068
training/02-myciel4.txt,100,0.25,0.10,0.80,50,2,0,2068,0.158309,0.158,2068
training/02-myciel4.txt,100,0.25,0.10,0.80,50,2,1,2068,0.158147,0.158,2068
training/02-myciel4.txt,100,0.25,0.10,0.80,50,2,2,2068,0.158204,0.158,2068
training/02-myciel4.txt,100,0.25,0.10,0.80,50,2,3,2068,0.158276,0.158,2068
training/02-myciel4.txt,100,0.25,0.10,0.80,50,2,4,2068,0.158116,0.158,2068
training/02-myciel4.txt,100,0.25,0.10,0.80,100,2,0,2068,0.158159,0.158,2068
training/02-myciel4.txt,100,0.25,0.10,0.80,100,2,1,2068,0.158119,0.158,2068
training/02-myciel4.txt,100,0.25,0.10,0.80,100,2,2,2068,0.158195,0.158,2068
training/02-myciel4.txt,100,0.25,0.10,0.80,100,2,3,2068,0.158048,0.158,2068
training/02-myciel4.txt,100,0.25,0.10,0.80,100,2,4,2068,0.158328,0.158,2068
training/02-myciel4.txt,100,0.25,0.20,0.70,50,1,0,2068,0.15817,0.158,2068
training/02-myciel4.txt,100,0.25,0.20,0.70,50,1,1,2068,0.158209,0.158,2068
training/02-myciel4.txt,100,0.25,0.20,0.70,50,1,2,2068,0.15829,0.158,2068
training/02-myciel4.txt,100,0.25,0.20,0.70,50,1,3,2068,0.158035,0.158,2068
training/02-myciel4.txt,100,0.25,0.20,0.70,50,1,4,2068,0.158087,0.158,2068
training/02-myciel4.txt,100,0.25,0.20,0.70,100,1,0,2068,0.158187,0.158,2068
training/02-myciel4.txt,100,0.25,0.20,0.70,100,1,1,2068,0.158217,0.158,2068
training/02-myciel4.txt,100,0.25,0.20,0.70,100,1,2,2068,0.15835,0.158,2068
training/02-myciel4.txt,100,0.25,0.20,0.70,100,1,3,2068,0.158271,0.158,2068
training/02-myciel4.txt,100,0.25,0.20,0.70,100,1,4,2068,0.158206,0.158,2068
training/02-myciel4.txt,100,0.25,0.20,0.70,50,2,0,2068,0.158081,0.158,2068
training/02-myciel4.txt,100,0.25,0.20,0.70,50,2,1,2068,0.158144,0.158,2068
training/02-myciel4.txt,100,0.25,0.20,0.70,50,2,2,2068,0.158311,0.158,2068
training/02-myciel4.txt,100,0.25,0.20,0.70,50,2,3,2068,0.158124,0.158,2068
training/02-myciel4.txt,100,0.25,0.20,0.70,50,2,4,2068,0.158043,0.158,2068
training/02-myciel4.txt,100,0.25,0.20,0.70,100,2,0,2068,0.158074,0.158,2068
training/02-myciel4.txt,100,0.25,0.20,0.70,100,2,1,2068,0.158095,0.158,2068
training/02-myciel4.txt,100,0.25,0.20,0.70,100,2,2,2068,0.158248,0.158,2068
training/02-myciel4.txt,100,0.25,0.20,0.70,100,2,3,2068,0.158303,0.158,2068
training/02-myciel4.txt,100,0.25,0.20,0.70,100,2,4,2068,0.158184,0.158,2068
training/02-myciel4.txt,100,0.25,0.20,0.80,50,1,0,2068,0.158098,0.158,2068
training/02-myciel4.txt,100,0.25,0.20,0.80,50,1,1,2068,0.158045,0.158,2068
training/02-myciel4.txt,100,0.25,0.20,0.80,50,1,2,2068,0.158137,0.158,2068
training/02-myciel4.txt,100,0.25,0.20,0.80,50,1,3,2068,0.158133,0.158,2068
training/02-myciel4.txt,100,0.25,0.20,0.80,50,1,4,2068,0.158315,0.158,2068
training/02-myciel4.txt,100,0.25,0.20,0.80,100,1,0,2068,0.158148,0.158,2068
training/02-myciel4.txt,100,0.25,0.20,0.80,100,1,1,2068,0.158204,0.158,2068
training/02-myciel4.txt,100,0.25,0.20,0.80,100,1,2,2068,0.158067,0.158,2068
training/02-myciel4.txt,100,0.25,0.20,0.80,100,1,3,2068,0.158074,0.158,2068
training/02-myciel4.txt,100,0.25,0.20,0.80,100,1,4,2068,0.158265,0.158,2068
training/02-myciel4.txt,100,0.25,0.20,0.80,50,2,0,2068,0.158356,0.158,2068
training/02-myciel4.txt,100,0.25,0.20,0.80,50,2,1,2068,0.158268,0.158,2068
training/02-myciel4.txt,100,0.25,0.20,0.80,50,2,2,2068,0.158264,0.158,2068
training/02-myciel4.txt,100,0.25,0.20,0.80,50,2,3,2068,0.158362,0.158,2068
training/02-myciel4.txt,100,0.25,0.20,0.80,50,2,4,2068,0.158042,0.158,2068
training/02-myciel4.txt,100,0.25,0.20,0.80,100,2,0,2068,0.158131,0.158,2068
training/02-myciel4.txt,100,0.25,0.20,0.80,100,2,1,2068,0.158279,0.158,2068
training/02-myciel4.txt,100,0.25,0.20,0.80,100,2,2,2068,0.158311,0.158,2068
training/02-myciel4.txt,100,0.25,0.20,0.80,100,2,3,2068,0.158189,0.158,2068
training/02-myciel4.txt,100,0.25,0.20,0.80,100,2,4,2068,0.158252,0.158,2068
training/02-myciel4.txt,150,0.20,0.10,0.70,50,1,0,2068,0.15811,0.158,2068
training/02-myciel4.txt,150,0.20,0.10,0.70,50,1,1,2068,0.158069,0.158,2068
training/02-myciel4.txt,150,0.20,0.10,0.70,50,1,2,2068,0.158071,0.158,2068
training/02-myciel4.txt,150,0.20,0.10,0.70,50,1,3,2068,0.158167,0.158,2068
training/02-myciel4.txt,150,0.20,0.10,0.70,50,1,4,2068,0.158266,0.158,2068
training/02-myciel4.txt,150,0.20,0.10,0.70,100,1,0,2068,0.158383,0.158,2068
training/02-myciel4.txt,150,0.20,0.10,0.70,100,1,1,2068,0.159108,0.158,2068
training/02-myciel4.txt,150,0.20,0.10,0.70,100,1,2,2068,0.158967,0.158,2068
training/02-myciel4.txt,150,0.20,0.10,0.70,100,1,3,2068,0.158419,0.158,2068
training/02-myciel4.txt,150,0.20,0.10,0.70,100,1,4,2068,0.158325,0.158,2068
training/02-myciel4.txt,150,0.20,0.10,0.70,50,2,0,2068,0.158189,0.158,2068
training/02-myciel4.txt,150,0.20,0.10,0.70,50,2,1,2068,0.15862,0.158,2068
training/02-myciel4.txt,150,0.20,0.10,0.70,50,2,2,2068,0.158254,0.158,2068
training/02-myciel4.txt,150,0.20,0.10,0.70,50,2,3,2068,0.158198,0.158,2068
training/02-myciel4.txt,150,0.20,0.10,0.70,50,2,4,2068,0.158238,0.158,2068
training/02-myciel4.txt,150,0.20,0.10,0.70,100,2,0,2068,0.158386,0.158,2068
training/02-myciel4.txt,150,0.20,0.10,0.70,100,2,1,2068,0.158169,0.158,2068
training/02-myciel4.txt,150,0.20,0.10,0.70,100,2,2,2068,0.158392,0.158,2068
training/02-myciel4.txt,150,0.20,0.10,0.70,100,2,3,2068,0.158045,0.158,2068
training/02-myciel4.txt,150,0.20,0.10,0.70,100,2,4,2068,0.15835,0.158,2068
training/02-myciel4.txt,150,0.20,0.10,0.80,50,1,0,2068,0.158531,0.158,2068
training/02-myciel4.txt,150,0.20,0.10,0.80,50,1,1,2068,0.158428,0.158,2068
training/02-myciel4.txt,150,0.20,0.10,0.80,50,1,2,2068,0.158361,0.158,2068
training/02-myciel4.txt,150,0.20,0.10,0.80,50,1,3,2068,0.158569,0.158,2068
training/02-myciel4.txt,150,0.20,0.10,0.80,50,1,4,2068,0.158135,0.158,2068
training/02-myciel4.txt,150,0.20,0.10,0.80,100,1,0,2068,0.15831,0.158,2068
training/02-myciel4.txt,150,0.20,0.10,0.80,100,1,1,2068,0.158275,0.158,2068
training/02-myciel4.txt,150,0.20,0.10,0.80,100,1,2,2068,0.158132,0.158,2068
training/02-myciel4.txt,150,0.20,0.10,0.80,100,1,3,2068,0.158534,0.158,2068
training/02-myciel4.txt,150,0.20,0.10,0.80,100,1,4,2068,0.158313,0.158,2068
training/02-myciel4.txt,150,0.20,0.10,0.80,50,2,0,2068,0.158057,0.158,2068
training/02-myciel4.txt,150,0.20,0.10,0.80,50,2,1,2068,0.158151,0.158,2068
training/02-myciel4.txt,150,0.20,0.10,0.80,50,2,2,2068,0.158494,0.158,2068
training/02-myciel4.txt,150,0.20,0.10,0.80,50,2,3,2068,0.158079,0.158,2068
training/02-myciel4.txt,150,0.20,0.10,0.80,50,2,4,2068,0.158071,0.158,2068
training/02-myciel4.txt,150,0.20,0.10,0.80,100,2,0,2068,0.158526,0.158,2068
training/02-myciel4.txt,150,0.20,0.10,0.80,100,2,1,2068,0.158147,0.158,2068
training/02-myciel4.txt,150,0.20,0.10,0.80,100,2,2,2068,0.158317,0.158,2068
training/02-myciel4.txt,150,0.20,0.10,0.80,100,2,3,2068,0.158031,0.158,2068
training/02-myciel4.txt,150,0.20,0.10,0.80,100,2,4,2068,0.158124,0.158,2068
training/02-myciel4.txt,150,0.20,0.20,0.70,50,1,0,2068,0.158306,0.158,2068
training/02-myciel4.txt,150,0.20,0.20,0.70,50,1,1,2068,0.158067,0.158,2068
training/02-myciel4.txt,150,0.20,0.20,0.70,50,1,2,2068,0.158436,0.158,2068
training/02-myciel4.txt,150,0.20,0.20,0.70,50,1,3,2068,0.158417,0.158,2068
training/02-myciel4.txt,150,0.20,0.20,0.70,50,1,4,2068,0.158111,0.158,2068
training/02-myciel4.txt,150,0.20,0.20,0.70,100,1,0,2068,0.158174,0.158,2068
training/02-myciel4.txt,150,0.20,0.20,0.70,100,1,1,2068,0.158509,0.158,2068
training/02-myciel4.txt,150,0.20,0.20,0.70,100,1,2,2068,0.158373,0.158,2068
training/02-myciel4.txt,150,0.20,0.20,0.70,100,1,3,2068,0.15915,0.158,2068
training/02-myciel4.txt,150,0.20,0.20,0.70,100,1,4,2068,0.158299,0.158,2068
training/02-myciel4.txt,150,0.20,0.20,0.70,50,2,0,2068,0.158258,0.158,2068
training/02-myciel4.txt,150,0.20,0.20,0.70,50,2,1,2068,0.15827,0.158,2068
training/02-myciel4.txt,150,0.20,0.20,0.70,50,2,2,2068,0.158509,0.158,2068
training/02-myciel4.txt,150,0.20,0.20,0.70,50,2,3,2068,0.158168,0.158,2068
training/02-myciel4.txt,150,0.20,0.20,0.70,50,2,4,2068,0.158368,0.158,2068
training/02-myciel4.txt,150,0.20,0.20,0.70,100,2,0,2068,0.158265,0.158,2068
training/02-myciel4.txt,150,0.20,0.20,0.70,100,2,1,2068,0.158969,0.158,2068
training/02-myciel4.txt,150,0.20,0.20,0.70,100,2,2,2068,0.158294,0.158,2068
training/02-myciel4.txt,150,0.20,0.20,0.70,100,2,3,2068,0.158352,0.158,2068
training/02-myciel4.txt,150,0.20,0.20,0.70,100,2,4,2068,0.158486,0.158,2068
training/02-myciel4.txt,150,0.20,0.20,0.80,50,1,0,2068,0.158398,0.158,2068
training/02-myciel4.txt,150,0.20,0.20,0.80,50,1,1,2068,0.158096,0.158,2068
training/02-myciel4.txt,150,0.20,0.20,0.80,50,1,2,2068,0.1582,0.158,2068
training/02-myciel4.txt,150,0.20,0.20,0.80,50,1,3,2068,0.15826,0.158,2068
training/02-myciel4.txt,150,0.20,0.20,0.80,50,1,4,2068,0.158491,0.158,2068
training/02-myciel4.txt,150,0.20,0.20,0.80,100,1,0,2068,0.158125,0.158,2068
training/02-myciel4.txt,150,0.20,0.20,0.80,100,1,1,2068,0.158067,0.158,2068
training/02-myciel4.txt,150,0.20,0.20,0.80,100,1,2,2068,0.158267,0.158,2068
training/02-myciel4.txt,150,0.20,0.20,0.80,100,1,3,2068,0.158095,0.158,2068
training/02-myciel4.txt,150,0.20,0.20,0.80,100,1,4,2068,0.158324,0.158,2068
training/02-myciel4.txt,150,0.20,0.20,0.80,50,2,0,2068,0.159216,0.158,2068
training/02-myciel4.txt,150,0.20,0.20,0.80,50,2,1,2068,0.158422,0.158,2068
training/02-myciel4.txt,150,0.20,0.20,0.80,50,2,2,2068,0.158193,0.158,2068
training/02-myciel4.txt,150,0.20,0.20,0.80,50,2,3,2068,0.158169,0.158,2068
training/02-myciel4.txt,150,0.20,0.20,0.80,50,2,4,2068,0.159081,0.158,2068
training/02-myciel4.txt,150,0.20,0.20,0.80,100,2,0,2068,0.158572,0.158,2068
training/02-myciel4.txt,150,0.20,0.20,0.80,100,2,1,2068,0.158381,0.158,2068
training/02-myciel4.txt,150,0.20,0.20,0.80,100,2,2,2068,0.158292,0.158,2068
training/02-myciel4.txt,150,0.20,0.20,0.80,100,2,3,2068,0.158598,0.158,2068
training/02-myciel4.txt,150,0.20,0.20,0.80,100,2,4,2068,0.158315,0.158,2068
training/02-myciel4.txt,150,0.25,0.10,0.70,50,1,0,2068,0.158234,0.158,2068
training/02-myciel4.txt,150,0.25,0.10,0.70,50,1,1,2068,0.158159,0.158,2068
training/02-myciel4.txt,150,0.25,0.10,0.70,50,1,2,2068,0.158166,0.158,2068
training/02-myciel4.txt,150,0.25,0.10,0.70,50,1,3,2068,0.158375,0.158,2068
training/02-myciel4.txt,150,0.25,0.10,0.70,50,1,4,2068,0.158256,0.158,2068
training/02-myciel4.txt,150,0.25,0.10,0.70,100,1,0,2068,0.158009,0.158,2068
training/02-myciel4.txt,150,0.25,0.10,0.70,100,1,1,2068,0.158068,0.158,2068
training/02-myciel4.txt,150,0.25,0.10,0.70,100,1,2,2068,0.158146,0.158,2068
training/02-myciel4.txt,150,0.25,0.10,0.70,100,1,3,2068,0.158394,0.158,2068
training/02-myciel4.txt,150,0.25,0.10,0.70,100,1,4,2068,0.158432,0.158,2068
training/02-myciel4.txt,150,0.25,0.10,0.70,50,2,0,2068,0.158111,0.158,2068
training/02-myciel4.txt,150,0.25,0.10,0.70,50,2,1,2068,0.158113,0.158,2068
training/02-myciel4.txt,150,0.25,0.10,0.70,50,2,2,2068,0.158322,0.158,2068
training/02-myciel4.txt,150,0.25,0.10,0.70,50,2,3,2068,0.158268,0.158,2068
training/02-myciel4.txt,150,0.25,0.10,0.70,50,2,4,2068,0.158183,0.158,2068
training/02-myciel4.txt,150,0.25,0.10,0.70,100,2,0,2068,0.158116,0.158,2068
training/02-myciel4.txt,150,0.25,0.10,0.70,100,2,1,2068,0.158185,0.158,2068
training/02-myciel4.txt,150,0.25,0.10,0.70,100,2,2,2068,0.158389,0.158,2068
training/02-myciel4.txt,150,0.25,0.10,0.70,100,2,3,2068,0.158502,0.158,2068
training/02-myciel4.txt,150,0.25,0.10,0.70,100,2,4,2068,0.158344,0.158,2068
training/02-myciel4.txt,150,0.25,0.10,0.80,50,1,0,2068,0.158241,0.158,2068
training/02-myciel4.txt,150,0.25,0.10,0.80,50,1,1,2068,0.158377,0.158,2068
training/02-myciel4.txt,150,0.25,0.10,0.80,50,1,2,2068,0.158273,0.158,2068
training/02-myciel4.txt,150,0.25,0.10,0.80,50,1,3,2068,0.158144,0.158,2068
training/02-myciel4.txt,150,0.25,0.10,0.80,50,1,4,2068,0.158099,0.158,2068
training/02-myciel4.txt,150,0.25,0.10,0.80,100,1,0,2068,0.158284,0.158,2068
training/02-myciel4.txt,150,0.25,0.10,0.80,100,1,1,2068,0.15841,0.158,2068
training/02-myciel4.txt,150,0.25,0.10,0.80,100,1,2,2068,0.158293,0.158,2068
training/02-myciel4.txt,150,0.25,0.10,0.80,100,1,3,2068,0.158294,0.158,2068
training/02-myciel4.txt,150,0.25,0.10,0.80,100,1,4,2068,0.15806,0.158,2068
training/02-myciel4.txt,150,0.25,0.10,0.80,50,2,0,2068,0.158193,0.158,2068
training/02-myciel4.txt,150,0.25,0.10,0.80,50,2,1,2068,0.158124,0.158,2068
training/02-myciel4.txt,150,0.25,0.10,0.80,50,2,2,2068,0.15811,0.158,2068
training/02-myciel4.txt,150,0.25,0.10,0.80,50,2,3,2068,0.158449,0.158,2068
training/02-myciel4.txt,150,0.25,0.10,0.80,50,2,4,2068,0.158481,0.158,2068
training/02-myciel4.txt,150,0.25,0.10,0.80,100,2,0,2068,0.158092,0.158,2068
training/02-myciel4.txt,150,0.25,0.10,0.80,100,2,1,2068,0.158325,0.158,2068
training/02-myciel4.txt,150,0.25,0.10,0.80,100,2,2,2068,0.158373,0.158,2068
training/02-myciel4.txt,150,0.25,0.10,0.80,100,2,3,2068,0.158272,0.158,2068
training/02-myciel4.txt,150,0.25,0.10,0.80,100,2,4,2068,0.158188,0.158,2068
training/02-myciel4.txt,150,0.25,0.20,0.70,50,1,0,2068,0.158134,0.158,2068
training/02-myciel4.txt,150,0.25,0.20,0.70,50,1,1,2068,0.158475,0.158,2068
training/02-myciel4.txt,150,0.25,0.20,0.70,50,1,2,2068,0.158014,0.158,2068
training/02-myciel4.txt,150,0.25,0.20,0.70,50,1,3,2068,0.158029,0.158,2068
training/02-myciel4.txt,150,0.25,0.20,0.70,50,1,4,2068,0.158253,0.158,2068
training/02-myciel4.txt,150,0.25,0.20,0.70,100,1,0,2068,0.158027,0.158,2068
training/02-myciel4.txt,150,0.25,0.20,0.70,100,1,1,2068,0.158006,0.158,2068
training/02-myciel4.txt,150,0.25,0.20,0.70,100,1,2,2068,0.15815,0.158,2068
training/02-myciel4.txt,150,0.25,0.20,0.70,100,1,3,2068,0.15812,0.158,2068
training/02-myciel4.txt,150,0.25,0.20,0.70,100,1,4,2068,0.158034,0.158,2068
training/02-myciel4.txt,150,0.25,0.20,0.70,50,2,0,2068,0.158224,0.158,2068
training/02-myciel4.txt,150,0.25,0.20,0.70,50,2,1,2068,0.158478,0.158,2068
training/02-myciel4.txt,150,0.25,0.20,0.70,50,2,2,2068,0.158367,0.158,2068
training/02-myciel4.txt,150,0.25,0.20,0.70,50,2,3,2068,0.158402,0.158,2068
training/02-myciel4.txt,150,0.25,0.20,0.70,50,2,4,2068,0.158409,0.158,2068
training/02-myciel4.txt,150,0.25,0.20,0.70,100,2,0,2068,0.158332,0.158,2068
training/02-myciel4.txt,150,0.25,0.20,0.70,100,2,1,2068,0.158336,0.158,2068
training/02-myciel4.txt,150,0.25,0.20,0.70,100,2,2,2068,0.158409,0.158,2068
training/02-myciel4.txt,150,0.25,0.20,0.70,100,2,3,2068,0.158454,0.158,2068
training/02-myciel4.txt,150,0.25,0.20,0.70,100,2,4,2068,0.158177,0.158,2068
training/02-myciel4.txt,150,0.25,0.20,0.80,50,1,0,2068,0.158133,0.158,2068
training/02-myciel4.txt,150,0.25,0.20,0.80,50,1,1,2068,0.158128,0.158,2068
training/02-myciel4.txt,150,0.25,0.20,0.80,50,1,2,2068,0.158509,0.158,2068
training/02-myciel4.txt,150,0.25,0.20,0.80,50,1,3,2068,0.158424,0.158,2068
training/02-myciel4.txt,150,0.25,0.20,0.80,50,1,4,2068,0.158376,0.158,2068
training/02-myciel4.txt,150,0.25,0.20,0.80,100,1,0,2068,0.158196,0.158,2068
training/02-myciel4.txt,150,0.25,0.20,0.80,100,1,1,2068,0.15812,0.158,2068
training/02-myciel4.txt,150,0.25,0.20,0.80,100,1,2,2068,0.158454,0.158,2068
training/02-myciel4.txt,150,0.25,0.20,0.80,100,1,3,2068,0.158201,0.158,2068
training/02-myciel4.txt,150,0.25,0.20,0.80,100,1,4,2068,0.158045,0.158,2068
training/02-myciel4.txt,150,0.25,0.20,0.80,50,2,0,2068,0.158334,0.158,2068
training/02-myciel4.txt,150,0.25,0.20,0.80,50,2,1,2068,0.158398,0.158,2068
training/02-myciel4.txt,150,0.25,0.20,0.80,50,2,2,2068,0.158322,0.158,2068
training/02-myciel4.txt,150,0.25,0.20,0.80,50,2,3,2068,0.15805,0.158,2068
training/02-myciel4.txt,150,0.25,0.20,0.80,50,2,4,2068,0.158242,0.158,2068
training/02-myciel4.txt,150,0.25,0.20,0.80,100,2,0,2068,0.158217,0.158,2068
training/02-myciel4.txt,150,0.25,0.20,0.80,100,2,1,2068,0.158015,0.158,2068
training/02-myciel4.txt,150,0.25,0.20,0.80,100,2,2,2068,0.158275,0.158,2068
training/02-myciel4.txt,150,0.25,0.20,0.80,100,2,3,2068,0.158178,0.158,2068
training/02-myciel4.txt,150,0.25,0.20,0.80,100,2,4,2068,0.158417,0.158,2068
training/02-myciel4.txt,200,0.20,0.10,0.70,50,1,0,2068,0.158727,0.158,2068
training/02-myciel4.txt,200,0.20,0.10,0.70,50,1,1,2068,0.158325,0.158,2068
training/02-myciel4.txt,200,0.20,0.10,0.70,50,1,2,2068,0.158057,0.158,2068
training/02-myciel4.txt,200,0.20,0.10,0.70,50,1,3,2068,0.158141,0.158,2068
training/02-myciel4.txt,200,0.20,0.10,0.70,50,1,4,2068,0.158891,0.158,2068
training/02-myciel4.txt,200,0.20,0.10,0.70,100,1,0,2068,0.15825,0.158,2068
training/02-myciel4.txt,200,0.20,0.10,0.70,100,1,1,2068,0.158254,0.158,2068
training/02-myciel4.txt,200,0.20,0.10,0.70,100,1,2,2068,0.158184,0.158,2068
training/02-myciel4.txt,200,0.20,0.10,0.70,100,1,3,2068,0.158597,0.158,2068
training/02-myciel4.txt,200,0.20,0.10,0.70,100,1,4,2068,0.158322,0.158,2068
training/02-myciel4.txt,200,0.20,0.10,0.70,50,2,0,2068,0.158176,0.158,2068
training/02-myciel4.txt,200,0.20,0.10,0.70,50,2,1,2068,0.158551,0.158,2068
training/02-myciel4.txt,200,0.20,0.10,0.70,50,2,2,2068,0.158481,0.158,2068
training/02-myciel4.txt,200,0.20,0.10,0.70,50,2,3,2068,0.158683,0.158,2068
training/02-myciel4.txt,200,0.20,0.10,0.70,50,2,4,2068,0.158265,0.158,2068
training/02-myciel4.txt,200,0.20,0.10,0.70,100,2,0,2068,0.158566,0.158,2068
training/02-myciel4.txt,200,0.20,0.10,0.70,100,2,1,2068,0.158088,0.158,2068
training/02-myciel4.txt,200,0.20,0.10,0.70,100,2,2,2068,0.158249,0.158,2068
training/02-myciel4.txt,200,0.20,0.10,0.70,100,2,3,2068,0.158556,0.158,2068
training/02-myciel4.txt,200,0.20,0.10,0.70,100,2,4,2068,0.158625,0.158,2068
training/02-myciel4.txt,200,0.20,0.10,0.80,50,1,0,2068,0.158337,0.158,2068
training/02-myciel4.txt,200,0.20,0.10,0.80,50,1,1,2068,0.158007,0.158,2068
training/02-myciel4.txt,200,0.20,0.10,0.80,50,1,2,2068,0.158233,0.158,2068
training/02-myciel4.txt,200,0.20,0.10,0.80,50,1,3,2068,0.158174,0.158,2068
training/02-myciel4.txt,200,0.20,0.10,0.80,50,1,4,2068,0.158142,0.158,2068
training/02-myciel4.txt,200,0.20,0.10,0.80,100,1,0,2068,0.158631,0.158,2068
training/02-myciel4.txt,200,0.20,0.10,0.80,100,1,1,2068,0.158589,0.158,2068
training/02-myciel4.txt,200,0.20,0.10,0.80,100,1,2,2068,0.158094,0.158,2068
training/02-myciel4.txt,200,0.20,0.10,0.80,100,1,3,2068,0.158474,0.158,2068
training/02-myciel4.txt,200,0.20,0.10,0.80,100,1,4,2068,0.158693,0.158,2068
training/02-myciel4.txt,200,0.20,0.10,0.80,50,2,0,2068,0.1584,0.158,2068
training/02-myciel4.txt,200,0.20,0.10,0.80,50,2,1,2068,0.158288,0.158,2068
training/02-myciel4.txt,200,0.20,0.10,0.80,50,2,2,2068,0.158021,0.158,2068
training/02-myciel4.txt,200,0.20,0.10,0.80,50,2,3,2068,0.158552,0.158,2068
training/02-myciel4.txt,200,0.20,0.10,0.80,50,2,4,2068,0.158541,0.158,2068
training/02-myciel4.txt,200,0.20,0.10,0.80,100,2,0,2068,0.158456,0.158,2068
training/02-myciel4.txt,200,0.20,0.10,0.80,100,2,1,2068,0.158631,0.158,2068
training/02-myciel4.txt,200,0.20,0.10,0.80,100,2,2,2068,0.15851,0.158,2068
training/02-myciel4.txt,200,0.20,0.10,0.80,100,2,3,2068,0.158064,0.158,2068
training/02-myciel4.txt,200,0.20,0.10,0.80,100,2,4,2068,0.158474,0.158,2068
training/02-myciel4.txt,200,0.20,0.20,0.70,50,1,0,2068,0.158094,0.158,2068
training/02-myciel4.txt,200,0.20,0.20,0.70,50,1,1,2068,0.158176,0.158,2068
training/02-myciel4.txt,200,0.20,0.20,0.70,50,1,2,2068,0.158375,0.158,2068
training/02-myciel4.txt,200,0.20,0.20,0.70,50,1,3,2068,0.158613,0.158,2068
training/02-myciel4.txt,200,0.20,0.20,0.70,50,1,4,2068,0.158619,0.158,2068
training/02-myciel4.txt,200,0.20,0.20,0.70,100,1,0,2068,0.15842,0.158,2068
training/02-myciel4.txt,200,0.20,0.20,0.70,100,1,1,2068,0.158332,0.158,2068
training/02-myciel4.txt,200,0.20,0.20,0.70,100,1,2,2068,0.158323,0.158,2068
training/02-myciel4.txt,200,0.20,0.20,0.70,100,1,3,2068,0.158515,0.158,2068
training/02-myciel4.txt,200,0.20,0.20,0.70,100,1,4,2068,0.158052,0.158,2068
training/02-myciel4.txt,200,0.20,0.20,0.70,50,2,0,2068,0.15801,0.158,2068
training/02-myciel4.txt,200,0.20,0.20,0.70,50,2,1,2068,0.158747,0.158,2068
training/02-myciel4.txt,200,0.20,0.20,0.70,50,2,2,2068,0.15853,0.158,2068
training/02-myciel4.txt,200,0.20,0.20,0.70,50,2,3,2068,0.15847,0.158,2068
training/02-myciel4.txt,200,0.20,0.20,0.70,50,2,4,2068,0.15816,0.158,2068
training/02-myciel4.txt,200,0.20,0.20,0.70,100,2,0,2068,0.158216,0.158,2068
training/02-myciel4.txt,200,0.20,0.20,0.70,100,2,1,2068,0.158148,0.158,2068
training/02-myciel4.txt,200,0.20,0.20,0.70,100,2,2,2068,0.158239,0.158,2068
training/02-myciel4.txt,200,0.20,0.20,0.70,100,2,3,2068,0.158213,0.158,2068
training/02-myciel4.txt,200,0.20,0.20,0.70,100,2,4,2068,0.158584,0.158,2068
training/02-myciel4.txt,200,0.20,0.20,0.80,50,1,0,2068,0.158475,0.158,2068
training/02-myciel4.txt,200,0.20,0.20,0.80,50,1,1,2068,0.158273,0.158,2068
training/02-myciel4.txt,200,0.20,0.20,0.80,50,1,2,2068,0.158099,0.158,2068
training/02-myciel4.txt,200,0.20,0.20,0.80,50,1,3,2068,0.158092,0.158,2068
training/02-myciel4.txt,200,0.20,0.20,0.80,50,1,4,2068,0.158231,0.158,2068
training/02-myciel4.txt,200,0.20,0.20,0.80,100,1,0,2068,0.158028,0.158,2068
training/02-myciel4.txt,200,0.20,0.20,0.80,100,1,1,2068,0.158096,0.158,2068
training/02-myciel4.txt,200,0.20,0.20,0.80,100,1,2,2068,0.158568,0.158,2068
training/02-myciel4.txt,200,0.20,0.20,0.80,100,1,3,2068,0.15867,0.158,2068
training/02-myciel4.txt,200,0.20,0.20,0.80,100,1,4,2068,0.158264,0.158,2068
training/02-myciel4.txt,200,0.20,0.20,0.80,50,2,0,2068,0.158555,0.158,2068
training/02-myciel4.txt,200,0.20,0.20,0.80,50,2,1,2068,0.158606,0.158,2068
training/02-myciel4.txt,200,0.20,0.20,0.80,50,2,2,2068,0.158361,0.158,2068
training/02-myciel4.txt,200,0.20,0.20,0.80,50,2,3,2068,0.158601,0.158,2068
training/02-myciel4.txt,200,0.20,0.20,0.80,50,2,4,2068,0.158517,0.158,2068
training/02-myciel4.txt,200,0.20,0.20,0.80,100,2,0,2068,0.158211,0.158,2068
training/02-myciel4.txt,200,0.20,0.20,0.80,100,2,1,2068,0.158383,0.158,2068
training/02-myciel4.txt,200,0.20,0.20,0.80,100,2,2,2068,0.158621,0.158,2068
training/02-myciel4.txt,200,0.20,0.20,0.80,100,2,3,2068,0.158119,0.158,2068
training/02-myciel4.txt,200,0.20,0.20,0.80,100,2,4,2068,0.158611,0.158,2068
training/02-myciel4.txt,200,0.25,0.10,0.70,50,1,0,2068,0.158096,0.158,2068
training/02-myciel4.txt,200,0.25,0.10,0.70,50,1,1,2068,0.158267,0.158,2068
training/02-myciel4.txt,200,0.25,0.10,0.70,50,1,2,2068,0.158643,0.158,2068
training/02-myciel4.txt,200,0.25,0.10,0.70,50,1,3,2068,0.158466,0.158,2068
training/02-myciel4.txt,200,0.25,0.10,0.70,50,1,4,2068,0.158294,0.158,2068
training/02-myciel4.txt,200,0.25,0.10,0.70,100,1,0,2068,0.158051,0.158,2068
training/02-myciel4.txt,200,0.25,0.10,0.70,100,1,1,2068,0.158371,0.158,2068
training/02-myciel4.txt,200,0.25,0.10,0.70,100,1,2,2068,0.158022,0.158,2068
training/02-myciel4.txt,200,0.25,0.10,0.70,100,1,3,2068,0.15845,0.158,2068
training/02-myciel4.txt,200,0.25,0.10,0.70,100,1,4,2068,0.158289,0.158,2068
training/02-myciel4.txt,200,0.25,0.10,0.70,50,2,0,2068,0.158659,0.158,2068
training/02-myciel4.txt,200,0.25,0.10,0.70,50,2,1,2068,0.158267,0.158,2068
training/02-myciel4.txt,200,0.25,0.10,0.70,50,2,2,2068,0.158405,0.158,2068
training/02-myciel4.txt,200,0.25,0.10,0.70,50,2,3,2068,0.158166,0.158,2068
training/02-myciel4.txt,200,0.25,0.10,0.70,50,2,4,2068,0.158091,0.158,2068
training/02-myciel4.txt,200,0.25,0.10,0.70,100,2,0,2068,0.158478,0.158,2068
training/02-myciel4.txt,200,0.25,0.10,0.70,100,2,1,2068,0.158201,0.158,2068
training/02-myciel4.txt,200,0.25,0.10,0.70,100,2,2,2068,0.158472,0.158,2068
training/02-myciel4.txt,200,0.25,0.10,0.70,100,2,3,2068,0.158344,0.158,2068
training/02-myciel4.txt,200,0.25,0.10,0.70,100,2,4,2068,0.158281,0.158,2068
training/02-myciel4.txt,200,0.25,0.10,0.80,50,1,0,2068,0.158343,0.158,2068
training/02-myciel4.txt,200,0.25,0.10,0.80,50,1,1,2068,0.15825,0.158,2068
training/02-myciel4.txt,200,0.25,0.10,0.80,50,1,2,2068,0.158451,0.158,2068
training/02-myciel4.txt,200,0.25,0.10,0.80,50,1,3,2068,0.158838,0.158,2068
training/02-myciel4.txt,200,0.25,0.10,0.80,50,1,4,2068,0.158612,0.158,2068
training/02-myciel4.txt,200,0.25,0.10,0.80,100,1,0,2068,0.158213,0.158,2068
training/02-myciel4.txt,200,0.25,0.10,0.80,100,1,1,2068,0.158606,0.158,2068
training/02-myciel4.txt,200,0.25,0.10,0.80,100,1,2,2068,0.158132,0.158,2068
training/02-myciel4.txt,200,0.25,0.10,0.80,100,1,3,2068,0.158293,0.158,2068
training/02-myciel4.txt,200,0.25,0.10,0.80,100,1,4,2068,0.158078,0.158,2068
training/02-myciel4.txt,200,0.25,0.10,0.80,50,2,0,2068,0.158442,0.158,2068
training/02-myciel4.txt,200,0.25,0.10,0.80,50,2,1,2068,0.158159,0.158,2068
training/02-myciel4.txt,200,0.25,0.10,0.80,50,2,2,2068,0.15825,0.158,2068
training/02-myciel4.txt,200,0.25,0.10,0.80,50,2,3,2068,0.158217,0.158,2068
training/02-myciel4.txt,200,0.25,0.10,0.80,50,2,4,2068,0.158287,0.158,2068
training/02-myciel4.txt,200,0.25,0.10,0.80,100,2,0,2068,0.15813,0.158,2068
training/02-myciel4.txt,200,0.25,0.10,0.80,100,2,1,2068,0.158633,0.158,2068
training/02-myciel4.txt,200,0.25,0.10,0.80,100,2,2,2068,0.158301,0.158,2068
training/02-myciel4.txt,200,0.25,0.10,0.80,100,2,3,2068,0.158063,0.158,2068
training/02-myciel4.txt,200,0.25,0.10,0.80,100,2,4,2068,0.158287,0.158,2068
training/02-myciel4.txt,200,0.25,0.20,0.70,50,1,0,2068,0.158177,0.158,2068
training/02-myciel4.txt,200,0.25,0.20,0.70,50,1,1,2068,0.158366,0.158,2068
training/02-myciel4.txt,200,0.25,0.20,0.70,50,1,2,2068,0.158273,0.158,2068
training/02-myciel4.txt,200,0.25,0.20,0.70,50,1,3,2068,0.15818,0.158,2068
training/02-myciel4.txt,200,0.25,0.20,0.70,50,1,4,2068,0.15812,0.158,2068
training/02-myciel4.txt,200,0.25,0.20,0.70,100,1,0,2068,0.158441,0.158,2068
training/02-myciel4.txt,200,0.25,0.20,0.70,100,1,1,2068,0.158411,0.158,2068
training/02-myciel4.txt,200,0.25,0.20,0.70,100,1,2,2068,0.158589,0.158,2068
training/02-myciel4.txt,200,0.25,0.20,0.70,100,1,3,2068,0.158485,0.158,2068
training/02-myciel4.txt,200,0.25,0.20,0.70,100,1,4,2068,0.158292,0.158,2068
training/02-myciel4.txt,200,0.25,0.20,0.70,50,2,0,2068,0.158397,0.158,2068
training/02-myciel4.txt,200,0.25,0.20,0.70,50,2,1,2068,0.158388,0.158,2068
training/02-myciel4.txt,200,0.25,0.20,0.70,50,2,2,2068,0.158521,0.158,2068
training/02-myciel4.txt,200,0.25,0.20,0.70,50,2,3,2068,0.158063,0.158,2068
training/02-myciel4.txt,200,0.25,0.20,0.70,50,2,4,2068,0.158213,0.158,2068
training/02-myciel4.txt,200,0.25,0.20,0.70,100,2,0,2068,0.158471,0.158,2068
training/02-myciel4.txt,200,0.25,0.20,0.70,100,2,1,2068,0.158628,0.158,2068
training/02-myciel4.txt,200,0.25,0.20,0.70,100,2,2,2068,0.158034,0.158,2068
training/02-myciel4.txt,200,0.25,0.20,0.70,100,2,3,2068,0.158324,0.158,2068
training/02-myciel4.txt,200,0.25,0.20,0.70,100,2,4,2068,0.15863,0.158,2068
training/02-myciel4.txt,200,0.25,0.20,0.80,50,1,0,2068,0.15803,0.158,2068
training/02-myciel4.txt,200,0.25,0.20,0.80,50,1,1,2068,0.158211,0.158,2068
training/02-myciel4.txt,200,0.25,0.20,0.80,50,1,2,2068,0.158172,0.158,2068
training/02-myciel4.txt,200,0.25,0.20,0.80,50,1,3,2068,0.15848,0.158,2068
training/02-myciel4.txt,200,0.25,0.20,0.80,50,1,4,2068,0.158601,0.158,2068
training/02-myciel4.txt,200,0.25,0.20,0.80,100,1,0,2068,0.158433,0.158,2068
training/02-myciel4.txt,200,0.25,0.20,0.80,100,1,1,2068,0.158233,0.158,2068
training/02-myciel4.txt,200,0.25,0.20,0.80,100,1,2,2068,0.158304,0.158,2068
training/02-myciel4.txt,200,0.25,0.20,0.80,100,1,3,2068,0.15814,0.158,2068
training/02-myciel4.txt,200,0.25,0.20,0.80,100,1,4,2068,0.158291,0.158,2068
training/02-myciel4.txt,200,0.25,0.20,0.80,50,2,0,2068,0.158556,0.158,2068
training/02-myciel4.txt,200,0.25,0.20,0.80,50,2,1,2068,0.158273,0.158,2068
training/02-myciel4.txt,200,0.25,0.20,0.80,50,2,2,2068,0.158588,0.158,2068
training/02-myciel4.txt,200,0.25,0.20,0.80,50,2,3,2068,0.158392,0.158,2068
training/02-myciel4.txt,200,0.25,0.20,0.80,50,2,4,2068,0.15852,0.158,2068
training/02-myciel4.txt,200,0.25,0.20,0.80,100,2,0,2068,0.158283,0.158,2068
training/02-myciel4.txt,200,0.25,0.20,0.80,100,2,1,2068,0.158368,0.158,2068
training/02-myciel4.txt,200,0.25,0.20,0.80,100,2,2,2068,0.158112,0.158,2068
training/02-myciel4.txt,200,0.25,0.20,0.80,100,2,3,2068,0.158035,0.158,2068
training/02-myciel4.txt,200,0.25,0.20,0.80,100,2,4,2068,0.158651,0.158,2068
training/03-queen5_5.txt,100,0.20,0.10,0.70,50,1,0,3960,0.22036,0.220,3960
training/03-queen5_5.txt,100,0.20,0.10,0.70,50,1,1,3960,0.220298,0.220,3960
training/03-queen5_5.txt,100,0.20,0.10,0.70,50,1,2,3960,0.220255,0.220,3960
training/03-queen5_5.txt,100,0.20,0.10,0.70,50,1,3,3960,0.220009,0.220,3960
training/03-queen5_5.txt,100,0.20,0.10,0.70,50,1,4,3960,0.220411,0.220,3960
training/03-queen5_5.txt,100,0.20,0.10,0.70,100,1,0,3960,0.220523,0.220,3960
training/03-queen5_5.txt,100,0.20,0.10,0.70,100,1,1,3960,0.220243,0.220,3960
training/03-queen5_5.txt,100,0.20,0.10,0.70,100,1,2,3960,0.220341,0.220,3960
training/03-queen5_5.txt,100,0.20,0.10,0.70,100,1,3,3960,0.220323,0.220,3960
training/03-queen5_5.txt,100,0.20,0.10,0.70,100,1,4,3960,0.220045,0.220,3960
training/03-queen5_5.txt,100,0.20,0.10,0.70,50,2,0,3960,0.220499,0.220,3960
training/03-queen5_5.txt,100,0.20,0.10,0.70,50,2,1,3960,0.220381,0.220,3960
training/03-queen5_5.txt,100,0.20,0.10,0.70,50,2,2,3960,0.220176,0.220,3960
training/03-queen5_5.txt,100,0.20,0.10,0.70,50,2,3,3960,0.220094,0.220,3960
training/03-queen5_5.txt,100,0.20,0.10,0.70,50,2,4,3960,0.22044,0.220,3960
training/03-queen5_5.txt,100,0.20,0.10,0.70,100,2,0,3960,0.220376,0.220,3960
training/03-queen5_5.txt,100,0.20,0.10,0.70,100,2,1,3960,0.220118,0.220,3960
training/03-queen5_5.txt,100,0.20,0.10,0.70,100,2,2,3960,0.220045,0.220,3960
training/03-queen5_5.txt,100,0.20,0.10,0.70,100,2,3,3960,0.220116,0.220,3960
training/03-queen5_5.txt,100,0.20,0.10,0.70,100,2,4,3960,0.220082,0.220,3960
training/03-queen5_5.txt,100,0.20,0.10,0.80,50,1,0,3960,0.22032,0.220,3960
training/03-queen5_5.txt,100,0.20,0.10,0.80,50,1,1,3960,0.220175,0.220,3960
training/03-queen5_5.txt,100,0.20,0.10,0.80,50,1,2,3960,0.220104,0.220,3960
training/03-queen5_5.txt,100,0.20,0.10,0.80,50,1,3,3960,0.220034,0.220,3960
training/03-queen5_5.txt,100,0.20,0.10,0.80,50,1,4,3960,0.22002,0.220,3960
training/03-queen5_5.txt,100,0.20,0.10,0.80,100,1,0,3960,0.220184,0.220,3960
training/03-queen5_5.txt,100,0.20,0.10,0.80,100,1,1,3960,0.220313,0.220,3960
training/03-queen5_5.txt,100,0.20,0.10,0.80,100,1,2,3960,0.220126,0.220,3960
training/03-queen5_5.txt,100,0.20,0.10,0.80,100,1,3,3960,0.220352,0.220,3960
training/03-queen5_5.txt,100,0.20,0.10,0.80,100,1,4,3960,0.220205,0.220,3960
training/03-queen5_5.txt,100,0.20,0.10,0.80,50,2,0,3960,0.220494,0.220,3960
training/03-queen5_5.txt,100,0.20,0.10,0.80,50,2,1,3960,0.220208,0.220,3960
training/03-queen5_5.txt,100,0.20,0.10,0.80,50,2,2,3960,0.220331,0.220,3960
training/03-queen5_5.txt,100,0.20,0.10,0.80,50,2,3,3960,0.220013,0.220,3960
training/03-queen5_5.txt,100,0.20,0.10,0.80,50,2,4,3960,0.220079,0.220,3960
training/03-queen5_5.txt,100,0.20,0.10,0.80,100,2,0,3960,0.220402,0.220,3960
training/03-queen5_5.txt,100,0.20,0.10,0.80,100,2,1,3960,0.220474,0.220,3960
training/03-queen5_5.txt,100,0.20,0.10,0.80,100,2,2,3960,0.220269,0.220,3960
training/03-queen5_5.txt,100,0.20,0.10,0.80,100,2,3,3960,0.220459,0.220,3960
training/03-queen5_5.txt,100,0.20,0.10,0.80,100,2,4,3960,0.220272,0.220,3960
training/03-queen5_5.txt,100,0.20,0.20,0.70,50,1,0,3960,0.220245,0.220,3960
training/03-queen5_5.txt,100,0.20,0.20,0.70,50,1,1,3960,0.22024,0.220,3960
training/03-queen5_5.txt,100,0.20,0.20,0.70,50,1,2,3960,0.221098,0.220,3960
training/03-queen5_5.txt,100,0.20,0.20,0.70,50,1,3,3960,0.220438,0.220,3960
training/03-queen5_5.txt,100,0.20,0.20,0.70,50,1,4,3960,0.220121,0.220,3960
training/03-queen5_5.txt,100,0.20,0.20,0.70,100,1,0,3960,0.220429,0.220,3960
training/03-queen5_5.txt,100,0.20,0.20,0.70,100,1,1,3960,0.220495,0.220,3960
training/03-queen5_5.txt,100,0.20,0.20,0.70,100,1,2,3960,0.2201,0.220,3960
training/03-queen5_5.txt,100,0.20,0.20,0.70,100,1,3,3960,0.220214,0.220,3960
training/03-queen5_5.txt,100,0.20,0.20,0.70,100,1,4,3960,0.220116,0.220,3960
training/03-queen5_5.txt,100,0.20,0.20,0.70,50,2,0,3960,0.220122,0.220,3960
training/03-queen5_5.txt,100,0.20,0.20,0.70,50,2,1,3960,0.220415,0.220,3960
training/03-queen5_5.txt,100,0.20,0.20,0.70,50,2,2,3960,0.220304,0.220,3960
training/03-queen5_5.txt,100,0.20,0.20,0.70,50,2,3,3960,0.220429,0.220,3960
training/03-queen5_5.txt,100,0.20,0.20,0.70,50,2,4,3960,0.220158,0.220,3960
training/03-queen5_5.txt,100,0.20,0.20,0.70,100,2,0,3960,0.220035,0.220,3960
training/03-queen5_5.txt,100,0.20,0.20,0.70,100,2,1,3960,0.220205,0.220,3960
training/03-queen5_5.txt,100,0.20,0.20,0.70,100,2,2,3960,0.220356,0.220,3960
training/03-queen5_5.txt,100,0.20,0.20,0.70,100,2,3,3960,0.220182,0.220,3960
training/03-queen5_5.txt,100,0.20,0.20,0.70,100,2,4,3960,0.220262,0.220,3960
training/03-queen5_5.txt,100,0.20,0.20,0.80,50,1,0,3960,0.220023,0.220,3960
training/03-queen5_5.txt,100,0.20,0.20,0.80,50,1,1,3960,0.220082,0.220,3960
training/03-queen5_5.txt,100,0.20,0.20,0.80,50,1,2,3960,0.220299,0.220,3960
training/03-queen5_5.txt,100,0.20,0.20,0.80,50,1,3,3960,0.220326,0.220,3960
training/03-queen5_5.txt,100,0.20,0.20,0.80,50,1,4,3960,0.220323,0.220,3960
training/03-queen5_5.txt,100,0.20,0.20,0.80,100,1,0,3960,0.22014,0.220,3960
training/03-queen5_5.txt,100,0.20,0.20,0.80,100,1,1,3960,0.220294,0.220,3960
training/03-queen5_5.txt,100,0.20,0.20,0.80,100,1,2,3960,0.220241,0.220,3960
training/03-queen5_5.txt,100,0.20,0.20,0.80,100,1,3,3960,0.220326,0.220,3960
training/03-queen5_5.txt,100,0.20,0.20,0.80,100,1,4,3960,0.220293,0.220,3960
training/03-queen5_5.txt,100,0.20,0.20,0.80,50,2,0,3960,0.220242,0.220,3960
training/03-queen5_5.txt,100,0.20,0.20,0.80,50,2,1,3960,0.220202,0.220,3960
training/03-queen5_5.txt,100,0.20,0.20,0.80,50,2,2,3960,0.220318,0.220,3960
training/03-queen5_5.txt,100,0.20,0.20,0.80,50,2,3,3960,0.220509,0.220,3960
training/03-queen5_5.txt,100,0.20,0.20,0.80,50,2,4,3960,0.220246,0.220,3960
training/03-queen5_5.txt,100,0.20,0.20,0.80,100,2,0,3960,0.220089,0.220,3960
training/03-queen5_5.txt,100,0.20,0.20,0.80,100,2,1,3960,0.220054,0.220,3960
training/03-queen5_5.txt,100,0.20,0.20,0.80,100,2,2,3960,0.22044,0.220,3960
training/03-queen5_5.txt,100,0.20,0.20,0.80,100,2,3,3960,0.220366,0.220,3960
training/03-queen5_5.txt,100,0.20,0.20,0.80,100,2,4,3960,0.220168,0.220,3960
training/03-queen5_5.txt,100,0.25,0.10,0.70,50,1,0,3960,0.220327,0.220,3960
training/03-queen5_5.txt,100,0.25,0.10,0.70,50,1,1,3960,0.220028,0.220,3960
training/03-queen5_5.txt,100,0.25,0.10,0.70,50,1,2,3960,0.220412,0.220,3960
training/03-queen5_5.txt,100,0.25,0.10,0.70,50,1,3,3960,0.220043,0.220,3960
training/03-queen5_5.txt,100,0.25,0.10,0.70,50,1,4,3960,0.220104,0.220,3960
training/03-queen5_5.txt,100,0.25,0.10,0.70,100,1,0,3960,0.220103,0.220,3960
training/03-queen5_5.txt,100,0.25,0.10,0.70,100,1,1,3960,0.220484,0.220,3960
training/03-queen5_5.txt,100,0.25,0.10,0.70,100,1,2,3960,0.220164,0.220,3960
training/03-queen5_5.txt,100,0.25,0.10,0.70,100,1,3,3960,0.220099,0.220,3960
training/03-queen5_5.txt,100,0.25,0.10,0.70,100,1,4,3960,0.220418,0.220,3960
training/03-queen5_5.txt,100,0.25,0.10,0.70,50,2,0,3960,0.220371,0.220,3960
training/03-queen5_5.txt,100,0.25,0.10,0.70,50,2,1,3960,0.220484,0.220,3960
training/03-queen5_5.txt,100,0.25,0.10,0.70,50,2,2,3960,0.220195,0.220,3960
training/03-queen5_5.txt,100,0.25,0.10,0.70,50,2,3,3960,0.220378,0.220,3960
training/03-queen5_5.txt,100,0.25,0.10,0.70,50,2,4,3960,0.220322,0.220,3960
training/03-queen5_5.txt,100,0.25,0.10,0.70,100,2,0,3960,0.220041,0.220,3960
training/03-queen5_5.txt,100,0.25,0.10,0.70,100,2,1,3960,0.220064,0.220,3960
training/03-queen5_5.txt,100,0.25,0.10,0.70,100,2,2,3960,0.220116,0.220,3960
training/03-queen5_5.txt,100,0.25,0.10,0.70,100,2,3,3960,0.220426,0.220,3960
training/03-queen5_5.txt,100,0.25,0.10,0.70,100,2,4,3960,0.220249,0.220,3960
training/03-queen5_5.txt,100,0.25,0.10,0.80,50,1,0,3960,0.220206,0.220,3960
training/03-queen5_5.txt,100,0.25,0.10,0.80,50,1,1,3960,0.220012,0.220,3960
training/03-queen5_5.txt,100,0.25,0.10,0.80,50,1,2,3960,0.220038,0.220,3960
training/03-queen5_5.txt,100,0.25,0.10,0.80,50,1,3,3960,0.220452,0.220,3960
training/03-queen5_5.txt,100,0.25,0.10,0.80,50,1,4,3960,0.220554,0.220,3960
training/03-queen5_5.txt,100,0.25,0.10,0.80,100,1,0,3960,0.220113,0.220,3960
training/03-queen5_5.txt,100,0.25,0.10,0.80,100,1,1,3960,0.220362,0.220,3960
training/03-queen5_5.txt,100,0.25,0.10,0.80,100,1,2,3960,0.220432,0.220,3960
training/03-queen5_5.txt,100,0.25,0.10,0.80,100,1,3,3960,0.220314,0.220,3960
training/03-queen5_5.txt,100,0.25,0.10,0.80,100,1,4,3960,0.220414,0.220,3960
training/03-queen5_5.txt,100,0.25,0.10,0.80,50,2,0,3960,0.220383,0.220,3960
training/03-queen5_5.txt,100,0.25,0.10,0.80,50,2,1,3960,0.220311,0.220,3960
training/03-queen5_5.txt,100,0.25,0.10,0.80,50,2,2,3960,0.220232,0.220,3960
training/03-queen5_5.txt,100,0.25,0.10,0.80,50,2,3,3960,0.220031,0.220,3960
training/03-queen5_5.txt,100,0.25,0.10,0.80,50,2,4,3960,0.220216,0.220,3960
training/03-queen5_5.txt,100,0.25,0.10,0.80,100,2,0,3960,0.220484,0.220,3960
training/03-queen5_5.txt,100,0.25,0.10,0.80,100,2,1,3960,0.220327,0.220,3960
training/03-queen5_5.txt,100,0.25,0.10,0.80,100,2,2,3960,0.220174,0.220,3960
training/03-queen5_5.txt,100,0.25,0.10,0.80,100,2,3,3960,0.220384,0.220,3960
training/03-queen5_5.txt,100,0.25,0.10,0.80,100,2,4,3960,0.220021,0.220,3960
training/03-queen5_5.txt,100,0.25,0.20,0.70,50,1,0,3960,0.220237,0.220,3960
training/03-queen5_5.txt,100,0.25,0.20,0.70,50,1,1,3960,0.220061,0.220,3960
training/03-queen5_5.txt,100,0.25,0.20,0.70,50,1,2,3960,0.220211,0.220,3960
training/03-queen5_5.txt,100,0.25,0.20,0.70,50,1,3,3960,0.22032,0.220,3960
training/03-queen5_5.txt,100,0.25,0.20,0.70,50,1,4,3960,0.220194,0.220,3960
training/03-queen5_5.txt,100,0.25,0.20,0.70,100,1,0,3960,0.220073,0.220,3960
training/03-queen5_5.txt,100,0.25,0.20,0.70,100,1,1,3960,0.220115,0.220,3960
training/03-queen5_5.txt,100,0.25,0.20,0.70,100,1,2,3960,0.220435,0.220,3960
training/03-queen5_5.txt,100,0.25,0.20,0.70,100,1,3,3960,0.220227,0.220,3960
training/03-queen5_5.txt,100,0.25,0.20,0.70,100,1,4,3960,0.220324,0.220,3960
training/03-queen5_5.txt,100,0.25,0.20,0.70,50,2,0,3960,0.220221,0.220,3960
training/03-queen5_5.txt,100,0.25,0.20,0.70,50,2,1,3960,0.220186,0.220,3960
training/03-queen5_5.txt,100,0.25,0.20,0.70,50,2,2,3960,0.220432,0.220,3960
training/03-queen5_5.txt,100,0.25,0.20,0.70,50,2,3,3960,0.22039,0.220,3960
training/03-queen5_5.txt,100,0.25,0.20,0.70,50,2,4,3960,0.220093,0.220,3960
training/03-queen5_5.txt,100,0.25,0.20,0.70,100,2,0,3960,0.220493,0.220,3960
training/03-queen5_5.txt,100,0.25,0.20,0.70,100,2,1,3960,0.220334,0.220,3960
training/03-queen5_5.txt,100,0.25,0.20,0.70,100,2,2,3960,0.220457,0.220,3960
training/03-queen5_5.txt,100,0.25,0.20,0.70,100,2,3,3960,0.220205,0.220,3960
training/03-queen5_5.txt,100,0.25,0.20,0.70,100,2,4,3960,0.220092,0.220,3960
training/03-queen5_5.txt,100,0.25,0.20,0.80,50,1,0,3960,0.220127,0.220,3960
training/03-queen5_5.txt,100,0.25,0.20,0.80,50,1,1,3960,0.220489,0.220,3960
training/03-queen5_5.txt,100,0.25,0.20,0.80,50,1,2,3960,0.220355,0.220,3960
training/03-queen5_5.txt,100,0.25,0.20,0.80,50,1,3,3960,0.220225,0.220,3960
training/03-queen5_5.txt,100,0.25,0.20,0.80,50,1,4,3960,0.220447,0.220,3960
training/03-queen5_5.txt,100,0.25,0.20,0.80,100,1,0,3960,0.220097,0.220,3960
training/03-queen5_5.txt,100,0.25,0.20,0.80,100,1,1,3960,0.220211,0.220,3960
training/03-queen5_5.txt,100,0.25,0.20,0.80,100,1,2,3960,0.220389,0.220,3960
training/03-queen5_5.txt,100,0.25,0.20,0.80,100,1,3,3960,0.220269,0.220,3960
training/03-queen5_5.txt,100,0.25,0.20,0.80,100,1,4,3960,0.2204,0.220,3960
training/03-queen5_5.txt,100,0.25,0.20,0.80,50,2,0,3960,0.22038,0.220,3960
training/03-queen5_5.txt,100,0.25,0.20,0.80,50,2,1,3960,0.220289,0.220,3960
training/03-queen5_5.txt,100,0.25,0.20,0.80,50,2,2,3960,0.220188,0.220,3960
training/03-queen5_5.txt,100,0.25,0.20,0.80,50,2,3,3960,0.220418,0.220,3960
training/03-queen5_5.txt,100,0.25,0.20,0.80,50,2,4,3960,0.22035,0.220,3960
training/03-queen5_5.txt,100,0.25,0.20,0.80,100,2,0,3960,0.220284,0.220,3960
training/03-queen5_5.txt,100,0.25,0.20,0.80,100,2,1,3960,0.220109,0.220,3960
training/03-queen5_5.txt,100,0.25,0.20,0.80,100,2,2,3960,0.22013,0.220,3960
training/03-queen5_5.txt,100,0.25,0.20,0.80,100,2,3,3960,0.220467,0.220,3960
training/03-queen5_5.txt,100,0.25,0.20,0.80,100,2,4,3960,0.220418,0.220,3960
training/03-queen5_5.txt,150,0.20,0.10,0.70,50,1,0,3960,0.22068,0.220,3960
training/03-queen5_5.txt,150,0.20,0.10,0.70,50,1,1,3960,0.220433,0.220,3960
training/03-queen5_5.txt,150,0.20,0.10,0.70,50,1,2,3960,0.220087,0.220,3960
training/03-queen5_5.txt,150,0.20,0.10,0.70,50,1,3,3960,0.220682,0.220,3960
training/03-queen5_5.txt,150,0.20,0.10,0.70,50,1,4,3960,0.220354,0.220,3960
training/03-queen5_5.txt,150,0.20,0.10,0.70,100,1,0,3960,0.220116,0.220,3960
training/03-queen5_5.txt,150,0.20,0.10,0.70,100,1,1,3960,0.220114,0.220,3960
training/03-queen5_5.txt,150,0.20,0.10,0.70,100,1,2,3960,0.220649,0.220,3960
training/03-queen5_5.txt,150,0.20,0.10,0.70,100,1,3,3960,0.220364,0.220,3960
training/03-queen5_5.txt,150,0.20,0.10,0.70,100,1,4,3960,0.220466,0.220,3960
training/03-queen5_5.txt,150,0.20,0.10,0.70,50,2,0,3960,0.22041,0.220,3960
training/03-queen5_5.txt,150,0.20,0.10,0.70,50,2,1,3960,0.220761,0.220,3960
training/03-queen5_5.txt,150,0.20,0.10,0.70,50,2,2,3960,0.220647,0.220,3960
training/03-queen5_5.txt,150,0.20,0.10,0.70,50,2,3,3960,0.220098,0.220,3960
training/03-queen5_5.txt,150,0.20,0.10,0.70,50,2,4,3960,0.220559,0.220,3960
training/03-queen5_5.txt,150,0.20,0.10,0.70,100,2,0,3960,0.220269,0.220,3960
training/03-queen5_5.txt,150,0.20,0.10,0.70,100,2,1,3960,0.22044,0.220,3960
training/03-queen5_5.txt,150,0.20,0.10,0.70,100,2,2,3960,0.220614,0.220,3960
training/03-queen5_5.txt,150,0.20,0.10,0.70,100,2,3,3960,0.220052,0.220,3960
training/03-queen5_5.txt,150,0.20,0.10,0.70,100,2,4,3960,0.220634,0.220,3960
training/03-queen5_5.txt,150,0.20,0.10,0.80,50,1,0,3960,0.220226,0.220,3960
training/03-queen5_5.txt,150,0.20,0.10,0.80,50,1,1,3960,0.220426,0.220,3960
training/03-queen5_5.txt,150,0.20,0.10,0.80,50,1,2,3960,0.220108,0.220,3960
training/03-queen5_5.txt,150,0.20,0.10,0.80,50,1,3,3960,0.220335,0.220,3960
training/03-queen5_5.txt,150,0.20,0.10,0.80,50,1,4,3960,0.220118,0.220,3960
training/03-queen5_5.txt,150,0.20,0.10,0.80,100,1,0,3960,0.220242,0.220,3960
training/03-queen5_5.txt,150,0.20,0.10,0.80,100,1,1,3960,0.220292,0.220,3960
training/03-queen5_5.txt,150,0.20,0.10,0.80,100,1,2,3960,0.220469,0.220,3960
training/03-queen5_5.txt,150,0.20,0.10,0.80,100,1,3,3960,0.220319,0.220,3960
training/03-queen5_5.txt,150,0.20,0.10,0.80,100,1,4,3960,0.220504,0.220,3960
training/03-queen5_5.txt,150,0.20,0.10,0.80,50,2,0,3960,0.220282,0.220,3960
training/03-queen5_5.txt,150,0.20,0.10,0.80,50,2,1,3960,0.22006,0.220,3960
training/03-queen5_5.txt,150,0.20,0.10,0.80,50,2,2,3960,0.220334,0.220,3960
training/03-queen5_5.txt,150,0.20,0.10,0.80,50,2,3,3960,0.220074,0.220,3960
training/03-queen5_5.txt,150,0.20,0.10,0.80,50,2,4,3960,0.220288,0.220,3960
training/03-queen5_5.txt,150,0.20,0.10,0.80,100,2,0,3960,0.220104,0.220,3960
training/03-queen5_5.txt,150,0.20,0.10,0.80,100,2,1,3960,0.220355,0.220,3960
training/03-queen5_5.txt,150,0.20,0.10,0.80,100,2,2,3960,0.220671,0.220,3960
training/03-queen5_5.txt,150,0.20,0.10,0.80,100,2,3,3960,0.220053,0.220,3960
training/03-queen5_5.txt,150,0.20,0.10,0.80,100,2,4,3960,0.220414,0.220,3960
training/03-queen5_5.txt,150,0.20,0.20,0.70,50,1,0,3960,0.22038,0.220,3960
training/03-queen5_5.txt,150,0.20,0.20,0.70,50,1,1,3960,0.220541,0.220,3960
training/03-queen5_5.txt,150,0.20,0.20,0.70,50,1,2,3960,0.220198,0.220,3960
training/03-queen5_5.txt,150,0.20,0.20,0.70,50,1,3,3960,0.220441,0.220,3960
training/03-queen5_5.txt,150,0.20,0.20,0.70,50,1,4,3960,0.22069,0.220,3960
training/03-queen5_5.txt,150,0.20,0.20,0.70,100,1,0,3960,0.220268,0.220,3960
training/03-queen5_5.txt,150,0.20,0.20,0.70,100,1,1,3960,0.220324,0.220,3960
training/03-queen5_5.txt,150,0.20,0.20,0.70,100,1,2,3960,0.220635,0.220,3960
training/03-queen5_5.txt,150,0.20,0.20,0.70,100,1,3,3960,0.220787,0.220,3960
training/03-queen5_5.txt,150,0.20,0.20,0.70,100,1,4,3960,0.220171,0.220,3960
training/03-queen5_5.txt,150,0.20,0.20,0.70,50,2,0,3960,0.220758,0.220,3960
training/03-queen5_5.txt,150,0.20,0.20,0.70,50,2,1,3960,0.220342,0.220,3960
training/03-queen5_5.txt,150,0.20,0.20,0.70,50,2,2,3960,0.220744,0.220,3960
training/03-queen5_5.txt,150,0.20,0.20,0.70,50,2,3,3960,0.220214,0.220,3960
training/03-queen5_5.txt,150,0.20,0.20,0.70,50,2,4,3960,0.220422,0.220,3960
training/03-queen5_5.txt,150,0.20,0.20,0.70,100,2,0,3960,0.22065,0.220,3960
training/03-queen5_5.txt,150,0.20,0.20,0.70,100,2,1,3960,0.220368,0.220,3960
training/03-queen5_5.txt,150,0.20,0.20,0.70,100,2,2,3960,0.220612,0.220,3960
training/03-queen5_5.txt,150,0.20,0.20,0.70,100,2,3,3960,0.220684,0.220,3960
training/03-queen5_5.txt,150,0.20,0.20,0.70,100,2,4,3960,0.220171,0.220,3960
training/03-queen5_5.txt,150,0.20,0.20,0.80,50,1,0,3960,0.220746,0.220,3960
training/03-queen5_5.txt,150,0.20,0.20,0.80,50,1,1,3960,0.220456,0.220,3960
training/03-queen5_5.txt,150,0.20,0.20,0.80,50,1,2,3960,0.220751,0.220,3960
training/03-queen5_5.txt,150,0.20,0.20,0.80,50,1,3,3960,0.22014,0.220,3960
training/03-queen5_5.txt,150,0.20,0.20,0.80,50,1,4,3960,0.220019,0.220,3960
training/03-queen5_5.txt,150,0.20,0.20,0.80,100,1,0,3960,0.220375,0.220,3960
training/03-queen5_5.txt,150,0.20,0.20,0.80,100,1,1,3960,0.220492,0.220,3960
training/03-queen5_5.txt,150,0.20,0.20,0.80,100,1,2,3960,0.22008,0.220,3960
training/03-queen5_5.txt,150,0.20,0.20,0.80,100,1,3,3960,0.220475,0.220,3960
training/03-queen5_5.txt,150,0.20,0.20,0.80,100,1,4,3960,0.220287,0.220,3960
training/03-queen5_5.txt,150,0.20,0.20,0.80,50,2,0,3960,0.220571,0.220,3960
training/03-queen5_5.txt,150,0.20,0.20,0.80,50,2,1,3960,0.220076,0.220,3960
training/03-queen5_5.txt,150,0.20,0.20,0.80,50,2,2,3960,0.220491,0.220,3960
training/03-queen5_5.txt,150,0.20,0.20,0.80,50,2,3,3960,0.220359,0.220,3960
training/03-queen5_5.txt,150,0.20,0.20,0.80,50,2,4,3960,0.220627,0.220,3960
training/03-queen5_5.txt,150,0.20,0.20,0.80,100,2,0,3960,0.220773,0.220,3960
training/03-queen5_5.txt,150,0.20,0.20,0.80,100,2,1,3960,0.220132,0.220,3960
training/03-queen5_5.txt,150,0.20,0.20,0.80,100,2,2,3960,0.22021,0.220,3960
training/03-queen5_5.txt,150,0.20,0.20,0.80,100,2,3,3960,0.22034,0.220,3960
training/03-queen5_5.txt,150,0.20,0.20,0.80,100,2,4,3960,0.220377,0.220,3960
training/03-queen5_5.txt,150,0.25,0.10,0.70,50,1,0,3960,0.220333,0.220,3960
training/03-queen5_5.txt,150,0.25,0.10,0.70,50,1,1,3960,0.220538,0.220,3960
training/03-queen5_5.txt,150,0.25,0.10,0.70,50,1,2,3960,0.220266,0.220,3960
training/03-queen5_5.txt,150,0.25,0.10,0.70,50,1,3,3960,0.220699,0.220,3960
training/03-queen5_5.txt,150,0.25,0.10,0.70,50,1,4,3960,0.220222,0.220,3960
training/03-queen5_5.txt,150,0.25,0.10,0.70,100,1,0,3960,0.220284,0.220,3960
training/03-queen5_5.txt,150,0.25,0.10,0.70,100,1,1,3960,0.220226,0.220,3960
training/03-queen5_5.txt,150,0.25,0.10,0.70,100,1,2,3960,0.220672,0.220,3960
training/03-queen5_5.txt,150,0.25,0.10,0.70,100,1,3,3960,0.220423,0.220,3960
training/03-queen5_5.txt,150,0.25,0.10,0.70,100,1,4,3960,0.220243,0.220,3960
training/03-queen5_5.txt,150,0.25,0.10,0.70,50,2,0,3960,0.220638,0.220,3960
training/03-queen5_5.txt,150,0.25,0.10,0.70,50,2,1,3960,0.220454,0.220,3960
training/03-queen5_5.txt,150,0.25,0.10,0.70,50,2,2,3960,0.220304,0.220,3960
training/03-queen5_5.txt,150,0.25,0.10,0.70,50,2,3,3960,0.220103,0.220,3960
training/03-queen5_5.txt,150,0.25,0.10,0.70,50,2,4,3960,0.220245,0.220,3960
training/03-queen5_5.txt,150,0.25,0.10,0.70,100,2,0,3960,0.220055,0.220,3960
training/03-queen5_5.txt,150,0.25,0.10,0.70,100,2,1,3960,0.220364,0.220,3960
training/03-queen5_5.txt,150,0.25,0.10,0.70,100,2,2,3960,0.220065,0.220,3960
training/03-queen5_5.txt,150,0.25,0.10,0.70,100,2,3,3960,0.220618,0.220,3960
training/03-queen5_5.txt,150,0.25,0.10,0.70,100,2,4,3960,0.220499,0.220,3960
training/03-queen5_5.txt,150,0.25,0.10,0.80,50,1,0,3960,0.220614,0.220,3960
training/03-queen5_5.txt,150,0.25,0.10,0.80,50,1,1,3960,0.220156,0.220,3960
training/03-queen5_5.txt,150,0.25,0.10,0.80,50,1,2,3960,0.220292,0.220,3960
training/03-queen5_5.txt,150,0.25,0.10,0.80,50,1,3,3960,0.220226,0.220,3960
training/03-queen5_5.txt,150,0.25,0.10,0.80,50,1,4,3960,0.220099,0.220,3960
training/03-queen5_5.txt,150,0.25,0.10,0.80,100,1,0,3960,0.220082,0.220,3960
training/03-queen5_5.txt,150,0.25,0.10,0.80,100,1,1,3960,0.220145,0.220,3960
training/03-queen5_5.txt,150,0.25,0.10,0.80,100,1,2,3960,0.220016,0.220,3960
training/03-queen5_5.txt,150,0.25,0.10,0.80,100,1,3,3960,0.220302,0.220,3960
training/03-queen5_5.txt,150,0.25,0.10,0.80,100,1,4,3960,0.220355,0.220,3960
training/03-queen5_5.txt,150,0.25,0.10,0.80,50,2,0,3960,0.220109,0.220,3960
training/03-queen5_5.txt,150,0.25,0.10,0.80,50,2,1,3960,0.220286,0.220,3960
training/03-queen5_5.txt,150,0.25,0.10,0.80,50,2,2,3960,0.22065,0.220,3960
training/03-queen5_5.txt,150,0.25,0.10,0.80,50,2,3,3960,0.220594,0.220,3960
training/03-queen5_5.txt,150,0.25,0.10,0.80,50,2,4,3960,0.220459,0.220,3960
training/03-queen5_5.txt,150,0.25,0.10,0.80,100,2,0,3960,0.220025,0.220,3960
training/03-queen5_5.txt,150,0.25,0.10,0.80,100,2,1,3960,0.220513,0.220,3960
training/03-queen5_5.txt,150,0.25,0.10,0.80,100,2,2,3960,0.220073,0.220,3960
training/03-queen5_5.txt,150,0.25,0.10,0.80,100,2,3,3960,0.220461,0.220,3960
training/03-queen5_5.txt,150,0.25,0.10,0.80,100,2,4,3960,0.220242,0.220,3960
training/03-queen5_5.txt,150,0.25,0.20,0.70,50,1,0,3960,0.22027,0.220,3960
training/03-queen5_5.txt,150,0.25,0.20,0.70,50,1,1,3960,0.220791,0.220,3960
training/03-queen5_5.txt,150,0.25,0.20,0.70,50,1,2,3960,0.220736,0.220,3960
training/03-queen5_5.txt,150,0.25,0.20,0.70,50,1,3,3960,0.220029,0.220,3960
training/03-queen5_5.txt,150,0.25,0.20,0.70,50,1,4,3960,0.220011,0.220,3960
training/03-queen5_5.txt,150,0.25,0.20,0.70,100,1,0,3960,0.220517,0.220,3960
training/03-queen5_5.txt,150,0.25,0.20,0.70,100,1,1,3960,0.220256,0.220,3960
training/03-queen5_5.txt,150,0.25,0.20,0.70,100,1,2,3960,0.220264,0.220,3960
training/03-queen5_5.txt,150,0.25,0.20,0.70,100,1,3,3960,0.220299,0.220,3960
training/03-queen5_5.txt,150,0.25,0.20,0.70,100,1,4,3960,0.220608,0.220,3960
training/03-queen5_5.txt,150,0.25,0.20,0.70,50,2,0,3960,0.220468,0.220,3960
training/03-queen5_5.txt,150,0.25,0.20,0.70,50,2,1,3960,0.220565,0.220,3960
training/03-queen5_5.txt,150,0.25,0.20,0.70,50,2,2,3960,0.22022,0.220,3960
training/03-queen5_5.txt,150,0.25,0.20,0.70,50,2,3,3960,0.220674,0.220,3960
training/03-queen5_5.txt,150,0.25,0.20,0.70,50,2,4,3960,0.220283,0.220,3960
training/03-queen5_5.txt,150,0.25,0.20,0.70,100,2,0,3960,0.220721,0.220,3960
training/03-queen5_5.txt,150,0.25,0.20,0.70,100,2,1,3960,0.220551,0.220,3960
training/03-queen5_5.txt,150,0.25,0.20,0.70,100,2,2,3960,0.220652,0.220,3960
training/03-queen5_5.txt,150,0.25,0.20,0.70,100,2,3,3960,0.220414,0.220,3960
training/03-queen5_5.txt,150,0.25,0.20,0.70,100,2,4,3960,0.220271,0.220,3960
training/03-queen5_5.txt,150,0.25,0.20,0.80,50,1,0,3960,0.220187,0.220,3960
training/03-queen5_5.txt,150,0.25,0.20,0.80,50,1,1,3960,0.220336,0.220,3960
training/03-queen5_5.txt,150,0.25,0.20,0.80,50,1,2,3960,0.220342,0.220,3960
training/03-queen5_5.txt,150,0.25,0.20,0.80,50,1,3,3960,0.220278,0.220,3960
training/03-queen5_5.txt,150,0.25,0.20,0.80,50,1,4,3960,0.220549,0.220,3960
training/03-queen5_5.txt,150,0.25,0.20,0.80,100,1,0,3960,0.220688,0.220,3960
training/03-queen5_5.txt,150,0.25,0.20,0.80,100,1,1,3960,0.220225,0.220,3960
training/03-queen5_5.txt,150,0.25,0.20,0.80,100,1,2,3960,0.220126,0.220,3960
training/03-queen5_5.txt,150,0.25,0.20,0.80,100,1,3,3960,0.220052,0.220,3960
training/03-queen5_5.txt,150,0.25,0.20,0.80,100,1,4,3960,0.220046,0.220,3960
training/03-queen5_5.txt,150,0.25,0.20,0.80,50,2,0,3960,0.220214,0.220,3960
training/03-queen5_5.txt,150,0.25,0.20,0.80,50,2,1,3960,0.220523,0.220,3960
training/03-queen5_5.txt,150,0.25,0.20,0.80,50,2,2,3960,0.220574,0.220,3960
training/03-queen5_5.txt,150,0.25,0.20,0.80,50,2,3,3960,0.22035,0.220,3960
training/03-queen5_5.txt,150,0.25,0.20,0.80,50,2,4,3960,0.220572,0.220,3960
training/03-queen5_5.txt,150,0.25,0.20,0.80,100,2,0,3960,0.220563,0.220,3960
training/03-queen5_5.txt,150,0.25,0.20,0.80,100,2,1,3960,0.220166,0.220,3960
training/03-queen5_5.txt,150,0.25,0.20,0.80,100,2,2,3960,0.220416,0.220,3960
training/03-queen5_5.txt,150,0.25,0.20,0.80,100,2,3,3960,0.220418,0.220,3960
training/03-queen5_5.txt,150,0.25,0.20,0.80,100,2,4,3960,0.220728,0.220,3960
training/03-queen5_5.txt,200,0.20,0.10,0.70,50,1,0,3960,0.220913,0.220,3960
training/03-queen5_5.txt,200,0.20,0.10,0.70,50,1,1,3960,0.220422,0.220,3960
training/03-queen5_5.txt,200,0.20,0.10,0.70,50,1,2,3960,0.22094,0.220,3960
training/03-queen5_5.txt,200,0.20,0.10,0.70,50,1,3,3960,0.220427,0.220,3960
training/03-queen5_5.txt,200,0.20,0.10,0.70,50,1,4,3960,0.220926,0.220,3960
training/03-queen5_5.txt,200,0.20,0.10,0.70,100,1,0,3960,0.220435,0.220,3960
training/03-queen5_5.txt,200,0.20,0.10,0.70,100,1,1,3960,0.222169,0.220,3960
training/03-queen5_5.txt,200,0.20,0.10,0.70,100,1,2,3960,0.220982,0.220,3960
training/03-queen5_5.txt,200,0.20,0.10,0.70,100,1,3,3960,0.220473,0.220,3960
training/03-queen5_5.txt,200,0.20,0.10,0.70,100,1,4,3960,0.220534,0.220,3960
training/03-queen5_5.txt,200,0.20,0.10,0.70,50,2,0,3960,0.220898,0.220,3960
training/03-queen5_5.txt,200,0.20,0.10,0.70,50,2,1,3960,0.221081,0.220,3960
training/03-queen5_5.txt,200,0.20,0.10,0.70,50,2,2,3960,0.220168,0.220,3960
training/03-queen5_5.txt,200,0.20,0.10,0.70,50,2,3,3960,0.2217,0.220,3960
training/03-queen5_5.txt,200,0.20,0.10,0.70,50,2,4,3960,0.220587,0.220,3960
training/03-queen5_5.txt,200,0.20,0.10,0.70,100,2,0,3960,0.220834,0.220,3960
training/03-queen5_5.txt,200,0.20,0.10,0.70,100,2,1,3960,0.220137,0.220,3960
training/03-queen5_5.txt,200,0.20,0.10,0.70,100,2,2,3960,0.22033,0.220,3960
training/03-queen5_5.txt,200,0.20,0.10,0.70,100,2,3,3960,0.22089,0.220,3960
training/03-queen5_5.txt,200,0.20,0.10,0.70,100,2,4,3960,0.220233,0.220,3960
training/03-queen5_5.txt,200,0.20,0.10,0.80,50,1,0,3960,0.220403,0.220,3960
training/03-queen5_5.txt,200,0.20,0.10,0.80,50,1,1,3960,0.220802,0.220,3960
training/03-queen5_5.txt,200,0.20,0.10,0.80,50,1,2,3960,0.220644,0.220,3960
training/03-queen5_5.txt,200,0.20,0.10,0.80,50,1,3,3960,0.220854,0.220,3960
training/03-queen5_5.txt,200,0.20,0.10,0.80,50,1,4,3960,0.2205,0.220,3960
training/03-queen5_5.txt,200,0.20,0.10,0.80,100,1,0,3960,0.220868,0.220,3960
training/03-queen5_5.txt,200,0.20,0.10,0.80,100,1,1,3960,0.220772,0.220,3960
training/03-queen5_5.txt,200,0.20,0.10,0.80,100,1,2,3960,0.220839,0.220,3960
training/03-queen5_5.txt,200,0.20,0.10,0.80,100,1,3,3960,0.220536,0.220,3960
training/03-queen5_5.txt,200,0.20,0.10,0.80,100,1,4,3960,0.220178,0.220,3960
training/03-queen5_5.txt,200,0.20,0.10,0.80,50,2,0,3960,0.220395,0.220,3960
training/03-queen5_5.txt,200,0.20,0.10,0.80,50,2,1,3960,0.221796,0.220,3960
training/03-queen5_5.txt,200,0.20,0.10,0.80,50,2,2,3960,0.221347,0.220,3960
training/03-queen5_5.txt,200,0.20,0.10,0.80,50,2,3,3960,0.220789,0.220,3960
training/03-queen5_5.txt,200,0.20,0.10,0.80,50,2,4,3960,0.220455,0.220,3960
training/03-queen5_5.txt,200,0.20,0.10,0.80,100,2,0,3960,0.220496,0.220,3960
training/03-queen5_5.txt,200,0.20,0.10,0.80,100,2,1,3960,0.22029,0.220,3960
training/03-queen5_5.txt,200,0.20,0.10,0.80,100,2,2,3960,0.220364,0.220,3960
training/03-queen5_5.txt,200,0.20,0.10,0.80,100,2,3,3960,0.220791,0.220,3960
training/03-queen5_5.txt,200,0.20,0.10,0.80,100,2,4,3960,0.221018,0.220,3960
training/03-queen5_5.txt,200,0.20,0.20,0.70,50,1,0,3960,0.220677,0.220,3960
training/03-queen5_5.txt,200,0.20,0.20,0.70,50,1,1,3960,0.220375,0.220,3960
training/03-queen5_5.txt,200,0.20,0.20,0.70,50,1,2,3960,0.220198,0.220,3960
training/03-queen5_5.txt,200,0.20,0.20,0.70,50,1,3,3960,0.220536,0.220,3960
training/03-queen5_5.txt,200,0.20,0.20,0.70,50,1,4,3960,0.221024,0.220,3960
training/03-queen5_5.txt,200,0.20,0.20,0.70,100,1,0,3960,0.221604,0.220,3960
training/03-queen5_5.txt,200,0.20,0.20,0.70,100,1,1,3960,0.22022,0.220,3960
training/03-queen5_5.txt,200,0.20,0.20,0.70,100,1,2,3960,0.220491,0.220,3960
training/03-queen5_5.txt,200,0.20,0.20,0.70,100,1,3,3960,0.220841,0.220,3960
training/03-queen5_5.txt,200,0.20,0.20,0.70,100,1,4,3960,0.221054,0.220,3960
training/03-queen5_5.txt,200,0.20,0.20,0.70,50,2,0,3960,0.221991,0.220,3960
training/03-queen5_5.txt,200,0.20,0.20,0.70,50,2,1,3960,0.222256,0.220,3960
training/03-queen5_5.txt,200,0.20,0.20,0.70,50,2,2,3960,0.220931,0.220,3960
training/03-queen5_5.txt,200,0.20,0.20,0.70,50,2,3,3960,0.22021,0.220,3960
training/03-queen5_5.txt,200,0.20,0.20,0.70,50,2,4,3960,0.220179,0.220,3960
training/03-queen5_5.txt,200,0.20,0.20,0.70,100,2,0,3960,0.221027,0.220,3960
training/03-queen5_5.txt,200,0.20,0.20,0.70,100,2,1,3960,0.220111,0.220,3960
training/03-queen5_5.txt,200,0.20,0.20,0.70,100,2,2,3960,0.22024,0.220,3960
training/03-queen5_5.txt,200,0.20,0.20,0.70,100,2,3,3960,0.221531,0.220,3960
training/03-queen5_5.txt,200,0.20,0.20,0.70,100,2,4,3960,0.220999,0.220,3960
training/03-queen5_5.txt,200,0.20,0.20,0.80,50,1,0,3960,0.220275,0.220,3960
training/03-queen5_5.txt,200,0.20,0.20,0.80,50,1,1,3960,0.220263,0.220,3960
training/03-queen5_5.txt,200,0.20,0.20,0.80,50,1,2,3960,0.220856,0.220,3960
training/03-queen5_5.txt,200,0.20,0.20,0.80,50,1,3,3960,0.22078,0.220,3960
training/03-queen5_5.txt,200,0.20,0.20,0.80,50,1,4,3960,0.220552,0.220,3960
training/03-queen5_5.txt,200,0.20,0.20,0.80,100,1,0,3960,0.220511,0.220,3960
training/03-queen5_5.txt,200,0.20,0.20,0.80,100,1,1,3960,0.220935,0.220,3960
training/03-queen5_5.txt,200,0.20,0.20,0.80,100,1,2,3960,0.220434,0.220,3960
training/03-queen5_5.txt,200,0.20,0.20,0.80,100,1,3,3960,0.22021,0.220,3960
training/03-queen5_5.txt,200,0.20,0.20,0.80,100,1,4,3960,0.22069,0.220,3960
training/03-queen5_5.txt,200,0.20,0.20,0.80,50,2,0,3960,0.221599,0.220,3960
training/03-queen5_5.txt,200,0.20,0.20,0.80,50,2,1,3960,0.221986,0.220,3960
training/03-queen5_5.txt,200,0.20,0.20,0.80,50,2,2,3960,0.220686,0.220,3960
training/03-queen5_5.txt,200,0.20,0.20,0.80,50,2,3,3960,0.220553,0.220,3960
training/03-queen5_5.txt,200,0.20,0.20,0.80,50,2,4,3960,0.220633,0.220,3960
training/03-queen5_5.txt,200,0.20,0.20,0.80,100,2,0,3960,0.220879,0.220,3960
training/03-queen5_5.txt,200,0.20,0.20,0.80,100,2,1,3960,0.220453,0.220,3960
training/03-queen5_5.txt,200,0.20,0.20,0.80,100,2,2,3960,0.220745,0.220,3960
training/03-queen5_5.txt,200,0.20,0.20,0.80,100,2,3,3960,0.220508,0.220,3960
training/03-queen5_5.txt,200,0.20,0.20,0.80,100,2,4,3960,0.220089,0.220,3960
training/03-queen5_5.txt,200,0.25,0.10,0.70,50,1,0,3960,0.220828,0.220,3960
training/03-queen5_5.txt,200,0.25,0.10,0.70,50,1,1,3960,0.220906,0.220,3960
training/03-queen5_5.txt,200,0.25,0.10,0.70,50,1,2,3960,0.221261,0.220,3960
training/03-queen5_5.txt,200,0.25,0.10,0.70,50,1,3,3960,0.220324,0.220,3960
training/03-queen5_5.txt,200,0.25,0.10,0.70,50,1,4,3960,0.220347,0.220,3960
training/03-queen5_5.txt,200,0.25,0.10,0.70,100,1,0,3960,0.220041,0.220,3960
training/03-queen5_5.txt,200,0.25,0.10,0.70,100,1,1,3960,0.220609,0.220,3960
training/03-queen5_5.txt,200,0.25,0.10,0.70,100,1,2,3960,0.220018,0.220,3960
training/03-queen5_5.txt,200,0.25,0.10,0.70,100,1,3,3960,0.220425,0.220,3960
training/03-queen5_5.txt,200,0.25,0.10,0.70,100,1,4,3960,0.22062,0.220,3960
training/03-queen5_5.txt,200,0.25,0.10,0.70,50,2,0,3960,0.220383,0.220,3960
training/03-queen5_5.txt,200,0.25,0.10,0.70,50,2,1,3960,0.220058,0.220,3960
training/03-queen5_5.txt,200,0.25,0.10,0.70,50,2,2,3960,0.220642,0.220,3960
training/03-queen5_5.txt,200,0.25,0.10,0.70,50,2,3,3960,0.220421,0.220,3960
training/03-queen5_5.txt,200,0.25,0.10,0.70,50,2,4,3960,0.220289,0.220,3960
training/03-queen5_5.txt,200,0.25,0.10,0.70,100,2,0,3960,0.220506,0.220,3960
training/03-queen5_5.txt,200,0.25,0.10,0.70,100,2,1,3960,0.220389,0.220,3960
training/03-queen5_5.txt,200,0.25,0.10,0.70,100,2,2,3960,0.22005,0.220,3960
training/03-queen5_5.txt,200,0.25,0.10,0.70,100,2,3,3960,0.220299,0.220,3960
training/03-queen5_5.txt,200,0.25,0.10,0.70,100,2,4,3960,0.220094,0.220,3960
training/03-queen5_5.txt,200,0.25,0.10,0.80,50,1,0,3960,0.220335,0.220,3960
training/03-queen5_5.txt,200,0.25,0.10,0.80,50,1,1,3960,0.220901,0.220,3960
training/03-queen5_5.txt,200,0.25,0.10,0.80,50,1,2,3960,0.220807,0.220,3960
training/03-queen5_5.txt,200,0.25,0.10,0.80,50,1,3,3960,0.220628,0.220,3960
training/03-queen5_5.txt,200,0.25,0.10,0.80,50,1,4,3960,0.220586,0.220,3960
training/03-queen5_5.txt,200,0.25,0.10,0.80,100,1,0,3960,0.220782,0.220,3960
training/03-queen5_5.txt,200,0.25,0.10,0.80,100,1,1,3960,0.220446,0.220,3960
training/03-queen5_5.txt,200,0.25,0.10,0.80,100,1,2,3960,0.220248,0.220,3960
training/03-queen5_5.txt,200,0.25,0.10,0.80,100,1,3,3960,0.220635,0.220,3960
training/03-queen5_5.txt,200,0.25,0.10,0.80,100,1,4,3960,0.220105,0.220,3960
training/03-queen5_5.txt,200,0.25,0.10,0.80,50,2,0,3960,0.220642,0.220,3960
training/03-queen5_5.txt,200,0.25,0.10,0.80,50,2,1,3960,0.220699,0.220,3960
training/03-queen5_5.txt,200,0.25,0.10,0.80,50,2,2,3960,0.220658,0.220,3960
training/03-queen5_5.txt,200,0.25,0.10,0.80,50,2,3,3960,0.220092,0.220,3960
training/03-queen5_5.txt,200,0.25,0.10,0.80,50,2,4,3960,0.220566,0.220,3960
training/03-queen5_5.txt,200,0.25,0.10,0.80,100,2,0,3960,0.220794,0.220,3960
training/03-queen5_5.txt,200,0.25,0.10,0.80,100,2,1,3960,0.220662,0.220,3960
training/03-queen5_5.txt,200,0.25,0.10,0.80,100,2,2,3960,0.22065,0.220,3960
training/03-queen5_5.txt,200,0.25,0.10,0.80,100,2,3,3960,0.220271,0.220,3960
training/03-queen5_5.txt,200,0.25,0.10,0.80,100,2,4,3960,0.220045,0.220,3960
training/03-queen5_5.txt,200,0.25,0.20,0.70,50,1,0,3960,0.220735,0.220,3960
training/03-queen5_5.txt,200,0.25,0.20,0.70,50,1,1,3960,0.220299,0.220,3960
training/03-queen5_5.txt,200,0.25,0.20,0.70,50,1,2,3960,0.220768,0.220,3960
training/03-queen5_5.txt,200,0.25,0.20,0.70,50,1,3,3960,0.220435,0.220,3960
training/03-queen5_5.txt,200,0.25,0.20,0.70,50,1,4,3960,0.220959,0.220,3960
training/03-queen5_5.txt,200,0.25,0.20,0.70,100,1,0,3960,0.22087,0.220,3960
training/03-queen5_5.txt,200,0.25,0.20,0.70,100,1,1,3960,0.220121,0.220,3960
training/03-queen5_5.txt,200,0.25,0.20,0.70,100,1,2,3960,0.220997,0.220,3960
training/03-queen5_5.txt,200,0.25,0.20,0.70,100,1,3,3960,0.220524,0.220,3960
training/03-queen5_5.txt,200,0.25,0.20,0.70,100,1,4,3960,0.22049,0.220,3960
training/03-queen5_5.txt,200,0.25,0.20,0.70,50,2,0,3960,0.220066,0.220,3960
training/03-queen5_5.txt,200,0.25,0.20,0.70,50,2,1,3960,0.220934,0.220,3960
training/03-queen5_5.txt,200,0.25,0.20,0.70,50,2,2,3960,0.220569,0.220,3960
training/03-queen5_5.txt,200,0.25,0.20,0.70,50,2,3,3960,0.220262,0.220,3960
training/03-queen5_5.txt,200,0.25,0.20,0.70,50,2,4,3960,0.220929,0.220,3960
training/03-queen5_5.txt,200,0.25,0.20,0.70,100,2,0,3960,0.220471,0.220,3960
training/03-queen5_5.txt,200,0.25,0.20,0.70,100,2,1,3960,0.220203,0.220,3960
training/03-queen5_5.txt,200,0.25,0.20,0.70,100,2,2,3960,0.220572,0.220,3960
training/03-queen5_5.txt,200,0.25,0.20,0.70,100,2,3,3960,0.220652,0.220,3960
training/03-queen5_5.txt,200,0.25,0.20,0.70,100,2,4,3960,0.220396,0.220,3960
training/03-queen5_5.txt,200,0.25,0.20,0.80,50,1,0,3960,0.220242,0.220,3960
training/03-queen5_5.txt,200,0.25,0.20,0.80,50,1,1,3960,0.220266,0.220,3960
training/03-queen5_5.txt,200,0.25,0.20,0.80,50,1,2,3960,0.220852,0.220,3960
training/03-queen5_5.txt,200,0.25,0.20,0.80,50,1,3,3960,0.220555,0.220,3960
training/03-queen5_5.txt,200,0.25,0.20,0.80,50,1,4,3960,0.220518,0.220,3960
training/03-queen5_5.txt,200,0.25,0.20,0.80,100,1,0,3960,0.220091,0.220,3960
training/03-queen5_5.txt,200,0.25,0.20,0.80,100,1,1,3960,0.220077,0.220,3960
training/03-queen5_5.txt,200,0.25,0.20,0.80,100,1,2,3960,0.220753,0.220,3960
training/03-queen5_5.txt,200,0.25,0.20,0.80,100,1,3,3960,0.220395,0.220,3960
training/03-queen5_5.txt,200,0.25,0.20,0.80,100,1,4,3960,0.220502,0.220,3960
training/03-queen5_5.txt,200,0.25,0.20,0.80,50,2,0,3960,0.220706,0.220,3960
training/03-queen5_5.txt,200,0.25,0.20,0.80,50,2,1,3960,0.220168,0.220,3960
training/03-queen5_5.txt,200,0.25,0.20,0.80,50,2,2,3960,0.220664,0.220,3960
training/03-queen5_5.txt,200,0.25,0.20,0.80,50,2,3,3960,0.220011,0.220,3960
training/03-queen5_5.txt,200,0.25,0.20,0.80,50,2,4,3960,0.220794,0.220,3960
training/03-queen5_5.txt,200,0.25,0.20,0.80,100,2,0,3960,0.220737,0.220,3960
training/03-queen5_5.txt,200,0.25,0.20,0.80,100,2,1,3960,0.22056,0.220,3960
training/03-queen5_5.txt,200,0.25,0.20,0.80,100,2,2,3960,0.220425,0.220,3960
training/03-queen5_5.txt,200,0.25,0.20,0.80,100,2,3,3960,0.220617,0.220,3960
training/03-queen5_5.txt,200,0.25,0.20,0.80,100,2,4,3960,0.220193,0.220,3960
training/04-2-Insertions_3.txt,100,0.20,0.10,0.70,50,1,0,695,0.213089,0.213,695
training/04-2-Insertions_3.txt,100,0.20,0.10,0.70,50,1,1,695,0.213293,0.213,695
training/04-2-Insertions_3.txt,100,0.20,0.10,0.70,50,1,2,695,0.213263,0.213,695
training/04-2-Insertions_3.txt,100,0.20,0.10,0.70,50,1,3,695,0.21342,0.213,695
training/04-2-Insertions_3.txt,100,0.20,0.10,0.70,50,1,4,695,0.213142,0.213,695
training/04-2-Insertions_3.txt,100,0.20,0.10,0.70,100,1,0,695,0.213321,0.213,695
training/04-2-Insertions_3.txt,100,0.20,0.10,0.70,100,1,1,695,0.213126,0.213,695
training/04-2-Insertions_3.txt,100,0.20,0.10,0.70,100,1,2,695,0.213486,0.213,695
training/04-2-Insertions_3.txt,100,0.20,0.10,0.70,100,1,3,695,0.213024,0.213,695
training/04-2-Insertions_3.txt,100,0.20,0.10,0.70,100,1,4,695,0.213169,0.213,695
training/04-2-Insertions_3.txt,100,0.20,0.10,0.70,50,2,0,695,0.213066,0.213,695
training/04-2-Insertions_3.txt,100,0.20,0.10,0.70,50,2,1,695,0.213085,0.213,695
training/04-2-Insertions_3.txt,100,0.20,0.10,0.70,50,2,2,695,0.213023,0.213,695
training/04-2-Insertions_3.txt,100,0.20,0.10,0.70,50,2,3,695,0.213091,0.213,695
training/04-2-Insertions_3.txt,100,0.20,0.10,0.70,50,2,4,695,0.213478,0.213,695
training/04-2-Insertions_3.txt,100,0.20,0.10,0.70,100,2,0,695,0.213038,0.213,695
training/04-2-Insertions_3.txt,100,0.20,0.10,0.70,100,2,1,695,0.213406,0.213,695
training/04-2-Insertions_3.txt,100,0.20,0.10,0.70,100,2,2,695,0.213203,0.213,695
training/04-2-Insertions_3.txt,100,0.20,0.10,0.70,100,2,3,695,0.213251,0.213,695
training/04-2-Insertions_3.txt,100,0.20,0.10,0.70,100,2,4,695,0.213084,0.213,695
training/04-2-Insertions_3.txt,100,0.20,0.10,0.80,50,1,0,695,0.214011,0.213,695
training/04-2-Insertions_3.txt,100,0.20,0.10,0.80,50,1,1,695,0.213356,0.213,695
training/04-2-Insertions_3.txt,100,0.20,0.10,0.80,50,1,2,695,0.213155,0.213,695
training/04-2-Insertions_3.txt,100,0.20,0.10,0.80,50,1,3,695,0.214134,0.213,695
training/04-2-Insertions_3.txt,100,0.20,0.10,0.80,50,1,4,695,0.213222,0.213,695
training/04-2-Insertions_3.txt,100,0.20,0.10,0.80,100,1,0,695,0.213445,0.213,695
training/04-2-Insertions_3.txt,100,0.20,0.10,0.80,100,1,1,695,0.213405,0.213,695
training/04-2-Insertions_3.txt,100,0.20,0.10,0.80,100,1,2,695,0.213255,0.213,695
training/04-2-Insertions_3.txt,100,0.20,0.10,0.80,100,1,3,695,0.213062,0.213,695
training/04-2-Insertions_3.txt,100,0.20,0.10,0.80,100,1,4,695,0.213281,0.213,695
training/04-2-Insertions_3.txt,100,0.20,0.10,0.80,50,2,0,695,0.213157,0.213,695
training/04-2-Insertions_3.txt,100,0.20,0.10,0.80,50,2,1,695,0.213522,0.213,695
training/04-2-Insertions_3.txt,100,0.20,0.10,0.80,50,2,2,695,0.213279,0.213,695
training/04-2-Insertions_3.txt,100,0.20,0.10,0.80,50,2,3,695,0.213329,0.213,695
training/04-2-Insertions_3.txt,100,0.20,0.10,0.80,50,2,4,695,0.213248,0.213,695
training/04-2-Insertions_3.txt,100,0.20,0.10,0.80,100,2,0,695,0.213131,0.213,695
training/04-2-Insertions_3.txt,100,0.20,0.10,0.80,100,2,1,695,0.213277,0.213,695
training/04-2-Insertions_3.txt,100,0.20,0.10,0.80,100,2,2,695,0.213007,0.213,695
training/04-2-Insertions_3.txt,100,0.20,0.10,0.80,100,2,3,695,0.21319,0.213,695
training/04-2-Insertions_3.txt,100,0.20,0.10,0.80,100,2,4,695,0.213077,0.213,695
training/04-2-Insertions_3.txt,100,0.20,0.20,0.70,50,1,0,695,0.213075,0.213,695
training/04-2-Insertions_3.txt,100,0.20,0.20,0.70,50,1,1,695,0.213142,0.213,695
training/04-2-Insertions_3.txt,100,0.20,0.20,0.70,50,1,2,695,0.213366,0.213,695
training/04-2-Insertions_3.txt,100,0.20,0.20,0.70,50,1,3,695,0.21317,0.213,695
training/04-2-Insertions_3.txt,100,0.20,0.20,0.70,50,1,4,695,0.213306,0.213,695
training/04-2-Insertions_3.txt,100,0.20,0.20,0.70,100,1,0,695,0.213333,0.213,695
training/04-2-Insertions_3.txt,100,0.20,0.20,0.70,100,1,1,695,0.213503,0.213,695
training/04-2-Insertions_3.txt,100,0.20,0.20,0.70,100,1,2,695,0.213206,0.213,695
training/04-2-Insertions_3.txt,100,0.20,0.20,0.70,100,1,3,695,0.213108,0.213,695
training/04-2-Insertions_3.txt,100,0.20,0.20,0.70,100,1,4,695,0.213037,0.213,695
training/04-2-Insertions_3.txt,100,0.20,0.20,0.70,50,2,0,695,0.21335,0.213,695
training/04-2-Insertions_3.txt,100,0.20,0.20,0.70,50,2,1,695,0.213509,0.213,695
training/04-2-Insertions_3.txt,100,0.20,0.20,0.70,50,2,2,695,0.213461,0.213,695
training/04-2-Insertions_3.txt,100,0.20,0.20,0.70,50,2,3,695,0.213469,0.213,695
training/04-2-Insertions_3.txt,100,0.20,0.20,0.70,50,2,4,695,0.213515,0.213,695
training/04-2-Insertions_3.txt,100,0.20,0.20,0.70,100,2,0,695,0.213457,0.213,695
training/04-2-Insertions_3.txt,100,0.20,0.20,0.70,100,2,1,695,0.213138,0.213,695
training/04-2-Insertions_3.txt,100,0.20,0.20,0.70,100,2,2,695,0.213197,0.213,695
training/04-2-Insertions_3.txt,100,0.20,0.20,0.70,100,2,3,695,0.213488,0.213,695
training/04-2-Insertions_3.txt,100,0.20,0.20,0.70,100,2,4,695,0.213427,0.213,695
training/04-2-Insertions_3.txt,100,0.20,0.20,0.80,50,1,0,695,0.213052,0.213,695
training/04-2-Insertions_3.txt,100,0.20,0.20,0.80,50,1,1,695,0.213227,0.213,695
training/04-2-Insertions_3.txt,100,0.20,0.20,0.80,50,1,2,695,0.21348,0.213,695
training/04-2-Insertions_3.txt,100,0.20,0.20,0.80,50,1,3,695,0.213117,0.213,695
training/04-2-Insertions_3.txt,100,0.20,0.20,0.80,50,1,4,695,0.213362,0.213,695
training/04-2-Insertions_3.txt,100,0.20,0.20,0.80,100,1,0,695,0.213083,0.213,695
training/04-2-Insertions_3.txt,100,0.20,0.20,0.80,100,1,1,695,0.213374,0.213,695
training/04-2-Insertions_3.txt,100,0.20,0.20,0.80,100,1,2,695,0.213228,0.213,695
training/04-2-Insertions_3.txt,100,0.20,0.20,0.80,100,1,3,695,0.213463,0.213,695
training/04-2-Insertions_3.txt,100,0.20,0.20,0.80,100,1,4,695,0.21315,0.213,695
training/04-2-Insertions_3.txt,100,0.20,0.20,0.80,50,2,0,695,0.213462,0.213,695
training/04-2-Insertions_3.txt,100,0.20,0.20,0.80,50,2,1,695,0.213156,0.213,695
training/04-2-Insertions_3.txt,100,0.20,0.20,0.80,50,2,2,695,0.213357,0.213,695
training/04-2-Insertions_3.txt,100,0.20,0.20,0.80,50,2,3,695,0.213505,0.213,695
training/04-2-Insertions_3.txt,100,0.20,0.20,0.80,50,2,4,695,0.213437,0.213,695
training/04-2-Insertions_3.txt,100,0.20,0.20,0.80,100,2,0,695,0.213332,0.213,695
training/04-2-Insertions_3.txt,100,0.20,0.20,0.80,100,2,1,695,0.213133,0.213,695
training/04-2-Insertions_3.txt,100,0.20,0.20,0.80,100,2,2,695,0.213268,0.213,695
training/04-2-Insertions_3.txt,100,0.20,0.20,0.80,100,2,3,695,0.213029,0.213,695
training/04-2-Insertions_3.txt,100,0.20,0.20,0.80,100,2,4,695,0.213391,0.213,695
training/04-2-Insertions_3.txt,100,0.25,0.10,0.70,50,1,0,695,0.213311,0.213,695
training/04-2-Insertions_3.txt,100,0.25,0.10,0.70,50,1,1,695,0.21337,0.213,695
training/04-2-Insertions_3.txt,100,0.25,0.10,0.70,50,1,2,695,0.213451,0.213,695
training/04-2-Insertions_3.txt,100,0.25,0.10,0.70,50,1,3,695,0.213259,0.213,695
training/04-2-Insertions_3.txt,100,0.25,0.10,0.70,50,1,4,695,0.213087,0.213,695
training/04-2-Insertions_3.txt,100,0.25,0.10,0.70,100,1,0,695,0.21317,0.213,695
training/04-2-Insertions_3.txt,100,0.25,0.10,0.70,100,1,1,695,0.213523,0.213,695
training/04-2-Insertions_3.txt,100,0.25,0.10,0.70,100,1,2,695,0.2131,0.213,695
training/04-2-Insertions_3.txt,100,0.25,0.10,0.70,100,1,3,695,0.213424,0.213,695
training/04-2-Insertions_3.txt,100,0.25,0.10,0.70,100,1,4,695,0.21325,0.213,695
training/04-2-Insertions_3.txt,100,0.25,0.10,0.70,50,2,0,695,0.21315,0.213,695
training/04-2-Insertions_3.txt,100,0.25,0.10,0.70,50,2,1,695,0.213081,0.213,695
training/04-2-Insertions_3.txt,100,0.25,0.10,0.70,50,2,2,695,0.213242,0.213,695
training/04-2-Insertions_3.txt,100,0.25,0.10,0.70,50,2,3,695,0.213302,0.213,695
training/04-2-Insertions_3.txt,100,0.25,0.10,0.70,50,2,4,695,0.213054,0.213,695
training/04-2-Insertions_3.txt,100,0.25,0.10,0.70,100,2,0,695,0.213197,0.213,695
training/04-2-Insertions_3.txt,100,0.25,0.10,0.70,100,2,1,695,0.213203,0.213,695
training/04-2-Insertions_3.txt,100,0.25,0.10,0.70,100,2,2,695,0.213152,0.213,695
training/04-2-Insertions_3.txt,100,0.25,0.10,0.70,100,2,3,695,0.213424,0.213,695
training/04-2-Insertions_3.txt,100,0.25,0.10,0.70,100,2,4,695,0.213391,0.213,695
training/04-2-Insertions_3.txt,100,0.25,0.10,0.80,50,1,0,695,0.213162,0.213,695
training/04-2-Insertions_3.txt,100,0.25,0.10,0.80,50,1,1,695,0.213308,0.213,695
training/04-2-Insertions_3.txt,100,0.25,0.10,0.80,50,1,2,695,0.213363,0.213,695
training/04-2-Insertions_3.txt,100,0.25,0.10,0.80,50,1,3,695,0.213075,0.213,695
training/04-2-Insertions_3.txt,100,0.25,0.10,0.80,50,1,4,695,0.213469,0.213,695
training/04-2-Insertions_3.txt,100,0.25,0.10,0.80,100,1,0,695,0.213195,0.213,695
training/04-2-Insertions_3.txt,100,0.25,0.10,0.80,100,1,1,695,0.213281,0.213,695
training/04-2-Insertions_3.txt,100,0.25,0.10,0.80,100,1,2,695,0.21345,0.213,695
training/04-2-Insertions_3.txt,100,0.25,0.10,0.80,100,1,3,695,0.213193,0.213,695
training/04-2-Insertions_3.txt,100,0.25,0.10,0.80,100,1,4,695,0.213062,0.213,695
training/04-2-Insertions_3.txt,100,0.25,0.10,0.80,50,2,0,695,0.21341,0.213,695
training/04-2-Insertions_3.txt,100,0.25,0.10,0.80,50,2,1,695,0.213041,0.213,695
training/04-2-Insertions_3.txt,100,0.25,0.10,0.80,50,2,2,695,0.213014,0.213,695
training/04-2-Insertions_3.txt,100,0.25,0.10,0.80,50,2,3,695,0.213189,0.213,695
training/04-2-Insertions_3.txt,100,0.25,0.10,0.80,50,2,4,695,0.213367,0.213,695
training/04-2-Insertions_3.txt,100,0.25,0.10,0.80,100,2,0,695,0.213195,0.213,695
training/04-2-Insertions_3.txt,100,0.25,0.10,0.80,100,2,1,695,0.213164,0.213,695
training/04-2-Insertions_3.txt,100,0.25,0.10,0.80,100,2,2,695,0.213264,0.213,695
training/04-2-Insertions_3.txt,100,0.25,0.10,0.80,100,2,3,695,0.213455,0.213,695
training/04-2-Insertions_3.txt,100,0.25,0.10,0.80,100,2,4,695,0.213347,0.213,695
training/04-2-Insertions_3.txt,100,0.25,0.20,0.70,50,1,0,695,0.213225,0.213,695
training/04-2-Insertions_3.txt,100,0.25,0.20,0.70,50,1,1,695,0.213152,0.213,695
training/04-2-Insertions_3.txt,100,0.25,0.20,0.70,50,1,2,695,0.213423,0.213,695
training/04-2-Insertions_3.txt,100,0.25,0.20,0.70,50,1,3,695,0.213061,0.213,695
training/04-2-Insertions_3.txt,100,0.25,0.20,0.70,50,1,4,695,0.213466,0.213,695
training/04-2-Insertions_3.txt,100,0.25,0.20,0.70,100,1,0,695,0.213338,0.213,695
training/04-2-Insertions_3.txt,100,0.25,0.20,0.70,100,1,1,695,0.213219,0.213,695
training/04-2-Insertions_3.txt,100,0.25,0.20,0.70,100,1,2,695,0.213318,0.213,695
training/04-2-Insertions_3.txt,100,0.25,0.20,0.70,100,1,3,695,0.213311,0.213,695
training/04-2-Insertions_3.txt,100,0.25,0.20,0.70,100,1,4,695,0.213079,0.213,695
training/04-2-Insertions_3.txt,100,0.25,0.20,0.70,50,2,0,695,0.213256,0.213,695
training/04-2-Insertions_3.txt,100,0.25,0.20,0.70,50,2,1,695,0.213296,0.213,695
training/04-2-Insertions_3.txt,100,0.25,0.20,0.70,50,2,2,695,0.213351,0.213,695
training/04-2-Insertions_3.txt,100,0.25,0.20,0.70,50,2,3,695,0.21344,0.213,695
training/04-2-Insertions_3.txt,100,0.25,0.20,0.70,50,2,4,695,0.213082,0.213,695
training/04-2-Insertions_3.txt,100,0.25,0.20,0.70,100,2,0,695,0.213245,0.213,695
training/04-2-Insertions_3.txt,100,0.25,0.20,0.70,100,2,1,695,0.213395,0.213,695
training/04-2-Insertions_3.txt,100,0.25,0.20,0.70,100,2,2,695,0.213414,0.213,695
training/04-2-Insertions_3.txt,100,0.25,0.20,0.70,100,2,3,695,0.213376,0.213,695
training/04-2-Insertions_3.txt,100,0.25,0.20,0.70,100,2,4,695,0.213036,0.213,695
training/04-2-Insertions_3.txt,100,0.25,0.20,0.80,50,1,0,695,0.213238,0.213,695
training/04-2-Insertions_3.txt,100,0.25,0.20,0.80,50,1,1,695,0.213235,0.213,695
training/04-2-Insertions_3.txt,100,0.25,0.20,0.80,50,1,2,695,0.213256,0.213,695
training/04-2-Insertions_3.txt,100,0.25,0.20,0.80,50,1,3,695,0.213402,0.213,695
training/04-2-Insertions_3.txt,100,0.25,0.20,0.80,50,1,4,695,0.213155,0.213,695
training/04-2-Insertions_3.txt,100,0.25,0.20,0.80,100,1,0,695,0.213106,0.213,695
training/04-2-Insertions_3.txt,100,0.25,0.20,0.80,100,1,1,695,0.213298,0.213,695
training/04-2-Insertions_3.txt,100,0.25,0.20,0.80,100,1,2,695,0.213196,0.213,695
training/04-2-Insertions_3.txt,100,0.25,0.20,0.80,100,1,3,695,0.213109,0.213,695
training/04-2-Insertions_3.txt,100,0.25,0.20,0.80,100,1,4,695,0.213203,0.213,695
training/04-2-Insertions_3.txt,100,0.25,0.20,0.80,50,2,0,695,0.213089,0.213,695
training/04-2-Insertions_3.txt,100,0.25,0.20,0.80,50,2,1,695,0.213355,0.213,695
training/04-2-Insertions_3.txt,100,0.25,0.20,0.80,50,2,2,695,0.213447,0.213,695
training/04-2-Insertions_3.txt,100,0.25,0.20,0.80,50,2,3,695,0.213395,0.213,695
training/04-2-Insertions_3.txt,100,0.25,0.20,0.80,50,2,4,695,0.213025,0.213,695
training/04-2-Insertions_3.txt,100,0.25,0.20,0.80,100,2,0,695,0.213419,0.213,695
training/04-2-Insertions_3.txt,100,0.25,0.20,0.80,100,2,1,695,0.213092,0.213,695
training/04-2-Insertions_3.txt,100,0.25,0.20,0.80,100,2,2,695,0.213355,0.213,695
training/04-2-Insertions_3.txt,100,0.25,0.20,0.80,100,2,3,695,0.213136,0.213,695
training/04-2-Insertions_3.txt,100,0.25,0.20,0.80,100,2,4,695,0.213283,0.213,695
training/04-2-Insertions_3.txt,150,0.20,0.10,0.70,50,1,0,695,0.213287,0.213,695
training/04-2-Insertions_3.txt,150,0.20,0.10,0.70,50,1,1,695,0.213054,0.213,695
training/04-2-Insertions_3.txt,150,0.20,0.10,0.70,50,1,2,695,0.21356,0.213,695
training/04-2-Insertions_3.txt,150,0.20,0.10,0.70,50,1,3,695,0.213116,0.213,695
training/04-2-Insertions_3.txt,150,0.20,0.10,0.70,50,1,4,695,0.213341,0.213,695
training/04-2-Insertions_3.txt,150,0.20,0.10,0.70,100,1,0,695,0.213124,0.213,695
training/04-2-Insertions_3.txt,150,0.20,0.10,0.70,100,1,1,695,0.213671,0.213,695
training/04-2-Insertions_3.txt,150,0.20,0.10,0.70,100,1,2,695,0.2132,0.213,695
training/04-2-Insertions_3.txt,150,0.20,0.10,0.70,100,1,3,695,0.213422,0.213,695
training/04-2-Insertions_3.txt,150,0.20,0.10,0.70,100,1,4,695,0.213338,0.213,695
training/04-2-Insertions_3.txt,150,0.20,0.10,0.70,50,2,0,695,0.213177,0.213,695
training/04-2-Insertions_3.txt,150,0.20,0.10,0.70,50,2,1,695,0.213539,0.213,695
training/04-2-Insertions_3.txt,150,0.20,0.10,0.70,50,2,2,695,0.213057,0.213,695
training/04-2-Insertions_3.txt,150,0.20,0.10,0.70,50,2,3,695,0.213126,0.213,695
training/04-2-Insertions_3.txt,150,0.20,0.10,0.70,50,2,4,695,0.213265,0.213,695
training/04-2-Insertions_3.txt,150,0.20,0.10,0.70,100,2,0,695,0.213025,0.213,695
training/04-2-Insertions_3.txt,150,0.20,0.10,0.70,100,2,1,695,0.213726,0.213,695
training/04-2-Insertions_3.txt,150,0.20,0.10,0.70,100,2,2,695,0.213385,0.213,695
training/04-2-Insertions_3.txt,150,0.20,0.10,0.70,100,2,3,695,0.213425,0.213,695
training/04-2-Insertions_3.txt,150,0.20,0.10,0.70,100,2,4,695,0.213712,0.213,695
training/04-2-Insertions_3.txt,150,0.20,0.10,0.80,50,1,0,695,0.21349,0.213,695
training/04-2-Insertions_3.txt,150,0.20,0.10,0.80,50,1,1,695,0.213565,0.213,695
training/04-2-Insertions_3.txt,150,0.20,0.10,0.80,50,1,2,695,0.21379,0.213,695
training/04-2-Insertions_3.txt,150,0.20,0.10,0.80,50,1,3,695,0.21356,0.213,695
training/04-2-Insertions_3.txt,150,0.20,0.10,0.80,50,1,4,695,0.213232,0.213,695
training/04-2-Insertions_3.txt,150,0.20,0.10,0.80,100,1,0,695,0.213332,0.213,695
training/04-2-Insertions_3.txt,150,0.20,0.10,0.80,100,1,1,695,0.213614,0.213,695
training/04-2-Insertions_3.txt,150,0.20,0.10,0.80,100,1,2,695,0.213416,0.213,695
training/04-2-Insertions_3.txt,150,0.20,0.10,0.80,100,1,3,695,0.213409,0.213,695
training/04-2-Insertions_3.txt,150,0.20,0.10,0.80,100,1,4,695,0.213051,0.213,695
training/04-2-Insertions_3.txt,150,0.20,0.10,0.80,50,2,0,695,0.213017,0.213,695
training/04-2-Insertions_3.txt,150,0.20,0.10,0.80,50,2,1,695,0.213386,0.213,695
training/04-2-Insertions_3.txt,150,0.20,0.10,0.80,50,2,2,695,0.213361,0.213,695
training/04-2-Insertions_3.txt,150,0.20,0.10,0.80,50,2,3,695,0.21302,0.213,695
training/04-2-Insertions_3.txt,150,0.20,0.10,0.80,50,2,4,695,0.213178,0.213,695
training/04-2-Insertions_3.txt,150,0.20,0.10,0.80,100,2,0,695,0.213475,0.213,695
training/04-2-Insertions_3.txt,150,0.20,0.10,0.80,100,2,1,695,0.213739,0.213,695
training/04-2-Insertions_3.txt,150,0.20,0.10,0.80,100,2,2,695,0.213736,0.213,695
training/04-2-Insertions_3.txt,150,0.20,0.10,0.80,100,2,3,695,0.213398,0.213,695
training/04-2-Insertions_3.txt,150,0.20,0.10,0.80,100,2,4,695,0.213492,0.213,695
training/04-2-Insertions_3.txt,150,0.20,0.20,0.70,50,1,0,695,0.213584,0.213,695
training/04-2-Insertions_3.txt,150,0.20,0.20,0.70,50,1,1,695,0.213058,0.213,695
training/04-2-Insertions_3.txt,150,0.20,0.20,0.70,50,1,2,695,0.213724,0.213,695
training/04-2-Insertions_3.txt,150,0.20,0.20,0.70,50,1,3,695,0.213526,0.213,695
training/04-2-Insertions_3.txt,150,0.20,0.20,0.70,50,1,4,695,0.213614,0.213,695
training/04-2-Insertions_3.txt,150,0.20,0.20,0.70,100,1,0,695,0.213691,0.213,695
training/04-2-Insertions_3.txt,150,0.20,0.20,0.70,100,1,1,695,0.213481,0.213,695
training/04-2-Insertions_3.txt,150,0.20,0.20,0.70,100,1,2,695,0.213255,0.213,695
training/04-2-Insertions_3.txt,150,0.20,0.20,0.70,100,1,3,695,0.213152,0.213,695
training/04-2-Insertions_3.txt,150,0.20,0.20,0.70,100,1,4,695,0.213448,0.213,695
training/04-2-Insertions_3.txt,150,0.20,0.20,0.70,50,2,0,695,0.213183,0.213,695
training/04-2-Insertions_3.txt,150,0.20,0.20,0.70,50,2,1,695,0.213469,0.213,695
training/04-2-Insertions_3.txt,150,0.20,0.20,0.70,50,2,2,695,0.213033,0.213,695
training/04-2-Insertions_3.txt,150,0.20,0.20,0.70,50,2,3,695,0.213338,0.213,695
training/04-2-Insertions_3.txt,150,0.20,0.20,0.70,50,2,4,695,0.213248,0.213,695
training/04-2-Insertions_3.txt,150,0.20,0.20,0.70,100,2,0,695,0.213014,0.213,695
training/04-2-Insertions_3.txt,150,0.20,0.20,0.70,100,2,1,695,0.213364,0.213,695
training/04-2-Insertions_3.txt,150,0.20,0.20,0.70,100,2,2,695,0.213187,0.213,695
training/04-2-Insertions_3.txt,150,0.20,0.20,0.70,100,2,3,695,0.213606,0.213,695
training/04-2-Insertions_3.txt,150,0.20,0.20,0.70,100,2,4,695,0.213579,0.213,695
training/04-2-Insertions_3.txt,150,0.20,0.20,0.80,50,1,0,695,0.21362,0.213,695
training/04-2-Insertions_3.txt,150,0.20,0.20,0.80,50,1,1,695,0.213086,0.213,695
training/04-2-Insertions_3.txt,150,0.20,0.20,0.80,50,1,2,695,0.213245,0.213,695
training/04-2-Insertions_3.txt,150,0.20,0.20,0.80,50,1,3,695,0.213047,0.213,695
training/04-2-Insertions_3.txt,150,0.20,0.20,0.80,50,1,4,695,0.213598,0.213,695
training/04-2-Insertions_3.txt,150,0.20,0.20,0.80,100,1,0,695,0.213075,0.213,695
training/04-2-Insertions_3.txt,150,0.20,0.20,0.80,100,1,1,695,0.21361,0.213,695
training/04-2-Insertions_3.txt,150,0.20,0.20,0.80,100,1,2,695,0.213268,0.213,695
training/04-2-Insertions_3.txt,150,0.20,0.20,0.80,100,1,3,695,0.21346,0.213,695
training/04-2-Insertions_3.txt,150,0.20,0.20,0.80,100,1,4,695,0.213141,0.213,695
training/04-2-Insertions_3.txt,150,0.20,0.20,0.80,50,2,0,695,0.213365,0.213,695
training/04-2-Insertions_3.txt,150,0.20,0.20,0.80,50,2,1,695,0.213138,0.213,695
training/04-2-Insertions_3.txt,150,0.20,0.20,0.80,50,2,2,695,0.213117,0.213,695
training/04-2-Insertions_3.txt,150,0.20,0.20,0.80,50,2,3,695,0.213306,0.213,695
training/04-2-Insertions_3.txt,150,0.20,0.20,0.80,50,2,4,695,0.213703,0.213,695
training/04-2-Insertions_3.txt,150,0.20,0.20,0.80,100,2,0,695,0.213267,0.213,695
training/04-2-Insertions_3.txt,150,0.20,0.20,0.80,100,2,1,695,0.213098,0.213,695
training/04-2-Insertions_3.txt,150,0.20,0.20,0.80,100,2,2,695,0.213074,0.213,695
training/04-2-Insertions_3.txt,150,0.20,0.20,0.80,100,2,3,695,0.213752,0.213,695
training/04-2-Insertions_3.txt,150,0.20,0.20,0.80,100,2,4,695,0.213354,0.213,695
training/04-2-Insertions_3.txt,150,0.25,0.10,0.70,50,1,0,695,0.213312,0.213,695
training/04-2-Insertions_3.txt,150,0.25,0.10,0.70,50,1,1,695,0.213038,0.213,695
training/04-2-Insertions_3.txt,150,0.25,0.10,0.70,50,1,2,695,0.213694,0.213,695
training/04-2-Insertions_3.txt,150,0.25,0.10,0.70,50,1,3,695,0.213352,0.213,695
training/04-2-Insertions_3.txt,150,0.25,0.10,0.70,50,1,4,695,0.213716,0.213,695
training/04-2-Insertions_3.txt,150,0.25,0.10,0.70,100,1,0,695,0.21357,0.213,695
training/04-2-Insertions_3.txt,150,0.25,0.10,0.70,100,1,1,695,0.213231,0.213,695
training/04-2-Insertions_3.txt,150,0.25,0.10,0.70,100,1,2,695,0.213613,0.213,695
training/04-2-Insertions_3.txt,150,0.25,0.10,0.70,100,1,3,695,0.213354,0.213,695
training/04-2-Insertions_3.txt,150,0.25,0.10,0.70,100,1,4,695,0.213231,0.213,695
training/04-2-Insertions_3.txt,150,0.25,0.10,0.70,50,2,0,695,0.213264,0.213,695
training/04-2-Insertions_3.txt,150,0.25,0.10,0.70,50,2,1,695,0.213349,0.213,695
training/04-2-Insertions_3.txt,150,0.25,0.10,0.70,50,2,2,695,0.213435,0.213,695
training/04-2-Insertions_3.txt,150,0.25,0.10,0.70,50,2,3,695,0.21349,0.213,695
training/04-2-Insertions_3.txt,150,0.25,0.10,0.70,50,2,4,695,0.21338,0.213,695
training/04-2-Insertions_3.txt,150,0.25,0.10,0.70,100,2,0,695,0.213265,0.213,695
training/04-2-Insertions_3.txt,150,0.25,0.10,0.70,100,2,1,695,0.213412,0.213,695
training/04-2-Insertions_3.txt,150,0.25,0.10,0.70,100,2,2,695,0.213217,0.213,695
training/04-2-Insertions_3.txt,150,0.25,0.10,0.70,100,2,3,695,0.213277,0.213,695
training/04-2-Insertions_3.txt,150,0.25,0.10,0.70,100,2,4,695,0.213301,0.213,695
training/04-2-Insertions_3.txt,150,0.25,0.10,0.80,50,1,0,695,0.213101,0.213,695
training/04-2-Insertions_3.txt,150,0.25,0.10,0.80,50,1,1,695,0.213397,0.213,695
training/04-2-Insertions_3.txt,150,0.25,0.10,0.80,50,1,2,695,0.213517,0.213,695
training/04-2-Insertions_3.txt,150,0.25,0.10,0.80,50,1,3,695,0.213187,0.213,695
training/04-2-Insertions_3.txt,150,0.25,0.10,0.80,50,1,4,695,0.213017,0.213,695
training/04-2-Insertions_3.txt,150,0.25,0.10,0.80,100,1,0,695,0.213041,0.213,695
training/04-2-Insertions_3.txt,150,0.25,0.10,0.80,100,1,1,695,0.213372,0.213,695
training/04-2-Insertions_3.txt,150,0.25,0.10,0.80,100,1,2,695,0.213406,0.213,695
training/04-2-Insertions_3.txt,150,0.25,0.10,0.80,100,1,3,695,0.213458,0.213,695
training/04-2-Insertions_3.txt,150,0.25,0.10,0.80,100,1,4,695,0.21311,0.213,695
training/04-2-Insertions_3.txt,150,0.25,0.10,0.80,50,2,0,695,0.213669,0.213,695
training/04-2-Insertions_3.txt,150,0.25,0.10,0.80,50,2,1,695,0.213558,0.213,695
training/04-2-Insertions_3.txt,150,0.25,0.10,0.80,50,2,2,695,0.213305,0.213,695
training/04-2-Insertions_3.txt,150,0.25,0.10,0.80,50,2,3,695,0.213465,0.213,695
training/04-2-Insertions_3.txt,150,0.25,0.10,0.80,50,2,4,695,0.213121,0.213,695
training/04-2-Insertions_3.txt,150,0.25,0.10,0.80,100,2,0,695,0.213183,0.213,695
training/04-2-Insertions_3.txt,150,0.25,0.10,0.80,100,2,1,695,0.213156,0.213,695
training/04-2-Insertions_3.txt,150,0.25,0.10,0.80,100,2,2,695,0.21356,0.213,695
training/04-2-Insertions_3.txt,150,0.25,0.10,0.80,100,2,3,695,0.213034,0.213,695
training/04-2-Insertions_3.txt,150,0.25,0.10,0.80,100,2,4,695,0.213234,0.213,695
training/04-2-Insertions_3.txt,150,0.25,0.20,0.70,50,1,0,695,0.213695,0.213,695
training/04-2-Insertions_3.txt,150,0.25,0.20,0.70,50,1,1,695,0.21363,0.213,695
training/04-2-Insertions_3.txt,150,0.25,0.20,0.70,50,1,2,695,0.213523,0.213,695
training/04-2-Insertions_3.txt,150,0.25,0.20,0.70,50,1,3,695,0.213543,0.213,695
training/04-2-Insertions_3.txt,150,0.25,0.20,0.70,50,1,4,695,0.213445,0.213,695
training/04-2-Insertions_3.txt,150,0.25,0.20,0.70,100,1,0,695,0.213684,0.213,695
training/04-2-Insertions_3.txt,150,0.25,0.20,0.70,100,1,1,695,0.213143,0.213,695
training/04-2-Insertions_3.txt,150,0.25,0.20,0.70,100,1,2,695,0.213581,0.213,695
training/04-2-Insertions_3.txt,150,0.25,0.20,0.70,100,1,3,695,0.213393,0.213,695
training/04-2-Insertions_3.txt,150,0.25,0.20,0.70,100,1,4,695,0.213468,0.213,695
training/04-2-Insertions_3.txt,150,0.25,0.20,0.70,50,2,0,695,0.213265,0.213,695
training/04-2-Insertions_3.txt,150,0.25,0.20,0.70,50,2,1,695,0.213053,0.213,695
training/04-2-Insertions_3.txt,150,0.25,0.20,0.70,50,2,2,695,0.213134,0.213,695
training/04-2-Insertions_3.txt,150,0.25,0.20,0.70,50,2,3,695,0.213615,0.213,695
training/04-2-Insertions_3.txt,150,0.25,0.20,0.70,50,2,4,695,0.213713,0.213,695
training/04-2-Insertions_3.txt,150,0.25,0.20,0.70,100,2,0,695,0.213517,0.213,695
training/04-2-Insertions_3.txt,150,0.25,0.20,0.70,100,2,1,695,0.213185,0.213,695
training/04-2-Insertions_3.txt,150,0.25,0.20,0.70,100,2,2,695,0.213187,0.213,695
training/04-2-Insertions_3.txt,150,0.25,0.20,0.70,100,2,3,695,0.213246,0.213,695
training/04-2-Insertions_3.txt,150,0.25,0.20,0.70,100,2,4,695,0.213231,0.213,695
training/04-2-Insertions_3.txt,150,0.25,0.20,0.80,50,1,0,695,0.213308,0.213,695
training/04-2-Insertions_3.txt,150,0.25,0.20,0.80,50,1,1,695,0.213008,0.213,695
training/04-2-Insertions_3.txt,150,0.25,0.20,0.80,50,1,2,695,0.213036,0.213,695
training/04-2-Insertions_3.txt,150,0.25,0.20,0.80,50,1,3,695,0.213034,0.213,695
training/04-2-Insertions_3.txt,150,0.25,0.20,0.80,50,1,4,695,0.213522,0.213,695
training/04-2-Insertions_3.txt,150,0.25,0.20,0.80,100,1,0,695,0.213563,0.213,695
training/04-2-Insertions_3.txt,150,0.25,0.20,0.80,100,1,1,695,0.213076,0.213,695
training/04-2-Insertions_3.txt,150,0.25,0.20,0.80,100,1,2,695,0.21348,0.213,695
training/04-2-Insertions_3.txt,150,0.25,0.20,0.80,100,1,3,695,0.213484,0.213,695
training/04-2-Insertions_3.txt,150,0.25,0.20,0.80,100,1,4,695,0.213283,0.213,695
training/04-2-Insertions_3.txt,150,0.25,0.20,0.80,50,2,0,695,0.213256,0.213,695
training/04-2-Insertions_3.txt,150,0.25,0.20,0.80,50,2,1,695,0.21331,0.213,695
training/04-2-Insertions_3.txt,150,0.25,0.20,0.80,50,2,2,695,0.213414,0.213,695
training/04-2-Insertions_3.txt,150,0.25,0.20,0.80,50,2,3,695,0.213346,0.213,695
training/04-2-Insertions_3.txt,150,0.25,0.20,0.80,50,2,4,695,0.213424,0.213,695
training/04-2-Insertions_3.txt,150,0.25,0.20,0.80,100,2,0,695,0.21338,0.213,695
training/04-2-Insertions_3.txt,150,0.25,0.20,0.80,100,2,1,695,0.213348,0.213,695
training/04-2-Insertions_3.txt,150,0.25,0.20,0.80,100,2,2,695,0.213376,0.213,695
training/04-2-Insertions_3.txt,150,0.25,0.20,0.80,100,2,3,695,0.213247,0.213,695
training/04-2-Insertions_3.txt,150,0.25,0.20,0.80,100,2,4,695,0.213693,0.213,695
training/04-2-Insertions_3.txt,200,0.20,0.10,0.70,50,1,0,695,0.21351,0.213,695
training/04-2-Insertions_3.txt,200,0.20,0.10,0.70,50,1,1,695,0.21385,0.213,695
training/04-2-Insertions_3.txt,200,0.20,0.10,0.70,50,1,2,695,0.213464,0.213,695
training/04-2-Insertions_3.txt,200,0.20,0.10,0.70,50,1,3,695,0.213527,0.213,695
training/04-2-Insertions_3.txt,200,0.20,0.10,0.70,50,1,4,695,0.213346,0.213,695
training/04-2-Insertions_3.txt,200,0.20,0.10,0.70,100,1,0,695,0.213418,0.213,695
training/04-2-Insertions_3.txt,200,0.20,0.10,0.70,100,1,1,695,0.213034,0.213,695
training/04-2-Insertions_3.txt,200,0.20,0.10,0.70,100,1,2,695,0.21307,0.213,695
training/04-2-Insertions_3.txt,200,0.20,0.10,0.70,100,1,3,695,0.215121,0.213,695
training/04-2-Insertions_3.txt,200,0.20,0.10,0.70,100,1,4,695,0.214137,0.213,695
training/04-2-Insertions_3.txt,200,0.20,0.10,0.70,50,2,0,695,0.215082,0.213,695
training/04-2-Insertions_3.txt,200,0.20,0.10,0.70,50,2,1,695,0.213304,0.213,695
training/04-2-Insertions_3.txt,200,0.20,0.10,0.70,50,2,2,695,0.213984,0.213,695
training/04-2-Insertions_3.txt,200,0.20,0.10,0.70,50,2,3,695,0.214484,0.213,695
training/04-2-Insertions_3.txt,200,0.20,0.10,0.70,50,2,4,695,0.214307,0.213,695
training/04-2-Insertions_3.txt,200,0.20,0.10,0.70,100,2,0,695,0.213719,0.213,695
training/04-2-Insertions_3.txt,200,0.20,0.10,0.70,100,2,1,695,0.213238,0.213,695
training/04-2-Insertions_3.txt,200,0.20,0.10,0.70,100,2,2,695,0.213903,0.213,695
training/04-2-Insertions_3.txt,200,0.20,0.10,0.70,100,2,3,695,0.213578,0.213,695
training/04-2-Insertions_3.txt,200,0.20,0.10,0.70,100,2,4,695,0.213879,0.213,695
training/04-2-Insertions_3.txt,200,0.20,0.10,0.80,50,1,0,695,0.2131,0.213,695
training/04-2-Insertions_3.txt,200,0.20,0.10,0.80,50,1,1,695,0.213857,0.213,695
training/04-2-Insertions_3.txt,200,0.20,0.10,0.80,50,1,2,695,0.213312,0.213,695
training/04-2-Insertions_3.txt,200,0.20,0.10,0.80,50,1,3,695,0.213439,0.213,695
training/04-2-Insertions_3.txt,200,0.20,0.10,0.80,50,1,4,695,0.213459,0.213,695
training/04-2-Insertions_3.txt,200,0.20,0.10,0.80,100,1,0,695,0.214303,0.213,695
training/04-2-Insertions_3.txt,200,0.20,0.10,0.80,100,1,1,695,0.213105,0.213,695
training/04-2-Insertions_3.txt,200,0.20,0.10,0.80,100,1,2,695,0.213787,0.213,695
training/04-2-Insertions_3.txt,200,0.20,0.10,0.80,100,1,3,695,0.213394,0.213,695
training/04-2-Insertions_3.txt,200,0.20,0.10,0.80,100,1,4,695,0.213831,0.213,695
training/04-2-Insertions_3.txt,200,0.20,0.10,0.80,50,2,0,695,0.213938,0.213,695
training/04-2-Insertions_3.txt,200,0.20,0.10,0.80,50,2,1,695,0.214096,0.213,695
training/04-2-Insertions_3.txt,200,0.20,0.10,0.80,50,2,2,695,0.213105,0.213,695
training/04-2-Insertions_3.txt,200,0.20,0.10,0.80,50,2,3,695,0.213744,0.213,695
training/04-2-Insertions_3.txt,200,0.20,0.10,0.80,50,2,4,695,0.21333,0.213,695
training/04-2-Insertions_3.txt,200,0.20,0.10,0.80,100,2,0,695,0.213974,0.213,695
training/04-2-Insertions_3.txt,200,0.20,0.10,0.80,100,2,1,695,0.213834,0.213,695
training/04-2-Insertions_3.txt,200,0.20,0.10,0.80,100,2,2,695,0.214025,0.213,695
training/04-2-Insertions_3.txt,200,0.20,0.10,0.80,100,2,3,695,0.21397,0.213,695
training/04-2-Insertions_3.txt,200,0.20,0.10,0.80,100,2,4,695,0.213719,0.213,695
training/04-2-Insertions_3.txt,200,0.20,0.20,0.70,50,1,0,695,0.213489,0.213,695
training/04-2-Insertions_3.txt,200,0.20,0.20,0.70,50,1,1,695,0.213885,0.213,695
training/04-2-Insertions_3.txt,200,0.20,0.20,0.70,50,1,2,695,0.213377,0.213,695
training/04-2-Insertions_3.txt,200,0.20,0.20,0.70,50,1,3,695,0.213514,0.213,695
training/04-2-Insertions_3.txt,200,0.20,0.20,0.70,50,1,4,695,0.213871,0.213,695
training/04-2-Insertions_3.txt,200,0.20,0.20,0.70,100,1,0,695,0.214636,0.213,695
training/04-2-Insertions_3.txt,200,0.20,0.20,0.70,100,1,1,695,0.213572,0.213,695
training/04-2-Insertions_3.txt,200,0.20,0.20,0.70,100,1,2,695,0.213469,0.213,695
training/04-2-Insertions_3.txt,200,0.20,0.20,0.70,100,1,3,695,0.214657,0.213,695
training/04-2-Insertions_3.txt,200,0.20,0.20,0.70,100,1,4,695,0.214129,0.213,695
training/04-2-Insertions_3.txt,200,0.20,0.20,0.70,50,2,0,695,0.213613,0.213,695
training/04-2-Insertions_3.txt,200,0.20,0.20,0.70,50,2,1,695,0.213726,0.213,695
training/04-2-Insertions_3.txt,200,0.20,0.20,0.70,50,2,2,695,0.213191,0.213,695
training/04-2-Insertions_3.txt,200,0.20,0.20,0.70,50,2,3,695,0.213735,0.213,695
training/04-2-Insertions_3.txt,200,0.20,0.20,0.70,50,2,4,695,0.214606,0.213,695
training/04-2-Insertions_3.txt,200,0.20,0.20,0.70,100,2,0,695,0.213158,0.213,695
training/04-2-Insertions_3.txt,200,0.20,0.20,0.70,100,2,1,695,0.214016,0.213,695
training/04-2-Insertions_3.txt,200,0.20,0.20,0.70,100,2,2,695,0.213463,0.213,695
training/04-2-Insertions_3.txt,200,0.20,0.20,0.70,100,2,3,695,0.213819,0.213,695
training/04-2-Insertions_3.txt,200,0.20,0.20,0.70,100,2,4,695,0.21301,0.213,695
training/04-2-Insertions_3.txt,200,0.20,0.20,0.80,50,1,0,695,0.213089,0.213,695
training/04-2-Insertions_3.txt,200,0.20,0.20,0.80,50,1,1,695,0.213344,0.213,695
training/04-2-Insertions_3.txt,200,0.20,0.20,0.80,50,1,2,695,0.213625,0.213,695
training/04-2-Insertions_3.txt,200,0.20,0.20,0.80,50,1,3,695,0.213019,0.213,695
training/04-2-Insertions_3.txt,200,0.20,0.20,0.80,50,1,4,695,0.213257,0.213,695
training/04-2-Insertions_3.txt,200,0.20,0.20,0.80,100,1,0,695,0.213309,0.213,695
training/04-2-Insertions_3.txt,200,0.20,0.20,0.80,100,1,1,695,0.213074,0.213,695
training/04-2-Insertions_3.txt,200,0.20,0.20,0.80,100,1,2,695,0.213636,0.213,695
training/04-2-Insertions_3.txt,200,0.20,0.20,0.80,100,1,3,695,0.213586,0.213,695
training/04-2-Insertions_3.txt,200,0.20,0.20,0.80,100,1,4,695,0.213443,0.213,695
training/04-2-Insertions_3.txt,200,0.20,0.20,0.80,50,2,0,695,0.21398,0.213,695
training/04-2-Insertions_3.txt,200,0.20,0.20,0.80,50,2,1,695,0.213663,0.213,695
training/04-2-Insertions_3.txt,200,0.20,0.20,0.80,50,2,2,695,0.213438,0.213,695
training/04-2-Insertions_3.txt,200,0.20,0.20,0.80,50,2,3,695,0.213546,0.213,695
training/04-2-Insertions_3.txt,200,0.20,0.20,0.80,50,2,4,695,0.213882,0.213,695
training/04-2-Insertions_3.txt,200,0.20,0.20,0.80,100,2,0,695,0.213541,0.213,695
training/04-2-Insertions_3.txt,200,0.20,0.20,0.80,100,2,1,695,0.21302,0.213,695
training/04-2-Insertions_3.txt,200,0.20,0.20,0.80,100,2,2,695,0.21309,0.213,695
training/04-2-Insertions_3.txt,200,0.20,0.20,0.80,100,2,3,695,0.213222,0.213,695
training/04-2-Insertions_3.txt,200,0.20,0.20,0.80,100,2,4,695,0.213711,0.213,695
training/04-2-Insertions_3.txt,200,0.25,0.10,0.70,50,1,0,695,0.213133,0.213,695
training/04-2-Insertions_3.txt,200,0.25,0.10,0.70,50,1,1,695,0.213931,0.213,695
training/04-2-Insertions_3.txt,200,0.25,0.10,0.70,50,1,2,695,0.213692,0.213,695
training/04-2-Insertions_3.txt,200,0.25,0.10,0.70,50,1,3,695,0.213279,0.213,695
training/04-2-Insertions_3.txt,200,0.25,0.10,0.70,50,1,4,695,0.213055,0.213,695
training/04-2-Insertions_3.txt,200,0.25,0.10,0.70,100,1,0,695,0.213576,0.213,695
training/04-2-Insertions_3.txt,200,0.25,0.10,0.70,100,1,1,695,0.213213,0.213,695
training/04-2-Insertions_3.txt,200,0.25,0.10,0.70,100,1,2,695,0.213767,0.213,695
training/04-2-Insertions_3.txt,200,0.25,0.10,0.70,100,1,3,695,0.213581,0.213,695
training/04-2-Insertions_3.txt,200,0.25,0.10,0.70,100,1,4,695,0.213343,0.213,695
training/04-2-Insertions_3.txt,200,0.25,0.10,0.70,50,2,0,695,0.213373,0.213,695
training/04-2-Insertions_3.txt,200,0.25,0.10,0.70,50,2,1,695,0.213253,0.213,695
training/04-2-Insertions_3.txt,200,0.25,0.10,0.70,50,2,2,695,0.213249,0.213,695
training/04-2-Insertions_3.txt,200,0.25,0.10,0.70,50,2,3,695,0.213658,0.213,695
training/04-2-Insertions_3.txt,200,0.25,0.10,0.70,50,2,4,695,0.213574,0.213,695
training/04-2-Insertions_3.txt,200,0.25,0.10,0.70,100,2,0,695,0.213183,0.213,695
training/04-2-Insertions_3.txt,200,0.25,0.10,0.70,100,2,1,695,0.213017,0.213,695
training/04-2-Insertions_3.txt,200,0.25,0.10,0.70,100,2,2,695,0.213417,0.213,695
training/04-2-Insertions_3.txt,200,0.25,0.10,0.70,100,2,3,695,0.213157,0.213,695
training/04-2-Insertions_3.txt,200,0.25,0.10,0.70,100,2,4,695,0.213933,0.213,695
training/04-2-Insertions_3.txt,200,0.25,0.10,0.80,50,1,0,695,0.213397,0.213,695
training/04-2-Insertions_3.txt,200,0.25,0.10,0.80,50,1,1,695,0.213309,0.213,695
training/04-2-Insertions_3.txt,200,0.25,0.10,0.80,50,1,2,695,0.213577,0.213,695
training/04-2-Insertions_3.txt,200,0.25,0.10,0.80,50,1,3,695,0.213797,0.213,695
training/04-2-Insertions_3.txt,200,0.25,0.10,0.80,50,1,4,695,0.213158,0.213,695
training/04-2-Insertions_3.txt,200,0.25,0.10,0.80,100,1,0,695,0.213647,0.213,695
training/04-2-Insertions_3.txt,200,0.25,0.10,0.80,100,1,1,695,0.213531,0.213,695
training/04-2-Insertions_3.txt,200,0.25,0.10,0.80,100,1,2,695,0.213739,0.213,695
training/04-2-Insertions_3.txt,200,0.25,0.10,0.80,100,1,3,695,0.21386,0.213,695
training/04-2-Insertions_3.txt,200,0.25,0.10,0.80,100,1,4,695,0.213844,0.213,695
training/04-2-Insertions_3.txt,200,0.25,0.10,0.80,50,2,0,695,0.213752,0.213,695
training/04-2-Insertions_3.txt,200,0.25,0.10,0.80,50,2,1,695,0.213572,0.213,695
training/04-2-Insertions_3.txt,200,0.25,0.10,0.80,50,2,2,695,0.213143,0.213,695
training/04-2-Insertions_3.txt,200,0.25,0.10,0.80,50,2,3,695,0.213293,0.213,695
training/04-2-Insertions_3.txt,200,0.25,0.10,0.80,50,2,4,695,0.213718,0.213,695
training/04-2-Insertions_3.txt,200,0.25,0.10,0.80,100,2,0,695,0.213728,0.213,695
training/04-2-Insertions_3.txt,200,0.25,0.10,0.80,100,2,1,695,0.213744,0.213,695
training/04-2-Insertions_3.txt,200,0.25,0.10,0.80,100,2,2,695,0.213485,0.213,695
training/04-2-Insertions_3.txt,200,0.25,0.10,0.80,100,2,3,695,0.213116,0.213,695
training/04-2-Insertions_3.txt,200,0.25,0.10,0.80,100,2,4,695,0.213679,0.213,695
training/04-2-Insertions_3.txt,200,0.25,0.20,0.70,50,1,0,695,0.213676,0.213,695
training/04-2-Insertions_3.txt,200,0.25,0.20,0.70,50,1,1,695,0.213712,0.213,695
training/04-2-Insertions_3.txt,200,0.25,0.20,0.70,50,1,2,695,0.213152,0.213,695
training/04-2-Insertions_3.txt,200,0.25,0.20,0.70,50,1,3,695,0.213298,0.213,695
training/04-2-Insertions_3.txt,200,0.25,0.20,0.70,50,1,4,695,0.213143,0.213,695
training/04-2-Insertions_3.txt,200,0.25,0.20,0.70,100,1,0,695,0.21314,0.213,695
training/04-2-Insertions_3.txt,200,0.25,0.20,0.70,100,1,1,695,0.213754,0.213,695
training/04-2-Insertions_3.txt,200,0.25,0.20,0.70,100,1,2,695,0.213836,0.213,695
training/04-2-Insertions_3.txt,200,0.25,0.20,0.70,100,1,3,695,0.213161,0.213,695
training/04-2-Insertions_3.txt,200,0.25,0.20,0.70,100,1,4,695,0.213566,0.213,695
training/04-2-Insertions_3.txt,200,0.25,0.20,0.70,50,2,0,695,0.213377,0.213,695
training/04-2-Insertions_3.txt,200,0.25,0.20,0.70,50,2,1,695,0.213101,0.213,695
training/04-2-Insertions_3.txt,200,0.25,0.20,0.70,50,2,2,695,0.213122,0.213,695
training/04-2-Insertions_3.txt,200,0.25,0.20,0.70,50,2,3,695,0.213856,0.213,695
training/04-2-Insertions_3.txt,200,0.25,0.20,0.70,50,2,4,695,0.213131,0.213,695
training/04-2-Insertions_3.txt,200,0.25,0.20,0.70,100,2,0,695,0.213596,0.213,695
training/04-2-Insertions_3.txt,200,0.25,0.20,0.70,100,2,1,695,0.21356,0.213,695
training/04-2-Insertions_3.txt,200,0.25,0.20,0.70,100,2,2,695,0.213031,0.213,695
training/04-2-Insertions_3.txt,200,0.25,0.20,0.70,100,2,3,695,0.213654,0.213,695
training/04-2-Insertions_3.txt,200,0.25,0.20,0.70,100,2,4,695,0.213585,0.213,695
training/04-2-Insertions_3.txt,200,0.25,0.20,0.80,50,1,0,695,0.213626,0.213,695
training/04-2-Insertions_3.txt,200,0.25,0.20,0.80,50,1,1,695,0.213314,0.213,695
training/04-2-Insertions_3.txt,200,0.25,0.20,0.80,50,1,2,695,0.213774,0.213,695
training/04-2-Insertions_3.txt,200,0.25,0.20,0.80,50,1,3,695,0.213342,0.213,695
training/04-2-Insertions_3.txt,200,0.25,0.20,0.80,50,1,4,695,0.213285,0.213,695
training/04-2-Insertions_3.txt,200,0.25,0.20,0.80,100,1,0,695,0.213346,0.213,695
training/04-2-Insertions_3.txt,200,0.25,0.20,0.80,100,1,1,695,0.213909,0.213,695
training/04-2-Insertions_3.txt,200,0.25,0.20,0.80,100,1,2,695,0.213891,0.213,695
training/04-2-Insertions_3.txt,200,0.25,0.20,0.80,100,1,3,695,0.213905,0.213,695
training/04-2-Insertions_3.txt,200,0.25,0.20,0.80,100,1,4,695,0.213067,0.213,695
training/04-2-Insertions_3.txt,200,0.25,0.20,0.80,50,2,0,695,0.21385,0.213,695
training/04-2-Insertions_3.txt,200,0.25,0.20,0.80,50,2,1,695,0.213819,0.213,695
training/04-2-Insertions_3.txt,200,0.25,0.20,0.80,50,2,2,695,0.213522,0.213,695
training/04-2-Insertions_3.txt,200,0.25,0.20,0.80,50,2,3,695,0.213402,0.213,695
training/04-2-Insertions_3.txt,200,0.25,0.20,0.80,50,2,4,695,0.213201,0.213,695
training/04-2-Insertions_3.txt,200,0.25,0.20,0.80,100,2,0,695,0.21328,0.213,695
training/04-2-Insertions_3.txt,200,0.25,0.20,0.80,100,2,1,695,0.21393,0.213,695
training/04-2-Insertions_3.txt,200,0.25,0.20,0.80,100,2,2,695,0.213578,0.213,695
training/04-2-Insertions_3.txt,200,0.25,0.20,0.80,100,2,3,695,0.213303,0.213,695
training/04-2-Insertions_3.txt,200,0.25,0.20,0.80,100,2,4,695,0.213596,0.213,695
training/05-myciel5.txt,100,0.20,0.10,0.70,50,1,0,2212,0.548101,0.548,2212
training/05-myciel5.txt,100,0.20,0.10,0.70,50,1,1,2212,0.548638,0.548,2212
training/05-myciel5.txt,100,0.20,0.10,0.70,50,1,2,2212,0.548374,0.548,2212
training/05-myciel5.txt,100,0.20,0.10,0.70,50,1,3,2212,0.548379,0.548,2212
training/05-myciel5.txt,100,0.20,0.10,0.70,50,1,4,2212,0.54829,0.548,2212
training/05-myciel5.txt,100,0.20,0.10,0.70,100,1,0,2212,0.549131,0.548,2212
training/05-myciel5.txt,100,0.20,0.10,0.70,100,1,1,2212,0.548852,0.548,2212
training/05-myciel5.txt,100,0.20,0.10,0.70,100,1,2,2212,0.549035,0.548,2212
training/05-myciel5.txt,100,0.20,0.10,0.70,100,1,3,2212,0.548554,0.548,2212
training/05-myciel5.txt,100,0.20,0.10,0.70,100,1,4,2212,0.549128,0.548,2212
training/05-myciel5.txt,100,0.20,0.10,0.70,50,2,0,2212,0.548249,0.548,2212
training/05-myciel5.txt,100,0.20,0.10,0.70,50,2,1,2212,0.548204,0.548,2212
training/05-myciel5.txt,100,0.20,0.10,0.70,50,2,2,2212,0.548895,0.548,2212
training/05-myciel5.txt,100,0.20,0.10,0.70,50,2,3,2212,0.548266,0.548,2212
training/05-myciel5.txt,100,0.20,0.10,0.70,50,2,4,2212,0.548317,0.548,2212
training/05-myciel5.txt,100,0.20,0.10,0.70,100,2,0,2212,0.548122,0.548,2212
training/05-myciel5.txt,100,0.20,0.10,0.70,100,2,1,2212,0.548561,0.548,2212
training/05-myciel5.txt,100,0.20,0.10,0.70,100,2,2,2212,0.548699,0.548,2212
training/05-myciel5.txt,100,0.20,0.10,0.70,100,2,3,2212,0.549095,0.548,2212
training/05-myciel5.txt,100,0.20,0.10,0.70,100,2,4,2212,0.549127,0.548,2212
training/05-myciel5.txt,100,0.20,0.10,0.80,50,1,0,2212,0.548191,0.548,2212
training/05-myciel5.txt,100,0.20,0.10,0.80,50,1,1,2212,0.548732,0.548,2212
training/05-myciel5.txt,100,0.20,0.10,0.80,50,1,2,2212,0.548053,0.548,2212
training/05-myciel5.txt,100,0.20,0.10,0.80,50,1,3,2212,0.548457,0.548,2212
training/05-myciel5.txt,100,0.20,0.10,0.80,50,1,4,2212,0.54887,0.548,2212
training/05-myciel5.txt,100,0.20,0.10,0.80,100,1,0,2212,0.549047,0.548,2212
training/05-myciel5.txt,100,0.20,0.10,0.80,100,1,1,2212,0.548916,0.548,2212
training/05-myciel5.txt,100,0.20,0.10,0.80,100,1,2,2212,0.549041,0.548,2212
training/05-myciel5.txt,100,0.20,0.10,0.80,100,1,3,2212,0.54913,0.548,2212
training/05-myciel5.txt,100,0.20,0.10,0.80,100,1,4,2212,0.548725,0.548,2212
training/05-myciel5.txt,100,0.20,0.10,0.80,50,2,0,2212,0.548743,0.548,2212
training/05-myciel5.txt,100,0.20,0.10,0.80,50,2,1,2212,0.548048,0.548,2212
training/05-myciel5.txt,100,0.20,0.10,0.80,50,2,2,2212,0.548773,0.548,2212
training/05-myciel5.txt,100,0.20,0.10,0.80,50,2,3,2212,0.548035,0.548,2212
training/05-myciel5.txt,100,0.20,0.10,0.80,50,2,4,2212,0.549083,0.548,2212
training/05-myciel5.txt,100,0.20,0.10,0.80,100,2,0,2212,0.548759,0.548,2212
training/05-myciel5.txt,100,0.20,0.10,0.80,100,2,1,2212,0.548078,0.548,2212
training/05-myciel5.txt,100,0.20,0.10,0.80,100,2,2,2212,0.548263,0.548,2212
training/05-myciel5.txt,100,0.20,0.10,0.80,100,2,3,2212,0.548885,0.548,2212
training/05-myciel5.txt,100,0.20,0.10,0.80,100,2,4,2212,0.548243,0.548,2212
training/05-myciel5.txt,100,0.20,0.20,0.70,50,1,0,2212,0.548584,0.548,2212
training/05-myciel5.txt,100,0.20,0.20,0.70,50,1,1,2212,0.548363,0.548,2212
training/05-myciel5.txt,100,0.20,0.20,0.70,50,1,2,2212,0.54805,0.548,2212
training/05-myciel5.txt,100,0.20,0.20,0.70,50,1,3,2212,0.548936,0.548,2212
training/05-myciel5.txt,100,0.20,0.20,0.70,50,1,4,2212,0.548719,0.548,2212
training/05-myciel5.txt,100,0.20,0.20,0.70,100,1,0,2212,0.548164,0.548,2212
training/05-myciel5.txt,100,0.20,0.20,0.70,100,1,1,2212,0.549137,0.548,2212
training/05-myciel5.txt,100,0.20,0.20,0.70,100,1,2,2212,0.548275,0.548,2212
training/05-myciel5.txt,100,0.20,0.20,0.70,100,1,3,2212,0.548983,0.548,2212
training/05-myciel5.txt,100,0.20,0.20,0.70,100,1,4,2212,0.549079,0.548,2212
training/05-myciel5.txt,100,0.20,0.20,0.70,50,2,0,2212,0.548882,0.548,2212
training/05-myciel5.txt,100,0.20,0.20,0.70,50,2,1,2212,0.548623,0.548,2212
training/05-myciel5.txt,100,0.20,0.20,0.70,50,2,2,2212,0.548875,0.548,2212
training/05-myciel5.txt,100,0.20,0.20,0.70,50,2,3,2212,0.548763,0.548,2212
training/05-myciel5.txt,100,0.20,0.20,0.70,50,2,4,2212,0.548139,0.548,2212
training/05-myciel5.txt,100,0.20,0.20,0.70,100,2,0,2212,0.548541,0.548,2212
training/05-myciel5.txt,100,0.20,0.20,0.70,100,2,1,2212,0.548152,0.548,2212
training/05-myciel5.txt,100,0.20,0.20,0.70,100,2,2,2212,0.548547,0.548,2212
training/05-myciel5.txt,100,0.20,0.20,0.70,100,2,3,2212,0.549074,0.548,2212
training/05-myciel5.txt,100,0.20,0.20,0.70,100,2,4,2212,0.548596,0.548,2212
training/05-myciel5.txt,100,0.20,0.20,0.80,50,1,0,2212,0.548462,0.548,2212
training/05-myciel5.txt,100,0.20,0.20,0.80,50,1,1,2212,0.548327,0.548,2212
training/05-myciel5.txt,100,0.20,0.20,0.80,50,1,2,2212,0.548557,0.548,2212
training/05-myciel5.txt,100,0.20,0.20,0.80,50,1,3,2212,0.548854,0.548,2212
training/05-myciel5.txt,100,0.20,0.20,0.80,50,1,4,2212,0.549159,0.548,2212
training/05-myciel5.txt,100,0.20,0.20,0.80,100,1,0,2212,0.548852,0.548,2212
training/05-myciel5.txt,100,0.20,0.20,0.80,100,1,1,2212,0.548472,0.548,2212
training/05-myciel5.txt,100,0.20,0.20,0.80,100,1,2,2212,0.548583,0.548,2212
training/05-myciel5.txt,100,0.20,0.20,0.80,100,1,3,2212,0.548913,0.548,2212
training/05-myciel5.txt,100,0.20,0.20,0.80,100,1,4,2212,0.548169,0.548,2212
training/05-myciel5.txt,100,0.20,0.20,0.80,50,2,0,2212,0.548641,0.548,2212
training/05-myciel5.txt,100,0.20,0.20,0.80,50,2,1,2212,0.548228,0.548,2212
training/05-myciel5.txt,100,0.20,0.20,0.80,50,2,2,2212,0.54888,0.548,2212
training/05-myciel5.txt,100,0.20,0.20,0.80,50,2,3,2212,0.548544,0.548,2212
training/05-myciel5.txt,100,0.20,0.20,0.80,50,2,4,2212,0.54878,0.548,2212
training/05-myciel5.txt,100,0.20,0.20,0.80,100,2,0,2212,0.548092,0.548,2212
training/05-myciel5.txt,100,0.20,0.20,0.80,100,2,1,2212,0.54805,0.548,2212
training/05-myciel5.txt,100,0.20,0.20,0.80,100,2,2,2212,0.548647,0.548,2212
training/05-myciel5.txt,100,0.20,0.20,0.80,100,2,3,2212,0.548126,0.548,2212
training/05-myciel5.txt,100,0.20,0.20,0.80,100,2,4,2212,0.548205,0.548,2212
training/05-myciel5.txt,100,0.25,0.10,0.70,50,1,0,2212,0.548742,0.548,2212
training/05-myciel5.txt,100,0.25,0.10,0.70,50,1,1,2212,0.54848,0.548,2212
training/05-myciel5.txt,100,0.25,0.10,0.70,50,1,2,2212,0.548149,0.548,2212
training/05-myciel5.txt,100,0.25,0.10,0.70,50,1,3,2212,0.548558,0.548,2212
training/05-myciel5.txt,100,0.25,0.10,0.70,50,1,4,2212,0.548962,0.548,2212
training/05-myciel5.txt,100,0.25,0.10,0.70,100,1,0,2212,0.548178,0.548,2212
training/05-myciel5.txt,100,0.25,0.10,0.70,100,1,1,2212,0.548889,0.548,2212
training/05-myciel5.txt,100,0.25,0.10,0.70,100,1,2,2212,0.548598,0.548,2212
training/05-myciel5.txt,100,0.25,0.10,0.70,100,1,3,2212,0.54823,0.548,2212
training/05-myciel5.txt,100,0.25,0.10,0.70,100,1,4,2212,0.548715,0.548,2212
training/05-myciel5.txt,100,0.25,0.10,0.70,50,2,0,2212,0.548178,0.548,2212
training/05-myciel5.txt,100,0.25,0.10,0.70,50,2,1,2212,0.548531,0.548,2212
training/05-myciel5.txt,100,0.25,0.10,0.70,50,2,2,2212,0.54814,0.548,2212
training/05-myciel5.txt,100,0.25,0.10,0.70,50,2,3,2212,0.548897,0.548,2212
training/05-myciel5.txt,100,0.25,0.10,0.70,50,2,4,2212,0.54872,0.548,2212
training/05-myciel5.txt,100,0.25,0.10,0.70,100,2,0,2212,0.549087,0.548,2212
training/05-myciel5.txt,100,0.25,0.10,0.70,100,2,1,2212,0.548839,0.548,2212
training/05-myciel5.txt,100,0.25,0.10,0.70,100,2,2,2212,0.548872,0.548,2212
training/05-myciel5.txt,100,0.25,0.10,0.70,100,2,3,2212,0.548984,0.548,2212
training/05-myciel5.txt,100,0.25,0.10,0.70,100,2,4,2212,0.548928,0.548,2212
training/05-myciel5.txt,100,0.25,0.10,0.80,50,1,0,2212,0.548337,0.548,2212
training/05-myciel5.txt,100,0.25,0.10,0.80,50,1,1,2212,0.548449,0.548,2212
training/05-myciel5.txt,100,0.25,0.10,0.80,50,1,2,2212,0.548929,0.548,2212
training/05-myciel5.txt,100,0.25,0.10,0.80,50,1,3,2212,0.5484,0.548,2212
training/05-myciel5.txt,100,0.25,0.10,0.80,50,1,4,2212,0.549007,0.548,2212
training/05-myciel5.txt,100,0.25,0.10,0.80,100,1,0,2212,0.549036,0.548,2212
training/05-myciel5.txt,100,0.25,0.10,0.80,100,1,1,2212,0.548571,0.548,2212
training/05-myciel5.txt,100,0.25,0.10,0.80,100,1,2,2212,0.549011,0.548,2212
training/05-myciel5.txt,100,0.25,0.10,0.80,100,1,3,2212,0.548654,0.548,2212
training/05-myciel5.txt,100,0.25,0.10,0.80,100,1,4,2212,0.548679,0.548,2212
training/05-myciel5.txt,100,0.25,0.10,0.80,50,2,0,2212,0.548193,0.548,2212
training/05-myciel5.txt,100,0.25,0.10,0.80,50,2,1,2212,0.549038,0.548,2212
training/05-myciel5.txt,100,0.25,0.10,0.80,50,2,2,2212,0.548295,0.548,2212
training/05-myciel5.txt,100,0.25,0.10,0.80,50,2,3,2212,0.548519,0.548,2212
training/05-myciel5.txt,100,0.25,0.10,0.80,50,2,4,2212,0.548324,0.548,2212
training/05-myciel5.txt,100,0.25,0.10,0.80,100,2,0,2212,0.548475,0.548,2212
training/05-myciel5.txt,100,0.25,0.10,0.80,100,2,1,2212,0.548851,0.548,2212
training/05-myciel5.txt,100,0.25,0.10,0.80,100,2,2,2212,0.549007,0.548,2212
training/05-myciel5.txt,100,0.25,0.10,0.80,100,2,3,2212,0.548254,0.548,2212
training/05-myciel5.txt,100,0.25,0.10,0.80,100,2,4,2212,0.549033,0.548,2212
training/05-myciel5.txt,100,0.25,0.20,0.70,50,1,0,2212,0.548358,0.548,2212
training/05-myciel5.txt,100,0.25,0.20,0.70,50,1,1,2212,0.54826,0.548,2212
training/05-myciel5.txt,100,0.25,0.20,0.70,50,1,2,2212,0.548415,0.548,2212
training/05-myciel5.txt,100,0.25,0.20,0.70,50,1,3,2212,0.548795,0.548,2212
training/05-myciel5.txt,100,0.25,0.20,0.70,50,1,4,2212,0.548324,0.548,2212
training/05-myciel5.txt,100,0.25,0.20,0.70,100,1,0,2212,0.548426,0.548,2212
training/05-myciel5.txt,100,0.25,0.20,0.70,100,1,1,2212,0.548795,0.548,2212
training/05-myciel5.txt,100,0.25,0.20,0.70,100,1,2,2212,0.548316,0.548,2212
training/05-myciel5.txt,100,0.25,0.20,0.70,100,1,3,2212,0.548762,0.548,2212
training/05-myciel5.txt,100,0.25,0.20,0.70,100,1,4,2212,0.548219,0.548,2212
training/05-myciel5.txt,100,0.25,0.20,0.70,50,2,0,2212,0.548341,0.548,2212
training/05-myciel5.txt,100,0.25,0.20,0.70,50,2,1,2212,0.548903,0.548,2212
training/05-myciel5.txt,100,0.25,0.20,0.70,50,2,2,2212,0.548261,0.548,2212
training/05-myciel5.txt,100,0.25,0.20,0.70,50,2,3,2212,0.548515,0.548,2212
training/05-myciel5.txt,100,0.25,0.20,0.70,50,2,4,2212,0.54823,0.548,2212
training/05-myciel5.txt,100,0.25,0.20,0.70,100,2,0,2212,0.548707,0.548,2212
training/05-myciel5.txt,100,0.25,0.20,0.70,100,2,1,2212,0.548909,0.548,2212
training/05-myciel5.txt,100,0.25,0.20,0.70,100,2,2,2212,0.548258,0.548,2212
training/05-myciel5.txt,100,0.25,0.20,0.70,100,2,3,2212,0.548209,0.548,2212
training/05-myciel5.txt,100,0.25,0.20,0.70,100,2,4,2212,0.548551,0.548,2212
training/05-myciel5.txt,100,0.25,0.20,0.80,50,1,0,2212,0.548579,0.548,2212
training/05-myciel5.txt,100,0.25,0.20,0.80,50,1,1,2212,0.548923,0.548,2212
training/05-myciel5.txt,100,0.25,0.20,0.80,50,1,2,2212,0.548351,0.548,2212
training/05-myciel5.txt,100,0.25,0.20,0.80,50,1,3,2212,0.548628,0.548,2212
training/05-myciel5.txt,100,0.25,0.20,0.80,50,1,4,2212,0.54902,0.548,2212
training/05-myciel5.txt,100,0.25,0.20,0.80,100,1,0,2212,0.548548,0.548,2212
training/05-myciel5.txt,100,0.25,0.20,0.80,100,1,1,2212,0.549003,0.548,2212
training/05-myciel5.txt,100,0.25,0.20,0.80,100,1,2,2212,0.548043,0.548,2212
training/05-myciel5.txt,100,0.25,0.20,0.80,100,1,3,2212,0.548123,0.548,2212
training/05-myciel5.txt,100,0.25,0.20,0.80,100,1,4,2212,0.548154,0.548,2212
training/05-myciel5.txt,100,0.25,0.20,0.80,50,2,0,2212,0.548992,0.548,2212
training/05-myciel5.txt,100,0.25,0.20,0.80,50,2,1,2212,0.548631,0.548,2212
training/05-myciel5.txt,100,0.25,0.20,0.80,50,2,2,2212,0.548586,0.548,2212
training/05-myciel5.txt,100,0.25,0.20,0.80,50,2,3,2212,0.548762,0.548,2212
training/05-myciel5.txt,100,0.25,0.20,0.80,50,2,4,2212,0.548136,0.548,2212
training/05-myciel5.txt,100,0.25,0.20,0.80,100,2,0,2212,0.548175,0.548,2212
training/05-myciel5.txt,100,0.25,0.20,0.80,100,2,1,2212,0.548468,0.548,2212
training/05-myciel5.txt,100,0.25,0.20,0.80,100,2,2,2212,0.549075,0.548,2212
training/05-myciel5.txt,100,0.25,0.20,0.80,100,2,3,2212,0.548645,0.548,2212
training/05-myciel5.txt,100,0.25,0.20,0.80,100,2,4,2212,0.548314,0.548,2212
training/05-myciel5.txt,150,0.20,0.10,0.70,50,1,0,2212,0.54885,0.548,2212
training/05-myciel5.txt,150,0.20,0.10,0.70,50,1,1,2212,0.548407,0.548,2212
training/05-myciel5.txt,150,0.20,0.10,0.70,50,1,2,2212,0.548212,0.548,2212
training/05-myciel5.txt,150,0.20,0.10,0.70,50,1,3,2212,0.54911,0.548,2212
training/05-myciel5.txt,150,0.20,0.10,0.70,50,1,4,2212,0.548701,0.548,2212
training/05-myciel5.txt,150,0.20,0.10,0.70,100,1,0,2212,0.551117,0.548,2212
training/05-myciel5.txt,150,0.20,0.10,0.70,100,1,1,2212,0.548975,0.548,2212
training/05-myciel5.txt,150,0.20,0.10,0.70,100,1,2,2212,0.550254,0.548,2212
training/05-myciel5.txt,150,0.20,0.10,0.70,100,1,3,2212,0.54877,0.548,2212
training/05-myciel5.txt,150,0.20,0.10,0.70,100,1,4,2212,0.551134,0.548,2212
training/05-myciel5.txt,150,0.20,0.10,0.70,50,2,0,2212,0.550155,0.548,2212
training/05-myciel5.txt,150,0.20,0.10,0.70,50,2,1,2212,0.548625,0.548,2212
training/05-myciel5.txt,150,0.20,0.10,0.70,50,2,2,2212,0.549784,0.548,2212
training/05-myciel5.txt,150,0.20,0.10,0.70,50,2,3,2212,0.550712,0.548,2212
training/05-myciel5.txt,150,0.20,0.10,0.70,50,2,4,2212,0.549313,0.548,2212
training/05-myciel5.txt,150,0.20,0.10,0.70,100,2,0,2212,0.548421,0.548,2212
training/05-myciel5.txt,150,0.20,0.10,0.70,100,2,1,2212,0.54802,0.548,2212
training/05-myciel5.txt,150,0.20,0.10,0.70,100,2,2,2212,0.54944,0.548,2212
training/05-myciel5.txt,150,0.20,0.10,0.70,100,2,3,2212,0.549521,0.548,2212
training/05-myciel5.txt,150,0.20,0.10,0.70,100,2,4,2212,0.548579,0.548,2212
training/05-myciel5.txt,150,0.20,0.10,0.80,50,1,0,2212,0.548692,0.548,2212
training/05-myciel5.txt,150,0.20,0.10,0.80,50,1,1,2212,0.548322,0.548,2212
training/05-myciel5.txt,150,0.20,0.10,0.80,50,1,2,2212,0.5483,0.548,2212
training/05-myciel5.txt,150,0.20,0.10,0.80,50,1,3,2212,0.549578,0.548,2212
training/05-myciel5.txt,150,0.20,0.10,0.80,50,1,4,2212,0.548818,0.548,2212
training/05-myciel5.txt,150,0.20,0.10,0.80,100,1,0,2212,0.548896,0.548,2212
training/05-myciel5.txt,150,0.20,0.10,0.80,100,1,1,2212,0.549602,0.548,2212
training/05-myciel5.txt,150,0.20,0.10,0.80,100,1,2,2212,0.548655,0.548,2212
training/05-myciel5.txt,150,0.20,0.10,0.80,100,1,3,2212,0.548269,0.548,2212
training/05-myciel5.txt,150,0.20,0.10,0.80,100,1,4,2212,0.548161,0.548,2212
training/05-myciel5.txt,150,0.20,0.10,0.80,50,2,0,2212,0.549159,0.548,2212
training/05-myciel5.txt,150,0.20,0.10,0.80,50,2,1,2212,0.548039,0.548,2212
training/05-myciel5.txt,150,0.20,0.10,0.80,50,2,2,2212,0.54862,0.548,2212
training/05-myciel5.txt,150,0.20,0.10,0.80,50,2,3,2212,0.549442,0.548,2212
training/05-myciel5.txt,150,0.20,0.10,0.80,50,2,4,2212,0.548387,0.548,2212
training/05-myciel5.txt,150,0.20,0.10,0.80,100,2,0,2212,0.54935,0.548,2212
training/05-myciel5.txt,150,0.20,0.10,0.80,100,2,1,2212,0.548412,0.548,2212
training/05-myciel5.txt,150,0.20,0.10,0.80,100,2,2,2212,0.549063,0.548,2212
training/05-myciel5.txt,150,0.20,0.10,0.80,100,2,3,2212,0.548629,0.548,2212
training/05-myciel5.txt,150,0.20,0.10,0.80,100,2,4,2212,0.548241,0.548,2212
training/05-myciel5.txt,150,0.20,0.20,0.70,50,1,0,2212,0.549684,0.548,2212
training/05-myciel5.txt,150,0.20,0.20,0.70,50,1,1,2212,0.548409,0.548,2212
training/05-myciel5.txt,150,0.20,0.20,0.70,50,1,2,2212,0.548528,0.548,2212
training/05-myciel5.txt,150,0.20,0.20,0.70,50,1,3,2212,0.548996,0.548,2212
training/05-myciel5.txt,150,0.20,0.20,0.70,50,1,4,2212,0.549571,0.548,2212
training/05-myciel5.txt,150,0.20,0.20,0.70,100,1,0,2212,0.551131,0.548,2212
training/05-myciel5.txt,150,0.20,0.20,0.70,100,1,1,2212,0.549564,0.548,2212
training/05-myciel5.txt,150,0.20,0.20,0.70,100,1,2,2212,0.548078,0.548,2212
training/05-myciel5.txt,150,0.20,0.20,0.70,100,1,3,2212,0.548216,0.548,2212
training/05-myciel5.txt,150,0.20,0.20,0.70,100,1,4,2212,0.550366,0.548,2212
training/05-myciel5.txt,150,0.20,0.20,0.70,50,2,0,2212,0.549334,0.548,2212
training/05-myciel5.txt,150,0.20,0.20,0.70,50,2,1,2212,0.550996,0.548,2212
training/05-myciel5.txt,150,0.20,0.20,0.70,50,2,2,2212,0.549905,0.548,2212
training/05-myciel5.txt,150,0.20,0.20,0.70,50,2,3,2212,0.550284,0.548,2212
training/05-myciel5.txt,150,0.20,0.20,0.70,50,2,4,2212,0.551087,0.548,2212
training/05-myciel5.txt,150,0.20,0.20,0.70,100,2,0,2212,0.548948,0.548,2212
training/05-myciel5.txt,150,0.20,0.20,0.70,100,2,1,2212,0.548454,0.548,2212
training/05-myciel5.txt,150,0.20,0.20,0.70,100,2,2,2212,0.548963,0.548,2212
training/05-myciel5.txt,150,0.20,0.20,0.70,100,2,3,2212,0.548093,0.548,2212
training/05-myciel5.txt,150,0.20,0.20,0.70,100,2,4,2212,0.54806,0.548,2212
training/05-myciel5.txt,150,0.20,0.20,0.80,50,1,0,2212,0.54902,0.548,2212
training/05-myciel5.txt,150,0.20,0.20,0.80,50,1,1,2212,0.550089,0.548,2212
training/05-myciel5.txt,150,0.20,0.20,0.80,50,1,2,2212,0.549359,0.548,2212
training/05-myciel5.txt,150,0.20,0.20,0.80,50,1,3,2212,0.549575,0.548,2212
training/05-myciel5.txt,150,0.20,0.20,0.80,50,1,4,2212,0.548105,0.548,2212
training/05-myciel5.txt,150,0.20,0.20,0.80,100,1,0,2212,0.548712,0.548,2212
training/05-myciel5.txt,150,0.20,0.20,0.80,100,1,1,2212,0.548327,0.548,2212
training/05-myciel5.txt,150,0.20,0.20,0.80,100,1,2,2212,0.548305,0.548,2212
training/05-myciel5.txt,150,0.20,0.20,0.80,100,1,3,2212,0.548473,0.548,2212
training/05-myciel5.txt,150,0.20,0.20,0.80,100,1,4,2212,0.548165,0.548,2212
training/05-myciel5.txt,150,0.20,0.20,0.80,50,2,0,2212,0.551833,0.548,2212
training/05-myciel5.txt,150,0.20,0.20,0.80,50,2,1,2212,0.548444,0.548,2212
training/05-myciel5.txt,150,0.20,0.20,0.80,50,2,2,2212,0.549231,0.548,2212
training/05-myciel5.txt,150,0.20,0.20,0.80,50,2,3,2212,0.5488,0.548,2212
training/05-myciel5.txt,150,0.20,0.20,0.80,50,2,4,2212,0.548769,0.548,2212
training/05-myciel5.txt,150,0.20,0.20,0.80,100,2,0,2212,0.548573,0.548,2212
training/05-myciel5.txt,150,0.20,0.20,0.80,100,2,1,2212,0.54903,0.548,2212
training/05-myciel5.txt,150,0.20,0.20,0.80,100,2,2,2212,0.549297,0.548,2212
training/05-myciel5.txt,150,0.20,0.20,0.80,100,2,3,2212,0.548554,0.548,2212
training/05-myciel5.txt,150,0.20,0.20,0.80,100,2,4,2212,0.548134,0.548,2212
training/05-myciel5.txt,150,0.25,0.10,0.70,50,1,0,2212,0.549662,0.548,2212
training/05-myciel5.txt,150,0.25,0.10,0.70,50,1,1,2212,0.549734,0.548,2212
training/05-myciel5.txt,150,0.25,0.10,0.70,50,1,2,2212,0.548048,0.548,2212
training/05-myciel5.txt,150,0.25,0.10,0.70,50,1,3,2212,0.548997,0.548,2212
training/05-myciel5.txt,150,0.25,0.10,0.70,50,1,4,2212,0.548668,0.548,2212
training/05-myciel5.txt,150,0.25,0.10,0.70,100,1,0,2212,0.549395,0.548,2212
training/05-myciel5.txt,150,0.25,0.10,0.70,100,1,1,2212,0.54929,0.548,2212
training/05-myciel5.txt,150,0.25,0.10,0.70,100,1,2,2212,0.54877,0.548,2212
training/05-myciel5.txt,150,0.25,0.10,0.70,100,1,3,2212,0.548716,0.548,2212
training/05-myciel5.txt,150,0.25,0.10,0.70,100,1,4,2212,0.549246,0.548,2212
training/05-myciel5.txt,150,0.25,0.10,0.70,50,2,0,2212,0.549424,0.548,2212
training/05-myciel5.txt,150,0.25,0.10,0.70,50,2,1,2212,0.549293,0.548,2212
training/05-myciel5.txt,150,0.25,0.10,0.70,50,2,2,2212,0.549305,0.548,2212
training/05-myciel5.txt,150,0.25,0.10,0.70,50,2,3,2212,0.548375,0.548,2212
training/05-myciel5.txt,150,0.25,0.10,0.70,50,2,4,2212,0.548715,0.548,2212
training/05-myciel5.txt,150,0.25,0.10,0.70,100,2,0,2212,0.548174,0.548,2212
training/05-myciel5.txt,150,0.25,0.10,0.70,100,2,1,2212,0.548232,0.548,2212
training/05-myciel5.txt,150,0.25,0.10,0.70,100,2,2,2212,0.548066,0.548,2212
training/05-myciel5.txt,150,0.25,0.10,0.70,100,2,3,2212,0.548542,0.548,2212
training/05-myciel5.txt,150,0.25,0.10,0.70,100,2,4,2212,0.548686,0.548,2212
training/05-myciel5.txt,150,0.25,0.10,0.80,50,1,0,2212,0.548689,0.548,2212
training/05-myciel5.txt,150,0.25,0.10,0.80,50,1,1,2212,0.549012,0.548,2212
training/05-myciel5.txt,150,0.25,0.10,0.80,50,1,2,2212,0.54803,0.548,2212
training/05-myciel5.txt,150,0.25,0.10,0.80,50,1,3,2212,0.549013,0.548,2212
training/05-myciel5.txt,150,0.25,0.10,0.80,50,1,4,2212,0.549686,0.548,2212
training/05-myciel5.txt,150,0.25,0.10,0.80,100,1,0,2212,0.548818,0.548,2212
training/05-myciel5.txt,150,0.25,0.10,0.80,100,1,1,2212,0.548436,0.548,2212
training/05-myciel5.txt,150,0.25,0.10,0.80,100,1,2,2212,0.549277,0.548,2212
training/05-myciel5.txt,150,0.25,0.10,0.80,100,1,3,2212,0.548651,0.548,2212
training/05-myciel5.txt,150,0.25,0.10,0.80,100,1,4,2212,0.548603,0.548,2212
training/05-myciel5.txt,150,0.25,0.10,0.80,50,2,0,2212,0.548298,0.548,2212
training/05-myciel5.txt,150,0.25,0.10,0.80,50,2,1,2212,0.548986,0.548,2212
training/05-myciel5.txt,150,0.25,0.10,0.80,50,2,2,2212,0.54928,0.548,2212
training/05-myciel5.txt,150,0.25,0.10,0.80,50,2,3,2212,0.549187,0.548,2212
training/05-myciel5.txt,150,0.25,0.10,0.80,50,2,4,2212,0.550933,0.548,2212
training/05-myciel5.txt,150,0.25,0.10,0.80,100,2,0,2212,0.548102,0.548,2212
training/05-myciel5.txt,150,0.25,0.10,0.80,100,2,1,2212,0.549057,0.548,2212
training/05-myciel5.txt,150,0.25,0.10,0.80,100,2,2,2212,0.548263,0.548,2212
training/05-myciel5.txt,150,0.25,0.10,0.80,100,2,3,2212,0.548594,0.548,2212
training/05-myciel5.txt,150,0.25,0.10,0.80,100,2,4,2212,0.548043,0.548,2212
training/05-myciel5.txt,150,0.25,0.20,0.70,50,1,0,2212,0.548778,0.548,2212
training/05-myciel5.txt,150,0.25,0.20,0.70,50,1,1,2212,0.548154,0.548,2212
training/05-myciel5.txt,150,0.25,0.20,0.70,50,1,2,2212,0.55137,0.548,2212
training/05-myciel5.txt,150,0.25,0.20,0.70,50,1,3,2212,0.548597,0.548,2212
training/05-myciel5.txt,150,0.25,0.20,0.70,50,1,4,2212,0.548188,0.548,2212
training/05-myciel5.txt,150,0.25,0.20,0.70,100,1,0,2212,0.549048,0.548,2212
training/05-myciel5.txt,150,0.25,0.20,0.70,100,1,1,2212,0.549246,0.548,2212
training/05-myciel5.txt,150,0.25,0.20,0.70,100,1,2,2212,0.548998,0.548,2212
training/05-myciel5.txt,150,0.25,0.20,0.70,100,1,3,2212,0.549069,0.548,2212
training/05-myciel5.txt,150,0.25,0.20,0.70,100,1,4,2212,0.548419,0.548,2212
training/05-myciel5.txt,150,0.25,0.20,0.70,50,2,0,2212,0.548671,0.548,2212
training/05-myciel5.txt,150,0.25,0.20,0.70,50,2,1,2212,0.549361,0.548,2212
training/05-myciel5.txt,150,0.25,0.20,0.70,50,2,2,2212,0.549338,0.548,2212
training/05-myciel5.txt,150,0.25,0.20,0.70,50,2,3,2212,0.549434,0.548,2212
training/05-myciel5.txt,150,0.25,0.20,0.70,50,2,4,2212,0.548886,0.548,2212
training/05-myciel5.txt,150,0.25,0.20,0.70,100,2,0,2212,0.548129,0.548,2212
training/05-myciel5.txt,150,0.25,0.20,0.70,100,2,1,2212,0.548717,0.548,2212
training/05-myciel5.txt,150,0.25,0.20,0.70,100,2,2,2212,0.548675,0.548,2212
training/05-myciel5.txt,150,0.25,0.20,0.70,100,2,3,2212,0.548624,0.548,2212
training/05-myciel5.txt,150,0.25,0.20,0.70,100,2,4,2212,0.548661,0.548,2212
training/05-myciel5.txt,150,0.25,0.20,0.80,50,1,0,2212,0.549271,0.548,2212
training/05-myciel5.txt,150,0.25,0.20,0.80,50,1,1,2212,0.548792,0.548,2212
training/05-myciel5.txt,150,0.25,0.20,0.80,50,1,2,2212,0.549335,0.548,2212
training/05-myciel5.txt,150,0.25,0.20,0.80,50,1,3,2212,0.549531,0.548,2212
training/05-myciel5.txt,150,0.25,0.20,0.80,50,1,4,2212,0.549432,0.548,2212
training/05-myciel5.txt,150,0.25,0.20,0.80,100,1,0,2212,0.549628,0.548,2212
training/05-myciel5.txt,150,0.25,0.20,0.80,100,1,1,2212,0.549139,0.548,2212
training/05-myciel5.txt,150,0.25,0.20,0.80,100,1,2,2212,0.548482,0.548,2212
training/05-myciel5.txt,150,0.25,0.20,0.80,100,1,3,2212,0.548763,0.548,2212
training/05-myciel5.txt,150,0.25,0.20,0.80,100,1,4,2212,0.549531,0.548,2212
training/05-myciel5.txt,150,0.25,0.20,0.80,50,2,0,2212,0.548935,0.548,2212
training/05-myciel5.txt,150,0.25,0.20,0.80,50,2,1,2212,0.549628,0.548,2212
training/05-myciel5.txt,150,0.25,0.20,0.80,50,2,2,2212,0.548308,0.548,2212
training/05-myciel5.txt,150,0.25,0.20,0.80,50,2,3,2212,0.549019,0.548,2212
training/05-myciel5.txt,150,0.25,0.20,0.80,50,2,4,2212,0.548403,0.548,2212
training/05-myciel5.txt,150,0.25,0.20,0.80,100,2,0,2212,0.548608,0.548,2212
training/05-myciel5.txt,150,0.25,0.20,0.80,100,2,1,2212,0.548878,0.548,2212
training/05-myciel5.txt,150,0.25,0.20,0.80,100,2,2,2212,0.548639,0.548,2212
training/05-myciel5.txt,150,0.25,0.20,0.80,100,2,3,2212,0.549368,0.548,2212
training/05-myciel5.txt,150,0.25,0.20,0.80,100,2,4,2212,0.548207,0.548,2212
training/05-myciel5.txt,200,0.20,0.10,0.70,50,1,0,2212,0.548763,0.548,2212
training/05-myciel5.txt,200,0.20,0.10,0.70,50,1,1,2212,0.548632,0.548,2212
training/05-myciel5.txt,200,0.20,0.10,0.70,50,1,2,2212,0.548059,0.548,2212
training/05-myciel5.txt,200,0.20,0.10,0.70,50,1,3,2212,0.548959,0.548,2212
training/05-myciel5.txt,200,0.20,0.10,0.70,50,1,4,2212,0.548937,0.548,2212
training/05-myciel5.txt,200,0.20,0.10,0.70,100,1,0,2212,0.549805,0.548,2212
training/05-myciel5.txt,200,0.20,0.10,0.70,100,1,1,2212,0.549082,0.548,2212
training/05-myciel5.txt,200,0.20,0.10,0.70,100,1,2,2212,0.548496,0.548,2212
training/05-myciel5.txt,200,0.20,0.10,0.70,100,1,3,2212,0.548316,0.548,2212
training/05-myciel5.txt,200,0.20,0.10,0.70,100,1,4,2212,0.548218,0.548,2212
training/05-myciel5.txt,200,0.20,0.10,0.70,50,2,0,2212,0.549385,0.548,2212
training/05-myciel5.txt,200,0.20,0.10,0.70,50,2,1,2212,0.548696,0.548,2212
training/05-myciel5.txt,200,0.20,0.10,0.70,50,2,2,2212,0.548132,0.548,2212
training/05-myciel5.txt,200,0.20,0.10,0.70,50,2,3,2212,0.548063,0.548,2212
training/05-myciel5.txt,200,0.20,0.10,0.70,50,2,4,2212,0.548053,0.548,2212
training/05-myciel5.txt,200,0.20,0.10,0.70,100,2,0,2212,0.549821,0.548,2212
training/05-myciel5.txt,200,0.20,0.10,0.70,100,2,1,2212,0.548091,0.548,2212
training/05-myciel5.txt,200,0.20,0.10,0.70,100,2,2,2212,0.548845,0.548,2212
training/05-myciel5.txt,200,0.20,0.10,0.70,100,2,3,2212,0.549669,0.548,2212
training/05-myciel5.txt,200,0.20,0.10,0.70,100,2,4,2212,0.550042,0.548,2212
training/05-myciel5.txt,200,0.20,0.10,0.80,50,1,0,2212,0.550306,0.548,2212
training/05-myciel5.txt,200,0.20,0.10,0.80,50,1,1,2212,0.549765,0.548,2212
training/05-myciel5.txt,200,0.20,0.10,0.80,50,1,2,2212,0.549871,0.548,2212
training/05-myciel5.txt,200,0.20,0.10,0.80,50,1,3,2212,0.5497,0.548,2212
training/05-myciel5.txt,200,0.20,0.10,0.80,50,1,4,2212,0.548667,0.548,2212
training/05-myciel5.txt,200,0.20,0.10,0.80,100,1,0,2212,0.548742,0.548,2212
training/05-myciel5.txt,200,0.20,0.10,0.80,100,1,1,2212,0.549439,0.548,2212
training/05-myciel5.txt,200,0.20,0.10,0.80,100,1,2,2212,0.550136,0.548,2212
training/05-myciel5.txt,200,0.20,0.10,0.80,100,1,3,2212,0.54964,0.548,2212
training/05-myciel5.txt,200,0.20,0.10,0.80,100,1,4,2212,0.548717,0.548,2212
training/05-myciel5.txt,200,0.20,0.10,0.80,50,2,0,2212,0.549221,0.548,2212
training/05-myciel5.txt,200,0.20,0.10,0.80,50,2,1,2212,0.548693,0.548,2212
training/05-myciel5.txt,200,0.20,0.10,0.80,50,2,2,2212,0.550042,0.548,2212
training/05-myciel5.txt,200,0.20,0.10,0.80,50,2,3,2212,0.548031,0.548,2212
training/05-myciel5.txt,200,0.20,0.10,0.80,50,2,4,2212,0.549031,0.548,2212
training/05-myciel5.txt,200,0.20,0.10,0.80,100,2,0,2212,0.549877,0.548,2212
training/05-myciel5.txt,200,0.20,0.10,0.80,100,2,1,2212,0.550127,0.548,2212
training/05-myciel5.txt,200,0.20,0.10,0.80,100,2,2,2212,0.548271,0.548,2212
training/05-myciel5.txt,200,0.20,0.10,0.80,100,2,3,2212,0.550197,0.548,2212
training/05-myciel5.txt,200,0.20,0.10,0.80,100,2,4,2212,0.548414,0.548,2212
training/05-myciel5.txt,200,0.20,0.20,0.70,50,1,0,2212,0.548843,0.548,2212
training/05-myciel5.txt,200,0.20,0.20,0.70,50,1,1,2212,0.548322,0.548,2212
training/05-myciel5.txt,200,0.20,0.20,0.70,50,1,2,2212,0.54899,0.548,2212
training/05-myciel5.txt,200,0.20,0.20,0.70,50,1,3,2212,0.548883,0.548,2212
training/05-myciel5.txt,200,0.20,0.20,0.70,50,1,4,2212,0.549851,0.548,2212
training/05-myciel5.txt,200,0.20,0.20,0.70,100,1,0,2212,0.549912,0.548,2212
training/05-myciel5.txt,200,0.20,0.20,0.70,100,1,1,2212,0.549516,0.548,2212
training/05-myciel5.txt,200,0.20,0.20,0.70,100,1,2,2212,0.549398,0.548,2212
training/05-myciel5.txt,200,0.20,0.20,0.70,100,1,3,2212,0.550432,0.548,2212
training/05-myciel5.txt,200,0.20,0.20,0.70,100,1,4,2212,0.548045,0.548,2212
training/05-myciel5.txt,200,0.20,0.20,0.70,50,2,0,2212,0.549875,0.548,2212
training/05-myciel5.txt,200,0.20,0.20,0.70,50,2,1,2212,0.548465,0.548,2212
training/05-myciel5.txt,200,0.20,0.20,0.70,50,2,2,2212,0.548731,0.548,2212
training/05-myciel5.txt,200,0.20,0.20,0.70,50,2,3,2212,0.549067,0.548,2212
training/05-myciel5.txt,200,0.20,0.20,0.70,50,2,4,2212,0.549129,0.548,2212
training/05-myciel5.txt,200,0.20,0.20,0.70,100,2,0,2212,0.549443,0.548,2212
training/05-myciel5.txt,200,0.20,0.20,0.70,100,2,1,2212,0.54936,0.548,2212
training/05-myciel5.txt,200,0.20,0.20,0.70,100,2,2,2212,0.550251,0.548,2212
training/05-myciel5.txt,200,0.20,0.20,0.70,100,2,3,2212,0.548155,0.548,2212
training/05-myciel5.txt,200,0.20,0.20,0.70,100,2,4,2212,0.548018,0.548,2212
training/05-myciel5.txt,200,0.20,0.20,0.80,50,1,0,2212,0.549435,0.548,2212
training/05-myciel5.txt,200,0.20,0.20,0.80,50,1,1,2212,0.549373,0.548,2212
training/05-myciel5.txt,200,0.20,0.20,0.80,50,1,2,2212,0.548872,0.548,2212
training/05-myciel5.txt,200,0.20,0.20,0.80,50,1,3,2212,0.548814,0.548,2212
training/05-myciel5.txt,200,0.20,0.20,0.80,50,1,4,2212,0.549484,0.548,2212
training/05-myciel5.txt,200,0.20,0.20,0.80,100,1,0,2212,0.548935,0.548,2212
training/05-myciel5.txt,200,0.20,0.20,0.80,100,1,1,2212,0.548786,0.548,2212
training/05-myciel5.txt,200,0.20,0.20,0.80,100,1,2,2212,0.549082,0.548,2212
training/05-myciel5.txt,200,0.20,0.20,0.80,100,1,3,2212,0.550091,0.548,2212
training/05-myciel5.txt,200,0.20,0.20,0.80,100,1,4,2212,0.549092,0.548,2212
training/05-myciel5.txt,200,0.20,0.20,0.80,50,2,0,2212,0.548348,0.548,2212
training/05-myciel5.txt,200,0.20,0.20,0.80,50,2,1,2212,0.549806,0.548,2212
training/05-myciel5.txt,200,0.20,0.20,0.80,50,2,2,2212,0.548123,0.548,2212
training/05-myciel5.txt,200,0.20,0.20,0.80,50,2,3,2212,0.549775,0.548,2212
training/05-myciel5.txt,200,0.20,0.20,0.80,50,2,4,2212,0.549501,0.548,2212
training/05-myciel5.txt,200,0.20,0.20,0.80,100,2,0,2212,0.54997,0.548,2212
training/05-myciel5.txt,200,0.20,0.20,0.80,100,2,1,2212,0.54907,0.548,2212
training/05-myciel5.txt,200,0.20,0.20,0.80,100,2,2,2212,0.548261,0.548,2212
training/05-myciel5.txt,200,0.20,0.20,0.80,100,2,3,2212,0.548049,0.548,2212
training/05-myciel5.txt,200,0.20,0.20,0.80,100,2,4,2212,0.548902,0.548,2212
training/05-myciel5.txt,200,0.25,0.10,0.70,50,1,0,2212,0.548991,0.548,2212
training/05-myciel5.txt,200,0.25,0.10,0.70,50,1,1,2212,0.549865,0.548,2212
training/05-myciel5.txt,200,0.25,0.10,0.70,50,1,2,2212,0.549431,0.548,2212
training/05-myciel5.txt,200,0.25,0.10,0.70,50,1,3,2212,0.549587,0.548,2212
training/05-myciel5.txt,200,0.25,0.10,0.70,50,1,4,2212,0.549122,0.548,2212
training/05-myciel5.txt,200,0.25,0.10,0.70,100,1,0,2212,0.549984,0.548,2212
training/05-myciel5.txt,200,0.25,0.10,0.70,100,1,1,2212,0.548259,0.548,2212
training/05-myciel5.txt,200,0.25,0.10,0.70,100,1,2,2212,0.548866,0.548,2212
training/05-myciel5.txt,200,0.25,0.10,0.70,100,1,3,2212,0.548093,0.548,2212
training/05-myciel5.txt,200,0.25,0.10,0.70,100,1,4,2212,0.54861,0.548,2212
training/05-myciel5.txt,200,0.25,0.10,0.70,50,2,0,2212,0.548827,0.548,2212
training/05-myciel5.txt,200,0.25,0.10,0.70,50,2,1,2212,0.550122,0.548,2212
training/05-myciel5.txt,200,0.25,0.10,0.70,50,2,2,2212,0.549008,0.548,2212
training/05-myciel5.txt,200,0.25,0.10,0.70,50,2,3,2212,0.5487,0.548,2212
training/05-myciel5.txt,200,0.25,0.10,0.70,50,2,4,2212,0.549598,0.548,2212
training/05-myciel5.txt,200,0.25,0.10,0.70,100,2,0,2212,0.548326,0.548,2212
training/05-myciel5.txt,200,0.25,0.10,0.70,100,2,1,2212,0.549907,0.548,2212
training/05-myciel5.txt,200,0.25,0.10,0.70,100,2,2,2212,0.549433,0.548,2212
training/05-myciel5.txt,200,0.25,0.10,0.70,100,2,3,2212,0.548684,0.548,2212
training/05-myciel5.txt,200,0.25,0.10,0.70,100,2,4,2212,0.548681,0.548,2212
training/05-myciel5.txt,200,0.25,0.10,0.80,50,1,0,2212,0.548881,0.548,2212
training/05-myciel5.txt,200,0.25,0.10,0.80,50,1,1,2212,0.548491,0.548,2212
training/05-myciel5.txt,200,0.25,0.10,0.80,50,1,2,2212,0.549927,0.548,2212
training/05-myciel5.txt,200,0.25,0.10,0.80,50,1,3,2212,0.548453,0.548,2212
training/05-myciel5.txt,200,0.25,0.10,0.80,50,1,4,2212,0.549837,0.548,2212
training/05-myciel5.txt,200,0.25,0.10,0.80,100,1,0,2212,0.549628,0.548,2212
training/05-myciel5.txt,200,0.25,0.10,0.80,100,1,1,2212,0.549821,0.548,2212
training/05-myciel5.txt,200,0.25,0.10,0.80,100,1,2,2212,0.548129,0.548,2212
training/05-myciel5.txt,200,0.25,0.10,0.80,100,1,3,2212,0.549961,0.548,2212
training/05-myciel5.txt,200,0.25,0.10,0.80,100,1,4,2212,0.54877,0.548,2212
training/05-myciel5.txt,200,0.25,0.10,0.80,50,2,0,2212,0.54838,0.548,2212
training/05-myciel5.txt,200,0.25,0.10,0.80,50,2,1,2212,0.548691,0.548,2212
training/05-myciel5.txt,200,0.25,0.10,0.80,50,2,2,2212,0.549367,0.548,2212
training/05-myciel5.txt,200,0.25,0.10,0.80,50,2,3,2212,0.54819,0.548,2212
training/05-myciel5.txt,200,0.25,0.10,0.80,50,2,4,2212,0.549875,0.548,2212
training/05-myciel5.txt,200,0.25,0.10,0.80,100,2,0,2212,0.549692,0.548,2212
training/05-myciel5.txt,200,0.25,0.10,0.80,100,2,1,2212,0.54806,0.548,2212
training/05-myciel5.txt,200,0.25,0.10,0.80,100,2,2,2212,0.548213,0.548,2212
training/05-myciel5.txt,200,0.25,0.10,0.80,100,2,3,2212,0.549073,0.548,2212
training/05-myciel5.txt,200,0.25,0.10,0.80,100,2,4,2212,0.54929,0.548,2212
training/05-myciel5.txt,200,0.25,0.20,0.70,50,1,0,2212,0.550123,0.548,2212
training/05-myciel5.txt,200,0.25,0.20,0.70,50,1,1,2212,0.550225,0.548,2212
training/05-myciel5.txt,200,0.25,0.20,0.70,50,1,2,2212,0.548493,0.548,2212
training/05-myciel5.txt,200,0.25,0.20,0.70,50,1,3,2212,0.549397,0.548,2212
training/05-myciel5.txt,200,0.25,0.20,0.70,50,1,4,2212,0.549333,0.548,2212
training/05-myciel5.txt,200,0.25,0.20,0.70,100,1,0,2212,0.549678,0.548,2212
training/05-myciel5.txt,200,0.25,0.20,0.70,100,1,1,2212,0.549614,0.548,2212
training/05-myciel5.txt,200,0.25,0.20,0.70,100,1,2,2212,0.549201,0.548,2212
training/05-myciel5.txt,200,0.25,0.20,0.70,100,1,3,2212,0.549541,0.548,2212
training/05-myciel5.txt,200,0.25,0.20,0.70,100,1,4,2212,0.549264,0.548,2212
training/05-myciel5.txt,200,0.25,0.20,0.70,50,2,0,2212,0.548729,0.548,2212
training/05-myciel5.txt,200,0.25,0.20,0.70,50,2,1,2212,0.550163,0.548,2212
training/05-myciel5.txt,200,0.25,0.20,0.70,50,2,2,2212,0.550262,0.548,2212
training/05-myciel5.txt,200,0.25,0.20,0.70,50,2,3,2212,0.55001,0.548,2212
training/05-myciel5.txt,200,0.25,0.20,0.70,50,2,4,2212,0.548611,0.548,2212
training/05-myciel5.txt,200,0.25,0.20,0.70,100,2,0,2212,0.548524,0.548,2212
training/05-myciel5.txt,200,0.25,0.20,0.70,100,2,1,2212,0.548605,0.548,2212
training/05-myciel5.txt,200,0.25,0.20,0.70,100,2,2,2212,0.549562,0.548,2212
training/05-myciel5.txt,200,0.25,0.20,0.70,100,2,3,2212,0.54873,0.548,2212
training/05-myciel5.txt,200,0.25,0.20,0.70,100,2,4,2212,0.549034,0.548,2212
training/05-myciel5.txt,200,0.25,0.20,0.80,50,1,0,2212,0.549175,0.548,2212
training/05-myciel5.txt,200,0.25,0.20,0.80,50,1,1,2212,0.549848,0.548,2212
training/05-myciel5.txt,200,0.25,0.20,0.80,50,1,2,2212,0.54835,0.548,2212
training/05-myciel5.txt,200,0.25,0.20,0.80,50,1,3,2212,0.548812,0.548,2212
training/05-myciel5.txt,200,0.25,0.20,0.80,50,1,4,2212,0.548521,0.548,2212
training/05-myciel5.txt,200,0.25,0.20,0.80,100,1,0,2212,0.549702,0.548,2212
training/05-myciel5.txt,200,0.25,0.20,0.80,100,1,1,2212,0.548647,0.548,2212
training/05-myciel5.txt,200,0.25,0.20,0.80,100,1,2,2212,0.548258,0.548,2212
training/05-myciel5.txt,200,0.25,0.20,0.80,100,1,3,2212,0.548748,0.548,2212
training/05-myciel5.txt,200,0.25,0.20,0.80,100,1,4,2212,0.549757,0.548,2212
training/05-myciel5.txt,200,0.25,0.20,0.80,50,2,0,2212,0.549547,0.548,2212
training/05-myciel5.txt,200,0.25,0.20,0.80,50,2,1,2212,0.549004,0.548,2212
training/05-myciel5.txt,200,0.25,0.20,0.80,50,2,2,2212,0.549216,0.548,2212
training/05-myciel5.txt,200,0.25,0.20,0.80,50,2,3,2212,0.549215,0.548,2212
training/05-myciel5.txt,200,0.25,0.20,0.80,50,2,4,2212,0.548323,0.548,2212
training/05-myciel5.txt,200,0.25,0.20,0.80,100,2,0,2212,0.548915,0.548,2212
training/05-myciel5.txt,200,0.25,0.20,0.80,100,2,1,2212,0.548602,0.548,2212
training/05-myciel5.txt,200,0.25,0.20,0.80,100,2,2,2212,0.548517,0.548,2212
training/05-myciel5.txt,200,0.25,0.20,0.80,100,2,3,2212,0.549174,0.548,2212
training/05-myciel5.txt,200,0.25,0.20,0.80,100,2,4,2212,0.549379,0.548,2212
training/06-queen7_7.txt,100,0.20,0.10,0.70,50,1,0,2590,0.748617,0.747,2590
training/06-queen7_7.txt,100,0.20,0.10,0.70,50,1,1,2590,0.747094,0.747,2590
training/06-queen7_7.txt,100,0.20,0.10,0.70,50,1,2,2590,0.748293,0.747,2590
training/06-queen7_7.txt,100,0.20,0.10,0.70,50,1,3,2590,0.74812,0.747,2590
training/06-queen7_7.txt,100,0.20,0.10,0.70,50,1,4,2590,0.747868,0.747,2590
training/06-queen7_7.txt,100,0.20,0.10,0.70,100,1,0,2590,0.747719,0.747,2590
training/06-queen7_7.txt,100,0.20,0.10,0.70,100,1,1,2590,0.747558,0.747,2590
training/06-queen7_7.txt,100,0.20,0.10,0.70,100,1,2,2590,0.747428,0.747,2590
training/06-queen7_7.txt,100,0.20,0.10,0.70,100,1,3,2590,0.748471,0.747,2590
training/06-queen7_7.txt,100,0.20,0.10,0.70,100,1,4,2590,0.748683,0.747,2590
training/06-queen7_7.txt,100,0.20,0.10,0.70,50,2,0,2590,0.748724,0.747,2590
training/06-queen7_7.txt,100,0.20,0.10,0.70,50,2,1,2590,0.748176,0.747,2590
training/06-queen7_7.txt,100,0.20,0.10,0.70,50,2,2,2590,0.747897,0.747,2590
training/06-queen7_7.txt,100,0.20,0.10,0.70,50,2,3,2590,0.747429,0.747,2590
training/06-queen7_7.txt,100,0.20,0.10,0.70,50,2,4,2590,0.748037,0.747,2590
training/06-queen7_7.txt,100,0.20,0.10,0.70,100,2,0,2590,0.747764,0.747,2590
training/06-queen7_7.txt,100,0.20,0.10,0.70,100,2,1,2590,0.748067,0.747,2590
training/06-queen7_7.txt,100,0.20,0.10,0.70,100,2,2,2590,0.748065,0.747,2590
training/06-queen7_7.txt,100,0.20,0.10,0.70,100,2,3,2590,0.748448,0.747,2590
training/06-queen7_7.txt,100,0.20,0.10,0.70,100,2,4,2590,0.747956,0.747,2590
training/06-queen7_7.txt,100,0.20,0.10,0.80,50,1,0,2590,0.747964,0.747,2590
training/06-queen7_7.txt,100,0.20,0.10,0.80,50,1,1,2590,0.747696,0.747,2590
training/06-queen7_7.txt,100,0.20,0.10,0.80,50,1,2,2590,0.748144,0.747,2590
training/06-queen7_7.txt,100,0.20,0.10,0.80,50,1,3,2590,0.747617,0.747,2590
training/06-queen7_7.txt,100,0.20,0.10,0.80,50,1,4,2590,0.747869,0.747,2590
training/06-queen7_7.txt,100,0.20,0.10,0.80,100,1,0,2754,0.748218,0.747,2590
training/06-queen7_7.txt,100,0.20,0.10,0.80,100,1,1,2590,0.747197,0.747,2590
training/06-queen7_7.txt,100,0.20,0.10,0.80,100,1,2,2781,0.747555,0.747,2590
training/06-queen7_7.txt,100,0.20,0.10,0.80,100,1,3,2590,0.748559,0.747,2590
training/06-queen7_7.txt,100,0.20,0.10,0.80,100,1,4,2590,0.747089,0.747,2590
training/06-queen7_7.txt,100,0.20,0.10,0.80,50,2,0,2590,0.747563,0.747,2590
training/06-queen7_7.txt,100,0.20,0.10,0.80,50,2,1,2590,0.747151,0.747,2590
training/06-queen7_7.txt,100,0.20,0.10,0.80,50,2,2,2590,0.747667,0.747,2590
training/06-queen7_7.txt,100,0.20,0.10,0.80,50,2,3,2590,0.747493,0.747,2590
training/06-queen7_7.txt,100,0.20,0.10,0.80,50,2,4,2590,0.747961,0.747,2590
training/06-queen7_7.txt,100,0.20,0.10,0.80,100,2,0,2938,0.748104,0.747,2590
training/06-queen7_7.txt,100,0.20,0.10,0.80,100,2,1,2590,0.747167,0.747,2590
training/06-queen7_7.txt,100,0.20,0.10,0.80,100,2,2,2770,0.748414,0.747,2590
training/06-queen7_7.txt,100,0.20,0.10,0.80,100,2,3,2590,0.747555,0.747,2590
training/06-queen7_7.txt,100,0.20,0.10,0.80,100,2,4,2590,0.748307,0.747,2590
training/06-queen7_7.txt,100,0.20,0.20,0.70,50,1,0,2590,0.747073,0.747,2590
training/06-queen7_7.txt,100,0.20,0.20,0.70,50,1,1,2590,0.748621,0.747,2590
training/06-queen7_7.txt,100,0.20,0.20,0.70,50,1,2,2590,0.748218,0.747,2590
training/06-queen7_7.txt,100,0.20,0.20,0.70,50,1,3,2590,0.747764,0.747,2590
training/06-queen7_7.txt,100,0.20,0.20,0.70,50,1,4,2590,0.747913,0.747,2590
training/06-queen7_7.txt,100,0.20,0.20,0.70,100,1,0,2590,0.747715,0.747,2590
training/06-queen7_7.txt,100,0.20,0.20,0.70,100,1,1,2590,0.747771,0.747,2590
training/06-queen7_7.txt,100,0.20,0.20,0.70,100,1,2,2590,0.747694,0.747,2590
training/06-queen7_7.txt,100,0.20,0.20,0.70,100,1,3,2590,0.747475,0.747,2590
training/06-queen7_7.txt,100,0.20,0.20,0.70,100,1,4,2590,0.747319,0.747,2590
training/06-queen7_7.txt,100,0.20,0.20,0.70,50,2,0,2590,0.748531,0.747,2590
training/06-queen7_7.txt,100,0.20,0.20,0.70,50,2,1,2590,0.747574,0.747,2590
training/06-queen7_7.txt,100,0.20,0.20,0.70,50,2,2,2590,0.748598,0.747,2590
training/06-queen7_7.txt,100,0.20,0.20,0.70,50,2,3,2590,0.747263,0.747,2590
training/06-queen7_7.txt,100,0.20,0.20,0.70,50,2,4,2590,0.748325,0.747,2590
training/06-queen7_7.txt,100,0.20,0.20,0.70,100,2,0,2590,0.748642,0.747,2590
training/06-queen7_7.txt,100,0.20,0.20,0.70,100,2,1,2590,0.748344,0.747,2590
training/06-queen7_7.txt,100,0.20,0.20,0.70,100,2,2,2590,0.748586,0.747,2590
training/06-queen7_7.txt,100,0.20,0.20,0.70,100,2,3,2590,0.747448,0.747,2590
training/06-queen7_7.txt,100,0.20,0.20,0.70,100,2,4,2590,0.747158,0.747,2590
training/06-queen7_7.txt,100,0.20,0.20,0.80,50,1,0,2590,0.747478,0.747,2590
training/06-queen7_7.txt,100,0.20,0.20,0.80,50,1,1,2590,0.747822,0.747,2590
training/06-queen7_7.txt,100,0.20,0.20,0.80,50,1,2,2590,0.747492,0.747,2590
training/06-queen7_7.txt,100,0.20,0.20,0.80,50,1,3,2590,0.74807,0.747,2590
training/06-queen7_7.txt,100,0.20,0.20,0.80,50,1,4,2590,0.747466,0.747,2590
training/06-queen7_7.txt,100,0.20,0.20,0.80,100,1,0,2590,0.748288,0.747,2590
training/06-queen7_7.txt,100,0.20,0.20,0.80,100,1,1,2590,0.748358,0.747,2590
training/06-queen7_7.txt,100,0.20,0.20,0.80,100,1,2,2590,0.747636,0.747,2590
training/06-queen7_7.txt,100,0.20,0.20,0.80,100,1,3,2590,0.747593,0.747,2590
training/06-queen7_7.txt,100,0.20,0.20,0.80,100,1,4,2590,0.747086,0.747,2590
training/06-queen7_7.txt,100,0.20,0.20,0.80,50,2,0,2590,0.747705,0.747,2590
training/06-queen7_7.txt,100,0.20,0.20,0.80,50,2,1,2590,0.747706,0.747,2590
training/06-queen7_7.txt,100,0.20,0.20,0.80,50,2,2,2590,0.748613,0.747,2590
training/06-queen7_7.txt,100,0.20,0.20,0.80,50,2,3,2840,0.747251,0.747,2590
training/06-queen7_7.txt,100,0.20,0.20,0.80,50,2,4,2590,0.747649,0.747,2590
training/06-queen7_7.txt,100,0.20,0.20,0.80,100,2,0,2590,0.747217,0.747,2590
training/06-queen7_7.txt,100,0.20,0.20,0.80,100,2,1,2590,0.748657,0.747,2590
training/06-queen7_7.txt,100,0.20,0.20,0.80,100,2,2,2590,0.7479,0.747,2590
training/06-queen7_7.txt,100,0.20,0.20,0.80,100,2,3,2590,0.748474,0.747,2590
training/06-queen7_7.txt,100,0.20,0.20,0.80,100,2,4,2590,0.748438,0.747,2590
training/06-queen7_7.txt,100,0.25,0.10,0.70,50,1,0,2590,0.748794,0.747,2590
training/06-queen7_7.txt,100,0.25,0.10,0.70,50,1,1,2590,0.747381,0.747,2590
training/06-queen7_7.txt,100,0.25,0.10,0.70,50,1,2,2590,0.74859,0.747,2590
training/06-queen7_7.txt,100,0.25,0.10,0.70,50,1,3,2590,0.748607,0.747,2590
training/06-queen7_7.txt,100,0.25,0.10,0.70,50,1,4,2590,0.748397,0.747,2590
training/06-queen7_7.txt,100,0.25,0.10,0.70,100,1,0,2590,0.748143,0.747,2590
training/06-queen7_7.txt,100,0.25,0.10,0.70,100,1,1,2590,0.748447,0.747,2590
training/06-queen7_7.txt,100,0.25,0.10,0.70,100,1,2,2590,0.747826,0.747,2590
training/06-queen7_7.txt,100,0.25,0.10,0.70,100,1,3,2590,0.747636,0.747,2590
training/06-queen7_7.txt,100,0.25,0.10,0.70,100,1,4,2590,0.748196,0.747,2590
training/06-queen7_7.txt,100,0.25,0.10,0.70,50,2,0,2590,0.747867,0.747,2590
training/06-queen7_7.txt,100,0.25,0.10,0.70,50,2,1,2590,0.748494,0.747,2590
training/06-queen7_7.txt,100,0.25,0.10,0.70,50,2,2,2770,0.747985,0.747,2590
training/06-queen7_7.txt,100,0.25,0.10,0.70,50,2,3,2590,0.747285,0.747,2590
training/06-queen7_7.txt,100,0.25,0.10,0.70,50,2,4,2590,0.747082,0.747,2590
training/06-queen7_7.txt,100,0.25,0.10,0.70,100,2,0,2918,0.748224,0.747,2590
training/06-queen7_7.txt,100,0.25,0.10,0.70,100,2,1,2590,0.747476,0.747,2590
training/06-queen7_7.txt,100,0.25,0.10,0.70,100,2,2,2590,0.747296,0.747,2590
training/06-queen7_7.txt,100,0.25,0.10,0.70,100,2,3,2590,0.748006,0.747,2590
training/06-queen7_7.txt,100,0.25,0.10,0.70,100,2,4,2590,0.747804,0.747,2590
training/06-queen7_7.txt,100,0.25,0.10,0.80,50,1,0,2590,0.747669,0.747,2590
training/06-queen7_7.txt,100,0.25,0.10,0.80,50,1,1,2590,0.748741,0.747,2590
training/06-queen7_7.txt,100,0.25,0.10,0.80,50,1,2,2590,0.748064,0.747,2590
training/06-queen7_7.txt,100,0.25,0.10,0.80,50,1,3,2590,0.747531,0.747,2590
training/06-queen7_7.txt,100,0.25,0.10,0.80,50,1,4,2590,0.747826,0.747,2590
training/06-queen7_7.txt,100,0.25,0.10,0.80,100,1,0,2590,0.74709,0.747,2590
training/06-queen7_7.txt,100,0.25,0.10,0.80,100,1,1,2590,0.747398,0.747,2590
training/06-queen7_7.txt,100,0.25,0.10,0.80,100,1,2,2590,0.747068,0.747,2590
training/06-queen7_7.txt,100,0.25,0.10,0.80,100,1,3,2590,0.74778,0.747,2590
training/06-queen7_7.txt,100,0.25,0.10,0.80,100,1,4,2590,0.747248,0.747,2590
training/06-queen7_7.txt,100,0.25,0.10,0.80,50,2,0,2590,0.74789,0.747,2590
training/06-queen7_7.txt,100,0.25,0.10,0.80,50,2,1,2590,0.747814,0.747,2590
training/06-queen7_7.txt,100,0.25,0.10,0.80,50,2,2,2590,0.749857,0.747,2590
training/06-queen7_7.txt,100,0.25,0.10,0.80,50,2,3,2590,0.748278,0.747,2590
training/06-queen7_7.txt,100,0.25,0.10,0.80,50,2,4,2754,0.750053,0.747,2590
training/06-queen7_7.txt,100,0.25,0.10,0.80,100,2,0,2590,0.748074,0.747,2590
training/06-queen7_7.txt,100,0.25,0.10,0.80,100,2,1,2590,0.748363,0.747,2590
training/06-queen7_7.txt,100,0.25,0.10,0.80,100,2,2,2590,0.747258,0.747,2590
training/06-queen7_7.txt,100,0.25,0.10,0.80,100,2,3,2590,0.747992,0.747,2590
training/06-queen7_7.txt,100,0.25,0.10,0.80,100,2,4,2590,0.747986,0.747,2590
training/06-queen7_7.txt,100,0.25,0.20,0.70,50,1,0,2590,0.74712,0.747,2590
training/06-queen7_7.txt,100,0.25,0.20,0.70,50,1,1,2590,0.748428,0.747,2590
training/06-queen7_7.txt,100,0.25,0.20,0.70,50,1,2,2590,0.748151,0.747,2590
training/06-queen7_7.txt,100,0.25,0.20,0.70,50,1,3,2590,0.747371,0.747,2590
training/06-queen7_7.txt,100,0.25,0.20,0.70,50,1,4,2590,0.748612,0.747,2590
training/06-queen7_7.txt,100,0.25,0.20,0.70,100,1,0,2590,0.748469,0.747,2590
training/06-queen7_7.txt,100,0.25,0.20,0.70,100,1,1,2590,0.74858,0.747,2590
training/06-queen7_7.txt,100,0.25,0.20,0.70,100,1,2,2590,0.747352,0.747,2590
training/06-queen7_7.txt,100,0.25,0.20,0.70,100,1,3,2590,0.748568,0.747,2590
training/06-queen7_7.txt,100,0.25,0.20,0.70,100,1,4,2590,0.747504,0.747,2590
training/06-queen7_7.txt,100,0.25,0.20,0.70,50,2,0,2590,0.747897,0.747,2590
training/06-queen7_7.txt,100,0.25,0.20,0.70,50,2,1,2590,0.747197,0.747,2590
training/06-queen7_7.txt,100,0.25,0.20,0.70,50,2,2,2590,0.747128,0.747,2590
training/06-queen7_7.txt,100,0.25,0.20,0.70,50,2,3,2590,0.747237,0.747,2590
training/06-queen7_7.txt,100,0.25,0.20,0.70,50,2,4,2590,0.748505,0.747,2590
training/06-queen7_7.txt,100,0.25,0.20,0.70,100,2,0,2590,0.747997,0.747,2590
training/06-queen7_7.txt,100,0.25,0.20,0.70,100,2,1,2590,0.748606,0.747,2590
training/06-queen7_7.txt,100,0.25,0.20,0.70,100,2,2,2590,0.747544,0.747,2590
training/06-queen7_7.txt,100,0.25,0.20,0.70,100,2,3,2590,0.74707,0.747,2590
training/06-queen7_7.txt,100,0.25,0.20,0.70,100,2,4,2590,0.748271,0.747,2590
training/06-queen7_7.txt,100,0.25,0.20,0.80,50,1,0,2590,0.747711,0.747,2590
training/06-queen7_7.txt,100,0.25,0.20,0.80,50,1,1,2590,0.747054,0.747,2590
training/06-queen7_7.txt,100,0.25,0.20,0.80,50,1,2,2590,0.747692,0.747,2590
training/06-queen7_7.txt,100,0.25,0.20,0.80,50,1,3,2590,0.748352,0.747,2590
training/06-queen7_7.txt,100,0.25,0.20,0.80,50,1,4,2590,0.747866,0.747,2590
training/06-queen7_7.txt,100,0.25,0.20,0.80,100,1,0,2590,0.747905,0.747,2590
training/06-queen7_7.txt,100,0.25,0.20,0.80,100,1,1,2590,0.748369,0.747,2590
training/06-queen7_7.txt,100,0.25,0.20,0.80,100,1,2,2590,0.747664,0.747,2590
training/06-queen7_7.txt,100,0.25,0.20,0.80,100,1,3,2590,0.747224,0.747,2590
training/06-queen7_7.txt,100,0.25,0.20,0.80,100,1,4,2590,0.747592,0.747,2590
training/06-queen7_7.txt,100,0.25,0.20,0.80,50,2,0,2590,0.748211,0.747,2590
training/06-queen7_7.txt,100,0.25,0.20,0.80,50,2,1,2590,0.747047,0.747,2590
training/06-queen7_7.txt,100,0.25,0.20,0.80,50,2,2,2590,0.748302,0.747,2590
training/06-queen7_7.txt,100,0.25,0.20,0.80,50,2,3,2590,0.748342,0.747,2590
training/06-queen7_7.txt,100,0.25,0.20,0.80,50,2,4,2590,0.747353,0.747,2590
training/06-queen7_7.txt,100,0.25,0.20,0.80,100,2,0,2590,0.747658,0.747,2590
training/06-queen7_7.txt,100,0.25,0.20,0.80,100,2,1,2783,0.747842,0.747,2590
training/06-queen7_7.txt,100,0.25,0.20,0.80,100,2,2,2590,0.74715,0.747,2590
training/06-queen7_7.txt,100,0.25,0.20,0.80,100,2,3,2590,0.748618,0.747,2590
training/06-queen7_7.txt,100,0.25,0.20,0.80,100,2,4,2590,0.747059,0.747,2590
training/06-queen7_7.txt,150,0.20,0.10,0.70,50,1,0,2590,0.74738,0.747,2590
training/06-queen7_7.txt,150,0.20,0.10,0.70,50,1,1,2590,0.748944,0.747,2590
training/06-queen7_7.txt,150,0.20,0.10,0.70,50,1,2,2590,0.749501,0.747,2590
training/06-queen7_7.txt,150,0.20,0.10,0.70,50,1,3,2590,0.749144,0.747,2590
training/06-queen7_7.txt,150,0.20,0.10,0.70,50,1,4,2590,0.749248,0.747,2590
training/06-queen7_7.txt,150,0.20,0.10,0.70,100,1,0,2590,0.747806,0.747,2590
training/06-queen7_7.txt,150,0.20,0.10,0.70,100,1,1,2590,0.747426,0.747,2590
training/06-queen7_7.txt,150,0.20,0.10,0.70,100,1,2,2770,0.74887,0.747,2590
training/06-queen7_7.txt,150,0.20,0.10,0.70,100,1,3,2590,0.748771,0.747,2590
training/06-queen7_7.txt,150,0.20,0.10,0.70,100,1,4,2590,0.747965,0.747,2590
training/06-queen7_7.txt,150,0.20,0.10,0.70,50,2,0,2590,0.749299,0.747,2590
training/06-queen7_7.txt,150,0.20,0.10,0.70,50,2,1,2590,0.747228,0.747,2590
training/06-queen7_7.txt,150,0.20,0.10,0.70,50,2,2,2590,0.748268,0.747,2590
training/06-queen7_7.txt,150,0.20,0.10,0.70,50,2,3,2590,0.748871,0.747,2590
training/06-queen7_7.txt,150,0.20,0.10,0.70,50,2,4,2590,0.749474,0.747,2590
training/06-queen7_7.txt,150,0.20,0.10,0.70,100,2,0,2590,0.748584,0.747,2590
training/06-queen7_7.txt,150,0.20,0.10,0.70,100,2,1,2590,0.748127,0.747,2590
training/06-queen7_7.txt,150,0.20,0.10,0.70,100,2,2,2590,0.747669,0.747,2590
training/06-queen7_7.txt,150,0.20,0.10,0.70,100,2,3,2590,0.749128,0.747,2590
training/06-queen7_7.txt,150,0.20,0.10,0.70,100,2,4,2590,0.747291,0.747,2590
training/06-queen7_7.txt,150,0.20,0.10,0.80,50,1,0,2590,0.748817,0.747,2590
training/06-queen7_7.txt,150,0.20,0.10,0.80,50,1,1,2590,0.747808,0.747,2590
training/06-queen7_7.txt,150,0.20,0.10,0.80,50,1,2,2590,0.749034,0.747,2590
training/06-queen7_7.txt,150,0.20,0.10,0.80,50,1,3,2590,0.747808,0.747,2590
training/06-queen7_7.txt,150,0.20,0.10,0.80,50,1,4,2590,0.747707,0.747,2590
training/06-queen7_7.txt,150,0.20,0.10,0.80,100,1,0,2925,0.748811,0.747,2590
training/06-queen7_7.txt,150,0.20,0.10,0.80,100,1,1,2590,0.749461,0.747,2590
training/06-queen7_7.txt,150,0.20,0.10,0.80,100,1,2,2590,0.747721,0.747,2590
training/06-queen7_7.txt,150,0.20,0.10,0.80,100,1,3,2590,0.749335,0.747,2590
training/06-queen7_7.txt,150,0.20,0.10,0.80,100,1,4,2590,0.748174,0.747,2590
training/06-queen7_7.txt,150,0.20,0.10,0.80,50,2,0,2590,0.747535,0.747,2590
training/06-queen7_7.txt,150,0.20,0.10,0.80,50,2,1,2590,0.747361,0.747,2590
training/06-queen7_7.txt,150,0.20,0.10,0.80,50,2,2,2590,0.748596,0.747,2590
training/06-queen7_7.txt,150,0.20,0.10,0.80,50,2,3,2590,0.749153,0.747,2590
training/06-queen7_7.txt,150,0.20,0.10,0.80,50,2,4,2590,0.747482,0.747,2590
training/06-queen7_7.txt,150,0.20,0.10,0.80,100,2,0,2590,0.749474,0.747,2590
training/06-queen7_7.txt,150,0.20,0.10,0.80,100,2,1,2590,0.749385,0.747,2590
training/06-queen7_7.txt,150,0.20,0.10,0.80,100,2,2,2590,0.747569,0.747,2590
training/06-queen7_7.txt,150,0.20,0.10,0.80,100,2,3,2842,0.747678,0.747,2590
training/06-queen7_7.txt,150,0.20,0.10,0.80,100,2,4,2590,0.748761,0.747,2590
training/06-queen7_7.txt,150,0.20,0.20,0.70,50,1,0,2590,0.747538,0.747,2590
training/06-queen7_7.txt,150,0.20,0.20,0.70,50,1,1,2590,0.747967,0.747,2590
training/06-queen7_7.txt,150,0.20,0.20,0.70,50,1,2,2590,0.747062,0.747,2590
training/06-queen7_7.txt,150,0.20,0.20,0.70,50,1,3,2590,0.747341,0.747,2590
training/06-queen7_7.txt,150,0.20,0.20,0.70,50,1,4,2590,0.748474,0.747,2590
training/06-queen7_7.txt,150,0.20,0.20,0.70,100,1,0,2590,0.747684,0.747,2590
training/06-queen7_7.txt,150,0.20,0.20,0.70,100,1,1,2590,0.748126,0.747,2590
training/06-queen7_7.txt,150,0.20,0.20,0.70,100,1,2,2590,0.748975,0.747,2590
training/06-queen7_7.txt,150,0.20,0.20,0.70,100,1,3,2590,0.747992,0.747,2590
training/06-queen7_7.txt,150,0.20,0.20,0.70,100,1,4,2770,0.748489,0.747,2590
training/06-queen7_7.txt,150,0.20,0.20,0.70,50,2,0,2590,0.748796,0.747,2590
training/06-queen7_7.txt,150,0.20,0.20,0.70,50,2,1,2590,0.748113,0.747,2590
training/06-queen7_7.txt,150,0.20,0.20,0.70,50,2,2,2590,0.748716,0.747,2590
training/06-queen7_7.txt,150,0.20,0.20,0.70,50,2,3,2590,0.748925,0.747,2590
training/06-queen7_7.txt,150,0.20,0.20,0.70,50,2,4,2590,0.747278,0.747,2590
training/06-queen7_7.txt,150,0.20,0.20,0.70,100,2,0,2590,0.749581,0.747,2590
training/06-queen7_7.txt,150,0.20,0.20,0.70,100,2,1,2590,0.747486,0.747,2590
training/06-queen7_7.txt,150,0.20,0.20,0.70,100,2,2,2590,0.747374,0.747,2590
training/06-queen7_7.txt,150,0.20,0.20,0.70,100,2,3,2590,0.747427,0.747,2590
training/06-queen7_7.txt,150,0.20,0.20,0.70,100,2,4,2868,0.749406,0.747,2590
training/06-queen7_7.txt,150,0.20,0.20,0.80,50,1,0,2590,0.748972,0.747,2590
training/06-queen7_7.txt,150,0.20,0.20,0.80,50,1,1,2590,0.74872,0.747,2590
training/06-queen7_7.txt,150,0.20,0.20,0.80,50,1,2,2590,0.749247,0.747,2590
training/06-queen7_7.txt,150,0.20,0.20,0.80,50,1,3,2590,0.747737,0.747,2590
training/06-queen7_7.txt,150,0.20,0.20,0.80,50,1,4,2590,0.747304,0.747,2590
training/06-queen7_7.txt,150,0.20,0.20,0.80,100,1,0,2590,0.74867,0.747,2590
training/06-queen7_7.txt,150,0.20,0.20,0.80,100,1,1,2590,0.749539,0.747,2590
training/06-queen7_7.txt,150,0.20,0.20,0.80,100,1,2,2590,0.747737,0.747,2590
training/06-queen7_7.txt,150,0.20,0.20,0.80,100,1,3,2590,0.747101,0.747,2590
training/06-queen7_7.txt,150,0.20,0.20,0.80,100,1,4,2590,0.74848,0.747,2590
training/06-queen7_7.txt,150,0.20,0.20,0.80,50,2,0,2590,0.747321,0.747,2590
training/06-queen7_7.txt,150,0.20,0.20,0.80,50,2,1,2590,0.749261,0.747,2590
training/06-queen7_7.txt,150,0.20,0.20,0.80,50,2,2,2590,0.748132,0.747,2590
training/06-queen7_7.txt,150,0.20,0.20,0.80,50,2,3,2590,0.747975,0.747,2590
training/06-queen7_7.txt,150,0.20,0.20,0.80,50,2,4,2590,0.747693,0.747,2590
training/06-queen7_7.txt,150,0.20,0.20,0.80,100,2,0,2590,0.748784,0.747,2590
training/06-queen7_7.txt,150,0.20,0.20,0.80,100,2,1,2918,0.748069,0.747,2590
training/06-queen7_7.txt,150,0.20,0.20,0.80,100,2,2,2590,0.747414,0.747,2590
training/06-queen7_7.txt,150,0.20,0.20,0.80,100,2,3,2590,0.748678,0.747,2590
training/06-queen7_7.txt,150,0.20,0.20,0.80,100,2,4,2590,0.747571,0.747,2590
training/06-queen7_7.txt,150,0.25,0.10,0.70,50,1,0,2590,0.747582,0.747,2590
training/06-queen7_7.txt,150,0.25,0.10,0.70,50,1,1,2590,0.747584,0.747,2590
training/06-queen7_7.txt,150,0.25,0.10,0.70,50,1,2,2590,0.747482,0.747,2590
training/06-queen7_7.txt,150,0.25,0.10,0.70,50,1,3,2590,0.748984,0.747,2590
training/06-queen7_7.txt,150,0.25,0.10,0.70,50,1,4,2590,0.748064,0.747,2590
training/06-queen7_7.txt,150,0.25,0.10,0.70,100,1,0,2590,0.747528,0.747,2590
training/06-queen7_7.txt,150,0.25,0.10,0.70,100,1,1,2590,0.74935,0.747,2590
training/06-queen7_7.txt,150,0.25,0.10,0.70,100,1,2,2590,0.747199,0.747,2590
training/06-queen7_7.txt,150,0.25,0.10,0.70,100,1,3,2590,0.74787,0.747,2590
training/06-queen7_7.txt,150,0.25,0.10,0.70,100,1,4,2918,0.747894,0.747,2590
training/06-queen7_7.txt,150,0.25,0.10,0.70,50,2,0,2590,0.748361,0.747,2590
training/06-queen7_7.txt,150,0.25,0.10,0.70,50,2,1,2590,0.749006,0.747,2590
training/06-queen7_7.txt,150,0.25,0.10,0.70,50,2,2,2590,0.747268,0.747,2590
training/06-queen7_7.txt,150,0.25,0.10,0.70,50,2,3,2590,0.748296,0.747,2590
training/06-queen7_7.txt,150,0.25,0.10,0.70,50,2,4,2590,0.748979,0.747,2590
training/06-queen7_7.txt,150,0.25,0.10,0.70,100,2,0,2590,0.749183,0.747,2590
training/06-queen7_7.txt,150,0.25,0.10,0.70,100,2,1,2853,0.748417,0.747,2590
training/06-queen7_7.txt,150,0.25,0.10,0.70,100,2,2,2590,0.74782,0.747,2590
training/06-queen7_7.txt,150,0.25,0.10,0.70,100,2,3,2590,0.747337,0.747,2590
training/06-queen7_7.txt,150,0.25,0.10,0.70,100,2,4,2590,0.749001,0.747,2590
training/06-queen7_7.txt,150,0.25,0.10,0.80,50,1,0,2590,0.747854,0.747,2590
training/06-queen7_7.txt,150,0.25,0.10,0.80,50,1,1,2590,0.747709,0.747,2590
training/06-queen7_7.txt,150,0.25,0.10,0.80,50,1,2,2590,0.747152,0.747,2590
training/06-queen7_7.txt,150,0.25,0.10,0.80,50,1,3,2590,0.748211,0.747,2590
training/06-queen7_7.txt,150,0.25,0.10,0.80,50,1,4,2590,0.747744,0.747,2590
training/06-queen7_7.txt,150,0.25,0.10,0.80,100,1,0,2590,0.749424,0.747,2590
training/06-queen7_7.txt,150,0.25,0.10,0.80,100,1,1,2590,0.748517,0.747,2590
training/06-queen7_7.txt,150,0.25,0.10,0.80,100,1,2,2590,0.748483,0.747,2590
training/06-queen7_7.txt,150,0.25,0.10,0.80,100,1,3,2590,0.747991,0.747,2590
training/06-queen7_7.txt,150,0.25,0.10,0.80,100,1,4,2590,0.749527,0.747,2590
training/06-queen7_7.txt,150,0.25,0.10,0.80,50,2,0,2590,0.749017,0.747,2590
training/06-queen7_7.txt,150,0.25,0.10,0.80,50,2,1,2590,0.748901,0.747,2590
training/06-queen7_7.txt,150,0.25,0.10,0.80,50,2,2,2590,0.747244,0.747,2590
training/06-queen7_7.txt,150,0.25,0.10,0.80,50,2,3,2590,0.748916,0.747,2590
training/06-queen7_7.txt,150,0.25,0.10,0.80,50,2,4,2590,0.748742,0.747,2590
training/06-queen7_7.txt,150,0.25,0.10,0.80,100,2,0,2590,0.748211,0.747,2590
training/06-queen7_7.txt,150,0.25,0.10,0.80,100,2,1,2590,0.747165,0.747,2590
training/06-queen7_7.txt,150,0.25,0.10,0.80,100,2,2,2590,0.747469,0.747,2590
training/06-queen7_7.txt,150,0.25,0.10,0.80,100,2,3,2590,0.749109,0.747,2590
training/06-queen7_7.txt,150,0.25,0.10,0.80,100,2,4,2590,0.74824,0.747,2590
training/06-queen7_7.txt,150,0.25,0.20,0.70,50,1,0,2590,0.747296,0.747,2590
training/06-queen7_7.txt,150,0.25,0.20,0.70,50,1,1,2590,0.749505,0.747,2590
training/06-queen7_7.txt,150,0.25,0.20,0.70,50,1,2,2590,0.749308,0.747,2590
training/06-queen7_7.txt,150,0.25,0.20,0.70,50,1,3,2590,0.747367,0.747,2590
training/06-queen7_7.txt,150,0.25,0.20,0.70,50,1,4,2590,0.748918,0.747,2590
training/06-queen7_7.txt,150,0.25,0.20,0.70,100,1,0,2590,0.749396,0.747,2590
training/06-queen7_7.txt,150,0.25,0.20,0.70,100,1,1,2590,0.748119,0.747,2590
training/06-queen7_7.txt,150,0.25,0.20,0.70,100,1,2,2590,0.748667,0.747,2590
training/06-queen7_7.txt,150,0.25,0.20,0.70,100,1,3,2590,0.747417,0.747,2590
training/06-queen7_7.txt,150,0.25,0.20,0.70,100,1,4,2590,0.747582,0.747,2590
training/06-queen7_7.txt,150,0.25,0.20,0.70,50,2,0,2590,0.748057,0.747,2590
training/06-queen7_7.txt,150,0.25,0.20,0.70,50,2,1,2590,0.748798,0.747,2590
training/06-queen7_7.txt,150,0.25,0.20,0.70,50,2,2,2590,0.749406,0.747,2590
training/06-queen7_7.txt,150,0.25,0.20,0.70,50,2,3,2590,0.749537,0.747,2590
training/06-queen7_7.txt,150,0.25,0.20,0.70,50,2,4,2590,0.747925,0.747,2590
training/06-queen7_7.txt,150,0.25,0.20,0.70,100,2,0,2590,0.749112,0.747,2590
training/06-queen7_7.txt,150,0.25,0.20,0.70,100,2,1,2590,0.748449,0.747,2590
training/06-queen7_7.txt,150,0.25,0.20,0.70,100,2,2,2590,0.747257,0.747,2590
training/06-queen7_7.txt,150,0.25,0.20,0.70,100,2,3,2590,0.74936,0.747,2590
training/06-queen7_7.txt,150,0.25,0.20,0.70,100,2,4,2590,0.748518,0.747,2590
training/06-queen7_7.txt,150,0.25,0.20,0.80,50,1,0,2590,0.748807,0.747,2590
training/06-queen7_7.txt,150,0.25,0.20,0.80,50,1,1,2590,0.747603,0.747,2590
training/06-queen7_7.txt,150,0.25,0.20,0.80,50,1,2,2590,0.747512,0.747,2590
training/06-queen7_7.txt,150,0.25,0.20,0.80,50,1,3,2590,0.747405,0.747,2590
training/06-queen7_7.txt,150,0.25,0.20,0.80,50,1,4,2590,0.747222,0.747,2590
training/06-queen7_7.txt,150,0.25,0.20,0.80,100,1,0,2590,0.749428,0.747,2590
training/06-queen7_7.txt,150,0.25,0.20,0.80,100,1,1,2590,0.748115,0.747,2590
training/06-queen7_7.txt,150,0.25,0.20,0.80,100,1,2,2590,0.747407,0.747,2590
training/06-queen7_7.txt,150,0.25,0.20,0.80,100,1,3,2590,0.748234,0.747,2590
training/06-queen7_7.txt,150,0.25,0.20,0.80,100,1,4,2590,0.748737,0.747,2590
training/06-queen7_7.txt,150,0.25,0.20,0.80,50,2,0,2590,0.747409,0.747,2590
training/06-queen7_7.txt,150,0.25,0.20,0.80,50,2,1,2590,0.749344,0.747,2590
training/06-queen7_7.txt,150,0.25,0.20,0.80,50,2,2,2590,0.747569,0.747,2590
training/06-queen7_7.txt,150,0.25,0.20,0.80,50,2,3,2590,0.747466,0.747,2590
training/06-queen7_7.txt,150,0.25,0.20,0.80,50,2,4,2590,0.747624,0.747,2590
training/06-queen7_7.txt,150,0.25,0.20,0.80,100,2,0,2590,0.749243,0.747,2590
training/06-queen7_7.txt,150,0.25,0.20,0.80,100,2,1,2590,0.747543,0.747,2590
training/06-queen7_7.txt,150,0.25,0.20,0.80,100,2,2,2590,0.748807,0.747,2590
training/06-queen7_7.txt,150,0.25,0.20,0.80,100,2,3,2590,0.749425,0.747,2590
training/06-queen7_7.txt,150,0.25,0.20,0.80,100,2,4,2590,0.747063,0.747,2590
training/06-queen7_7.txt,200,0.20,0.10,0.70,50,1,0,2853,0.748507,0.747,2590
training/06-queen7_7.txt,200,0.20,0.10,0.70,50,1,1,2590,0.752108,0.747,2590
training/06-queen7_7.txt,200,0.20,0.10,0.70,50,1,2,2590,0.748003,0.747,2590
training/06-queen7_7.txt,200,0.20,0.10,0.70,50,1,3,2590,0.747146,0.747,2590
training/06-queen7_7.txt,200,0.20,0.10,0.70,50,1,4,2590,0.748921,0.747,2590
training/06-queen7_7.txt,200,0.20,0.10,0.70,100,1,0,2590,0.75003,0.747,2590
training/06-queen7_7.txt,200,0.20,0.10,0.70,100,1,1,2590,0.748229,0.747,2590
training/06-queen7_7.txt,200,0.20,0.10,0.70,100,1,2,2590,0.749724,0.747,2590
training/06-queen7_7.txt,200,0.20,0.10,0.70,100,1,3,2590,0.749135,0.747,2590
training/06-queen7_7.txt,200,0.20,0.10,0.70,100,1,4,2590,0.747621,0.747,2590
training/06-queen7_7.txt,200,0.20,0.10,0.70,50,2,0,2590,0.748391,0.747,2590
training/06-queen7_7.txt,200,0.20,0.10,0.70,50,2,1,2590,0.750333,0.747,2590
training/06-queen7_7.txt,200,0.20,0.10,0.70,50,2,2,2590,0.750184,0.747,2590
training/06-queen7_7.txt,200,0.20,0.10,0.70,50,2,3,2590,0.749688,0.747,2590
training/06-queen7_7.txt,200,0.20,0.10,0.70,50,2,4,2590,0.747374,0.747,2590
training/06-queen7_7.txt,200,0.20,0.10,0.70,100,2,0,2590,0.750329,0.747,2590
training/06-queen7_7.txt,200,0.20,0.10,0.70,100,2,1,2590,0.750565,0.747,2590
training/06-queen7_7.txt,200,0.20,0.10,0.70,100,2,2,2590,0.747733,0.747,2590
training/06-queen7_7.txt,200,0.20,0.10,0.70,100,2,3,2590,0.749169,0.747,2590
training/06-queen7_7.txt,200,0.20,0.10,0.70,100,2,4,2781,0.749307,0.747,2590
training/06-queen7_7.txt,200,0.20,0.10,0.80,50,1,0,2770,0.749889,0.747,2590
training/06-queen7_7.txt,200,0.20,0.10,0.80,50,1,1,2590,0.749131,0.747,2590
training/06-queen7_7.txt,200,0.20,0.10,0.80,50,1,2,2590,0.75008,0.747,2590
training/06-queen7_7.txt,200,0.20,0.10,0.80,50,1,3,2590,0.749419,0.747,2590
training/06-queen7_7.txt,200,0.20,0.10,0.80,50,1,4,2590,0.749096,0.747,2590
training/06-queen7_7.txt,200,0.20,0.10,0.80,100,1,0,2590,0.747823,0.747,2590
training/06-queen7_7.txt,200,0.20,0.10,0.80,100,1,1,2590,0.74962,0.747,2590
training/06-queen7_7.txt,200,0.20,0.10,0.80,100,1,2,2590,0.748649,0.747,2590
training/06-queen7_7.txt,200,0.20,0.10,0.80,100,1,3,2590,0.749647,0.747,2590
training/06-queen7_7.txt,200,0.20,0.10,0.80,100,1,4,2590,0.747365,0.747,2590
training/06-queen7_7.txt,200,0.20,0.10,0.80,50,2,0,2590,0.748802,0.747,2590
training/06-queen7_7.txt,200,0.20,0.10,0.80,50,2,1,2590,0.748112,0.747,2590
training/06-queen7_7.txt,200,0.20,0.10,0.80,50,2,2,2590,0.747027,0.747,2590
training/06-queen7_7.txt,200,0.20,0.10,0.80,50,2,3,2590,0.750574,0.747,2590
training/06-queen7_7.txt,200,0.20,0.10,0.80,50,2,4,2590,0.75011,0.747,2590
training/06-queen7_7.txt,200,0.20,0.10,0.80,100,2,0,2967,0.747736,0.747,2590
training/06-queen7_7.txt,200,0.20,0.10,0.80,100,2,1,2590,0.747646,0.747,2590
training/06-queen7_7.txt,200,0.20,0.10,0.80,100,2,2,2590,0.750187,0.747,2590
training/06-queen7_7.txt,200,0.20,0.10,0.80,100,2,3,2590,0.749107,0.747,2590
training/06-queen7_7.txt,200,0.20,0.10,0.80,100,2,4,2590,0.748404,0.747,2590
training/06-queen7_7.txt,200,0.20,0.20,0.70,50,1,0,2590,0.748891,0.747,2590
training/06-queen7_7.txt,200,0.20,0.20,0.70,50,1,1,2590,0.752296,0.747,2590
training/06-queen7_7.txt,200,0.20,0.20,0.70,50,1,2,2590,0.754699,0.747,2590
training/06-queen7_7.txt,200,0.20,0.20,0.70,50,1,3,2590,0.750765,0.747,2590
training/06-queen7_7.txt,200,0.20,0.20,0.70,50,1,4,2590,0.754055,0.747,2590
training/06-queen7_7.txt,200,0.20,0.20,0.70,100,1,0,2590,0.750397,0.747,2590
training/06-queen7_7.txt,200,0.20,0.20,0.70,100,1,1,2590,0.749699,0.747,2590
training/06-queen7_7.txt,200,0.20,0.20,0.70,100,1,2,2590,0.747656,0.747,2590
training/06-queen7_7.txt,200,0.20,0.20,0.70,100,1,3,2590,0.749164,0.747,2590
training/06-queen7_7.txt,200,0.20,0.20,0.70,100,1,4,2590,0.750047,0.747,2590
training/06-queen7_7.txt,200,0.20,0.20,0.70,50,2,0,2590,0.747695,0.747,2590
training/06-queen7_7.txt,200,0.20,0.20,0.70,50,2,1,2590,0.748593,0.747,2590
training/06-queen7_7.txt,200,0.20,0.20,0.70,50,2,2,2590,0.748096,0.747,2590
training/06-queen7_7.txt,200,0.20,0.20,0.70,50,2,3,2590,0.747484,0.747,2590
training/06-queen7_7.txt,200,0.20,0.20,0.70,50,2,4,2590,0.747708,0.747,2590
training/06-queen7_7.txt,200,0.20,0.20,0.70,100,2,0,2590,0.748792,0.747,2590
training/06-queen7_7.txt,200,0.20,0.20,0.70,100,2,1,2590,0.747876,0.747,2590
training/06-queen7_7.txt,200,0.20,0.20,0.70,100,2,2,2590,0.749,0.747,2590
training/06-queen7_7.txt,200,0.20,0.20,0.70,100,2,3,2590,0.750272,0.747,2590
training/06-queen7_7.txt,200,0.20,0.20,0.70,100,2,4,2590,0.750159,0.747,2590
training/06-queen7_7.txt,200,0.20,0.20,0.80,50,1,0,2590,0.754099,0.747,2590
training/06-queen7_7.txt,200,0.20,0.20,0.80,50,1,1,2770,0.748307,0.747,2590
training/06-queen7_7.txt,200,0.20,0.20,0.80,50,1,2,2590,0.749353,0.747,2590
training/06-queen7_7.txt,200,0.20,0.20,0.80,50,1,3,2590,0.748703,0.747,2590
training/06-queen7_7.txt,200,0.20,0.20,0.80,50,1,4,2770,0.747829,0.747,2590
training/06-queen7_7.txt,200,0.20,0.20,0.80,100,1,0,2590,0.74953,0.747,2590
training/06-queen7_7.txt,200,0.20,0.20,0.80,100,1,1,2781,0.749131,0.747,2590
training/06-queen7_7.txt,200,0.20,0.20,0.80,100,1,2,2590,0.748645,0.747,2590
training/06-queen7_7.txt,200,0.20,0.20,0.80,100,1,3,2590,0.748328,0.747,2590
training/06-queen7_7.txt,200,0.20,0.20,0.80,100,1,4,2918,0.749821,0.747,2590
training/06-queen7_7.txt,200,0.20,0.20,0.80,50,2,0,2590,0.7491,0.747,2590
training/06-queen7_7.txt,200,0.20,0.20,0.80,50,2,1,2590,0.749596,0.747,2590
training/06-queen7_7.txt,200,0.20,0.20,0.80,50,2,2,2590,0.748786,0.747,2590
training/06-queen7_7.txt,200,0.20,0.20,0.80,50,2,3,2590,0.748114,0.747,2590
training/06-queen7_7.txt,200,0.20,0.20,0.80,50,2,4,2590,0.748014,0.747,2590
training/06-queen7_7.txt,200,0.20,0.20,0.80,100,2,0,2967,0.747698,0.747,2590
training/06-queen7_7.txt,200,0.20,0.20,0.80,100,2,1,2590,0.747737,0.747,2590
training/06-queen7_7.txt,200,0.20,0.20,0.80,100,2,2,2590,0.74962,0.747,2590
training/06-queen7_7.txt,200,0.20,0.20,0.80,100,2,3,2590,0.74879,0.747,2590
training/06-queen7_7.txt,200,0.20,0.20,0.80,100,2,4,2590,0.749785,0.747,2590
training/06-queen7_7.txt,200,0.25,0.10,0.70,50,1,0,2590,0.748355,0.747,2590
training/06-queen7_7.txt,200,0.25,0.10,0.70,50,1,1,2590,0.747451,0.747,2590
training/06-queen7_7.txt,200,0.25,0.10,0.70,50,1,2,2590,0.748046,0.747,2590
training/06-queen7_7.txt,200,0.25,0.10,0.70,50,1,3,2590,0.749482,0.747,2590
training/06-queen7_7.txt,200,0.25,0.10,0.70,50,1,4,2590,0.747397,0.747,2590
training/06-queen7_7.txt,200,0.25,0.10,0.70,100,1,0,2590,0.749907,0.747,2590
training/06-queen7_7.txt,200,0.25,0.10,0.70,100,1,1,2590,0.749456,0.747,2590
training/06-queen7_7.txt,200,0.25,0.10,0.70,100,1,2,2590,0.748684,0.747,2590
training/06-queen7_7.txt,200,0.25,0.10,0.70,100,1,3,2590,0.747226,0.747,2590
training/06-queen7_7.txt,200,0.25,0.10,0.70,100,1,4,2590,0.748361,0.747,2590
training/06-queen7_7.txt,200,0.25,0.10,0.70,50,2,0,2772,0.747358,0.747,2590
training/06-queen7_7.txt,200,0.25,0.10,0.70,50,2,1,2590,0.747306,0.747,2590
training/06-queen7_7.txt,200,0.25,0.10,0.70,50,2,2,2590,0.749732,0.747,2590
training/06-queen7_7.txt,200,0.25,0.10,0.70,50,2,3,2590,0.750381,0.747,2590
training/06-queen7_7.txt,200,0.25,0.10,0.70,50,2,4,2590,0.750323,0.747,2590
training/06-queen7_7.txt,200,0.25,0.10,0.70,100,2,0,2590,0.750182,0.747,2590
training/06-queen7_7.txt,200,0.25,0.10,0.70,100,2,1,2590,0.750317,0.747,2590
training/06-queen7_7.txt,200,0.25,0.10,0.70,100,2,2,2590,0.750077,0.747,2590
training/06-queen7_7.txt,200,0.25,0.10,0.70,100,2,3,2590,0.74826,0.747,2590
training/06-queen7_7.txt,200,0.25,0.10,0.70,100,2,4,2590,0.74852,0.747,2590
training/06-queen7_7.txt,200,0.25,0.10,0.80,50,1,0,2590,0.747304,0.747,2590
training/06-queen7_7.txt,200,0.25,0.10,0.80,50,1,1,2590,0.747231,0.747,2590
training/06-queen7_7.txt,200,0.25,0.10,0.80,50,1,2,2590,0.750249,0.747,2590
training/06-queen7_7.txt,200,0.25,0.10,0.80,50,1,3,2590,0.747497,0.747,2590
training/06-queen7_7.txt,200,0.25,0.10,0.80,50,1,4,2590,0.747808,0.747,2590
training/06-queen7_7.txt,200,0.25,0.10,0.80,100,1,0,2590,0.748684,0.747,2590
training/06-queen7_7.txt,200,0.25,0.10,0.80,100,1,1,2590,0.748979,0.747,2590
training/06-queen7_7.txt,200,0.25,0.10,0.80,100,1,2,2590,0.74978,0.747,2590
training/06-queen7_7.txt,200,0.25,0.10,0.80,100,1,3,2590,0.749981,0.747,2590
training/06-queen7_7.txt,200,0.25,0.10,0.80,100,1,4,2590,0.748182,0.747,2590
training/06-queen7_7.txt,200,0.25,0.10,0.80,50,2,0,2590,0.749276,0.747,2590
training/06-queen7_7.txt,200,0.25,0.10,0.80,50,2,1,2590,0.749111,0.747,2590
training/06-queen7_7.txt,200,0.25,0.10,0.80,50,2,2,2590,0.748846,0.747,2590
training/06-queen7_7.txt,200,0.25,0.10,0.80,50,2,3,2590,0.749341,0.747,2590
training/06-queen7_7.txt,200,0.25,0.10,0.80,50,2,4,2590,0.747397,0.747,2590
training/06-queen7_7.txt,200,0.25,0.10,0.80,100,2,0,2590,0.747763,0.747,2590
training/06-queen7_7.txt,200,0.25,0.10,0.80,100,2,1,2590,0.748181,0.747,2590
training/06-queen7_7.txt,200,0.25,0.10,0.80,100,2,2,2590,0.747324,0.747,2590
training/06-queen7_7.txt,200,0.25,0.10,0.80,100,2,3,2590,0.748558,0.747,2590
training/06-queen7_7.txt,200,0.25,0.10,0.80,100,2,4,2590,0.747246,0.747,2590
training/06-queen7_7.txt,200,0.25,0.20,0.70,50,1,0,2590,0.747405,0.747,2590
training/06-queen7_7.txt,200,0.25,0.20,0.70,50,1,1,2590,0.747946,0.747,2590
training/06-queen7_7.txt,200,0.25,0.20,0.70,50,1,2,2590,0.748343,0.747,2590
training/06-queen7_7.txt,200,0.25,0.20,0.70,50,1,3,2590,0.748388,0.747,2590
training/06-queen7_7.txt,200,0.25,0.20,0.70,50,1,4,2590,0.748482,0.747,2590
training/06-queen7_7.txt,200,0.25,0.20,0.70,100,1,0,2590,0.749292,0.747,2590
training/06-queen7_7.txt,200,0.25,0.20,0.70,100,1,1,2590,0.749134,0.747,2590
training/06-queen7_7.txt,200,0.25,0.20,0.70,100,1,2,2590,0.748097,0.747,2590
training/06-queen7_7.txt,200,0.25,0.20,0.70,100,1,3,2590,0.748117,0.747,2590
training/06-queen7_7.txt,200,0.25,0.20,0.70,100,1,4,2590,0.75022,0.747,2590
training/06-queen7_7.txt,200,0.25,0.20,0.70,50,2,0,2590,0.747876,0.747,2590
training/06-queen7_7.txt,200,0.25,0.20,0.70,50,2,1,2590,0.74982,0.747,2590
training/06-queen7_7.txt,200,0.25,0.20,0.70,50,2,2,2950,0.747385,0.747,2590
training/06-queen7_7.txt,200,0.25,0.20,0.70,50,2,3,2590,0.749533,0.747,2590
training/06-queen7_7.txt,200,0.25,0.20,0.70,50,2,4,2590,0.747047,0.747,2590
training/06-queen7_7.txt,200,0.25,0.20,0.70,100,2,0,2783,0.748174,0.747,2590
training/06-queen7_7.txt,200,0.25,0.20,0.70,100,2,1,2590,0.748482,0.747,2590
training/06-queen7_7.txt,200,0.25,0.20,0.70,100,2,2,2590,0.747039,0.747,2590
training/06-queen7_7.txt,200,0.25,0.20,0.70,100,2,3,2590,0.748495,0.747,2590
training/06-queen7_7.txt,200,0.25,0.20,0.70,100,2,4,2590,0.74965,0.747,2590
training/06-queen7_7.txt,200,0.25,0.20,0.80,50,1,0,2590,0.74887,0.747,2590
training/06-queen7_7.txt,200,0.25,0.20,0.80,50,1,1,2590,0.750447,0.747,2590
training/06-queen7_7.txt,200,0.25,0.20,0.80,50,1,2,2590,0.750199,0.747,2590
training/06-queen7_7.txt,200,0.25,0.20,0.80,50,1,3,2590,0.748151,0.747,2590
training/06-queen7_7.txt,200,0.25,0.20,0.80,50,1,4,2590,0.749179,0.747,2590
training/06-queen7_7.txt,200,0.25,0.20,0.80,100,1,0,2590,0.747436,0.747,2590
training/06-queen7_7.txt,200,0.25,0.20,0.80,100,1,1,2590,0.747108,0.747,2590
training/06-queen7_7.txt,200,0.25,0.20,0.80,100,1,2,2590,0.750187,0.747,2590
training/06-queen7_7.txt,200,0.25,0.20,0.80,100,1,3,2590,0.748462,0.747,2590
training/06-queen7_7.txt,200,0.25,0.20,0.80,100,1,4,2590,0.748962,0.747,2590
training/06-queen7_7.txt,200,0.25,0.20,0.80,50,2,0,2590,0.749068,0.747,2590
training/06-queen7_7.txt,200,0.25,0.20,0.80,50,2,1,2590,0.747971,0.747,2590
training/06-queen7_7.txt,200,0.25,0.20,0.80,50,2,2,2590,0.747158,0.747,2590
training/06-queen7_7.txt,200,0.25,0.20,0.80,50,2,3,2590,0.747477,0.747,2590
training/06-queen7_7.txt,200,0.25,0.20,0.80,50,2,4,2590,0.750075,0.747,2590
training/06-queen7_7.txt,200,0.25,0.20,0.80,100,2,0,2590,0.749435,0.747,2590
training/06-queen7_7.txt,200,0.25,0.20,0.80,100,2,1,2590,0.747534,0.747,2590
training/06-queen7_7.txt,200,0.25,0.20,0.80,100,2,2,2590,0.747207,0.747,2590
training/06-queen7_7.txt,200,0.25,0.20,0.80,100,2,3,2590,0.748838,0.747,2590
training/06-queen7_7.txt,200,0.25,0.20,0.80,100,2,4,2590,0.748998,0.747,2590
training/07-2-FullIns_3.txt,100,0.20,0.10,0.70,50,1,0,832,0.528521,0.528,832
training/07-2-FullIns_3.txt,100,0.20,0.10,0.70,50,1,1,832,0.528332,0.528,832
training/07-2-FullIns_3.txt,100,0.20,0.10,0.70,50,1,2,832,0.528925,0.528,832
training/07-2-FullIns_3.txt,100,0.20,0.10,0.70,50,1,3,832,0.528993,0.528,832
training/07-2-FullIns_3.txt,100,0.20,0.10,0.70,50,1,4,832,0.528593,0.528,832
training/07-2-FullIns_3.txt,100,0.20,0.10,0.70,100,1,0,832,0.528139,0.528,832
training/07-2-FullIns_3.txt,100,0.20,0.10,0.70,100,1,1,832,0.52899,0.528,832
training/07-2-FullIns_3.txt,100,0.20,0.10,0.70,100,1,2,832,0.528305,0.528,832
training/07-2-FullIns_3.txt,100,0.20,0.10,0.70,100,1,3,832,0.528619,0.528,832
training/07-2-FullIns_3.txt,100,0.20,0.10,0.70,100,1,4,832,0.528588,0.528,832
training/07-2-FullIns_3.txt,100,0.20,0.10,0.70,50,2,0,832,0.528432,0.528,832
training/07-2-FullIns_3.txt,100,0.20,0.10,0.70,50,2,1,832,0.528634,0.528,832
training/07-2-FullIns_3.txt,100,0.20,0.10,0.70,50,2,2,832,0.528511,0.528,832
training/07-2-FullIns_3.txt,100,0.20,0.10,0.70,50,2,3,832,0.528913,0.528,832
training/07-2-FullIns_3.txt,100,0.20,0.10,0.70,50,2,4,832,0.528895,0.528,832
training/07-2-FullIns_3.txt,100,0.20,0.10,0.70,100,2,0,832,0.52855,0.528,832
training/07-2-FullIns_3.txt,100,0.20,0.10,0.70,100,2,1,832,0.528022,0.528,832
training/07-2-FullIns_3.txt,100,0.20,0.10,0.70,100,2,2,832,0.52879,0.528,832
training/07-2-FullIns_3.txt,100,0.20,0.10,0.70,100,2,3,832,0.528335,0.528,832
training/07-2-FullIns_3.txt,100,0.20,0.10,0.70,100,2,4,832,0.528498,0.528,832
training/07-2-FullIns_3.txt,100,0.20,0.10,0.80,50,1,0,832,0.529068,0.528,832
training/07-2-FullIns_3.txt,100,0.20,0.10,0.80,50,1,1,832,0.5287,0.528,832
training/07-2-FullIns_3.txt,100,0.20,0.10,0.80,50,1,2,832,0.528182,0.528,832
training/07-2-FullIns_3.txt,100,0.20,0.10,0.80,50,1,3,832,0.528546,0.528,832
training/07-2-FullIns_3.txt,100,0.20,0.10,0.80,50,1,4,832,0.528367,0.528,832
training/07-2-FullIns_3.txt,100,0.20,0.10,0.80,100,1,0,832,0.528319,0.528,832
training/07-2-FullIns_3.txt,100,0.20,0.10,0.80,100,1,1,832,0.529274,0.528,832
training/07-2-FullIns_3.txt,100,0.20,0.10,0.80,100,1,2,832,0.529062,0.528,832
training/07-2-FullIns_3.txt,100,0.20,0.10,0.80,100,1,3,832,0.52894,0.528,832
training/07-2-FullIns_3.txt,100,0.20,0.10,0.80,100,1,4,832,0.528952,0.528,832
training/07-2-FullIns_3.txt,100,0.20,0.10,0.80,50,2,0,832,0.528064,0.528,832
training/07-2-FullIns_3.txt,100,0.20,0.10,0.80,50,2,1,832,0.528607,0.528,832
training/07-2-FullIns_3.txt,100,0.20,0.10,0.80,50,2,2,832,0.528203,0.528,832
training/07-2-FullIns_3.txt,100,0.20,0.10,0.80,50,2,3,832,0.528362,0.528,832
training/07-2-FullIns_3.txt,100,0.20,0.10,0.80,50,2,4,832,0.528712,0.528,832
training/07-2-FullIns_3.txt,100,0.20,0.10,0.80,100,2,0,832,0.528018,0.528,832
training/07-2-FullIns_3.txt,100,0.20,0.10,0.80,100,2,1,832,0.528537,0.528,832
training/07-2-FullIns_3.txt,100,0.20,0.10,0.80,100,2,2,832,0.528257,0.528,832
training/07-2-FullIns_3.txt,100,0.20,0.10,0.80,100,2,3,832,0.528168,0.528,832
training/07-2-FullIns_3.txt,100,0.20,0.10,0.80,100,2,4,832,0.529014,0.528,832
training/07-2-FullIns_3.txt,100,0.20,0.20,0.70,50,1,0,832,0.52903,0.528,832
training/07-2-FullIns_3.txt,100,0.20,0.20,0.70,50,1,1,832,0.528175,0.528,832
training/07-2-FullIns_3.txt,100,0.20,0.20,0.70,50,1,2,832,0.528378,0.528,832
training/07-2-FullIns_3.txt,100,0.20,0.20,0.70,50,1,3,832,0.528113,0.528,832
training/07-2-FullIns_3.txt,100,0.20,0.20,0.70,50,1,4,832,0.52813,0.528,832
training/07-2-FullIns_3.txt,100,0.20,0.20,0.70,100,1,0,832,0.528157,0.528,832
training/07-2-FullIns_3.txt,100,0.20,0.20,0.70,100,1,1,832,0.528855,0.528,832
training/07-2-FullIns_3.txt,100,0.20,0.20,0.70,100,1,2,832,0.528194,0.528,832
training/07-2-FullIns_3.txt,100,0.20,0.20,0.70,100,1,3,832,0.528749,0.528,832
training/07-2-FullIns_3.txt,100,0.20,0.20,0.70,100,1,4,832,0.528737,0.528,832
training/07-2-FullIns_3.txt,100,0.20,0.20,0.70,50,2,0,832,0.528705,0.528,832
training/07-2-FullIns_3.txt,100,0.20,0.20,0.70,50,2,1,832,0.528531,0.528,832
training/07-2-FullIns_3.txt,100,0.20,0.20,0.70,50,2,2,832,0.528943,0.528,832
training/07-2-FullIns_3.txt,100,0.20,0.20,0.70,50,2,3,832,0.529027,0.528,832
training/07-2-FullIns_3.txt,100,0.20,0.20,0.70,50,2,4,832,0.528559,0.528,832
training/07-2-FullIns_3.txt,100,0.20,0.20,0.70,100,2,0,832,0.528503,0.528,832
training/07-2-FullIns_3.txt,100,0.20,0.20,0.70,100,2,1,832,0.528086,0.528,832
training/07-2-FullIns_3.txt,100,0.20,0.20,0.70,100,2,2,832,0.528479,0.528,832
training/07-2-FullIns_3.txt,100,0.20,0.20,0.70,100,2,3,832,0.528956,0.528,832
training/07-2-FullIns_3.txt,100,0.20,0.20,0.70,100,2,4,832,0.528802,0.528,832
training/07-2-FullIns_3.txt,100,0.20,0.20,0.80,50,1,0,832,0.528245,0.528,832
training/07-2-FullIns_3.txt,100,0.20,0.20,0.80,50,1,1,832,0.528148,0.528,832
training/07-2-FullIns_3.txt,100,0.20,0.20,0.80,50,1,2,832,0.529077,0.528,832
training/07-2-FullIns_3.txt,100,0.20,0.20,0.80,50,1,3,832,0.52809,0.528,832
training/07-2-FullIns_3.txt,100,0.20,0.20,0.80,50,1,4,832,0.528538,0.528,832
training/07-2-FullIns_3.txt,100,0.20,0.20,0.80,100,1,0,832,0.528303,0.528,832
training/07-2-FullIns_3.txt,100,0.20,0.20,0.80,100,1,1,832,0.528497,0.528,832
training/07-2-FullIns_3.txt,100,0.20,0.20,0.80,100,1,2,832,0.528461,0.528,832
training/07-2-FullIns_3.txt,100,0.20,0.20,0.80,100,1,3,832,0.528073,0.528,832
training/07-2-FullIns_3.txt,100,0.20,0.20,0.80,100,1,4,832,0.529093,0.528,832
training/07-2-FullIns_3.txt,100,0.20,0.20,0.80,50,2,0,832,0.529031,0.528,832
training/07-2-FullIns_3.txt,100,0.20,0.20,0.80,50,2,1,832,0.528712,0.528,832
training/07-2-FullIns_3.txt,100,0.20,0.20,0.80,50,2,2,832,0.529012,0.528,832
training/07-2-FullIns_3.txt,100,0.20,0.20,0.80,50,2,3,832,0.528969,0.528,832
training/07-2-FullIns_3.txt,100,0.20,0.20,0.80,50,2,4,832,0.528306,0.528,832
training/07-2-FullIns_3.txt,100,0.20,0.20,0.80,100,2,0,832,0.528165,0.528,832
training/07-2-FullIns_3.txt,100,0.20,0.20,0.80,100,2,1,832,0.528284,0.528,832
training/07-2-FullIns_3.txt,100,0.20,0.20,0.80,100,2,2,832,0.528353,0.528,832
training/07-2-FullIns_3.txt,100,0.20,0.20,0.80,100,2,3,832,0.528986,0.528,832
training/07-2-FullIns_3.txt,100,0.20,0.20,0.80,100,2,4,832,0.528158,0.528,832
training/07-2-FullIns_3.txt,100,0.25,0.10,0.70,50,1,0,832,0.528043,0.528,832
training/07-2-FullIns_3.txt,100,0.25,0.10,0.70,50,1,1,832,0.528049,0.528,832
training/07-2-FullIns_3.txt,100,0.25,0.10,0.70,50,1,2,832,0.528304,0.528,832
training/07-2-FullIns_3.txt,100,0.25,0.10,0.70,50,1,3,832,0.528071,0.528,832
training/07-2-FullIns_3.txt,100,0.25,0.10,0.70,50,1,4,832,0.528123,0.528,832
training/07-2-FullIns_3.txt,100,0.25,0.10,0.70,100,1,0,832,0.528361,0.528,832
training/07-2-FullIns_3.txt,100,0.25,0.10,0.70,100,1,1,832,0.528768,0.528,832
training/07-2-FullIns_3.txt,100,0.25,0.10,0.70,100,1,2,832,0.528834,0.528,832
training/07-2-FullIns_3.txt,100,0.25,0.10,0.70,100,1,3,832,0.528085,0.528,832
training/07-2-FullIns_3.txt,100,0.25,0.10,0.70,100,1,4,832,0.528689,0.528,832
training/07-2-FullIns_3.txt,100,0.25,0.10,0.70,50,2,0,832,0.528163,0.528,832
training/07-2-FullIns_3.txt,100,0.25,0.10,0.70,50,2,1,832,0.528494,0.528,832
training/07-2-FullIns_3.txt,100,0.25,0.10,0.70,50,2,2,832,0.528874,0.528,832
training/07-2-FullIns_3.txt,100,0.25,0.10,0.70,50,2,3,832,0.528471,0.528,832
training/07-2-FullIns_3.txt,100,0.25,0.10,0.70,50,2,4,832,0.528161,0.528,832
training/07-2-FullIns_3.txt,100,0.25,0.10,0.70,100,2,0,832,0.528799,0.528,832
training/07-2-FullIns_3.txt,100,0.25,0.10,0.70,100,2,1,832,0.528344,0.528,832
training/07-2-FullIns_3.txt,100,0.25,0.10,0.70,100,2,2,832,0.528203,0.528,832
training/07-2-FullIns_3.txt,100,0.25,0.10,0.70,100,2,3,832,0.528921,0.528,832
training/07-2-FullIns_3.txt,100,0.25,0.10,0.70,100,2,4,832,0.528973,0.528,832
training/07-2-FullIns_3.txt,100,0.25,0.10,0.80,50,1,0,832,0.528334,0.528,832
training/07-2-FullIns_3.txt,100,0.25,0.10,0.80,50,1,1,832,0.528703,0.528,832
training/07-2-FullIns_3.txt,100,0.25,0.10,0.80,50,1,2,832,0.528301,0.528,832
training/07-2-FullIns_3.txt,100,0.25,0.10,0.80,50,1,3,832,0.528176,0.528,832
training/07-2-FullIns_3.txt,100,0.25,0.10,0.80,50,1,4,832,0.528507,0.528,832
training/07-2-FullIns_3.txt,100,0.25,0.10,0.80,100,1,0,832,0.528181,0.528,832
training/07-2-FullIns_3.txt,100,0.25,0.10,0.80,100,1,1,832,0.528096,0.528,832
training/07-2-FullIns_3.txt,100,0.25,0.10,0.80,100,1,2,832,0.529003,0.528,832
training/07-2-FullIns_3.txt,100,0.25,0.10,0.80,100,1,3,832,0.528738,0.528,832
training/07-2-FullIns_3.txt,100,0.25,0.10,0.80,100,1,4,832,0.528064,0.528,832
training/07-2-FullIns_3.txt,100,0.25,0.10,0.80,50,2,0,832,0.529027,0.528,832
training/07-2-FullIns_3.txt,100,0.25,0.10,0.80,50,2,1,832,0.528542,0.528,832
training/07-2-FullIns_3.txt,100,0.25,0.10,0.80,50,2,2,832,0.528128,0.528,832
training/07-2-FullIns_3.txt,100,0.25,0.10,0.80,50,2,3,832,0.528716,0.528,832
training/07-2-FullIns_3.txt,100,0.25,0.10,0.80,50,2,4,832,0.528232,0.528,832
training/07-2-FullIns_3.txt,100,0.25,0.10,0.80,100,2,0,832,0.529081,0.528,832
training/07-2-FullIns_3.txt,100,0.25,0.10,0.80,100,2,1,832,0.528409,0.528,832
training/07-2-FullIns_3.txt,100,0.25,0.10,0.80,100,2,2,832,0.528407,0.528,832
training/07-2-FullIns_3.txt,100,0.25,0.10,0.80,100,2,3,832,0.52811,0.528,832
training/07-2-FullIns_3.txt,100,0.25,0.10,0.80,100,2,4,832,0.528386,0.528,832
training/07-2-FullIns_3.txt,100,0.25,0.20,0.70,50,1,0,832,0.52882,0.528,832
training/07-2-FullIns_3.txt,100,0.25,0.20,0.70,50,1,1,832,0.528561,0.528,832
training/07-2-FullIns_3.txt,100,0.25,0.20,0.70,50,1,2,832,0.528415,0.528,832
training/07-2-FullIns_3.txt,100,0.25,0.20,0.70,50,1,3,832,0.529043,0.528,832
training/07-2-FullIns_3.txt,100,0.25,0.20,0.70,50,1,4,832,0.5286,0.528,832
training/07-2-FullIns_3.txt,100,0.25,0.20,0.70,100,1,0,832,0.528125,0.528,832
training/07-2-FullIns_3.txt,100,0.25,0.20,0.70,100,1,1,832,0.528535,0.528,832
training/07-2-FullIns_3.txt,100,0.25,0.20,0.70,100,1,2,832,0.528336,0.528,832
training/07-2-FullIns_3.txt,100,0.25,0.20,0.70,100,1,3,832,0.528421,0.528,832
training/07-2-FullIns_3.txt,100,0.25,0.20,0.70,100,1,4,832,0.528672,0.528,832
training/07-2-FullIns_3.txt,100,0.25,0.20,0.70,50,2,0,832,0.528346,0.528,832
training/07-2-FullIns_3.txt,100,0.25,0.20,0.70,50,2,1,832,0.528119,0.528,832
training/07-2-FullIns_3.txt,100,0.25,0.20,0.70,50,2,2,832,0.528853,0.528,832
training/07-2-FullIns_3.txt,100,0.25,0.20,0.70,50,2,3,832,0.528457,0.528,832
training/07-2-FullIns_3.txt,100,0.25,0.20,0.70,50,2,4,832,0.528935,0.528,832
training/07-2-FullIns_3.txt,100,0.25,0.20,0.70,100,2,0,832,0.528496,0.528,832
training/07-2-FullIns_3.txt,100,0.25,0.20,0.70,100,2,1,832,0.528611,0.528,832
training/07-2-FullIns_3.txt,100,0.25,0.20,0.70,100,2,2,832,0.528114,0.528,832
training/07-2-FullIns_3.txt,100,0.25,0.20,0.70,100,2,3,832,0.528502,0.528,832
training/07-2-FullIns_3.txt,100,0.25,0.20,0.70,100,2,4,832,0.528662,0.528,832
training/07-2-FullIns_3.txt,100,0.25,0.20,0.80,50,1,0,832,0.528925,0.528,832
training/07-2-FullIns_3.txt,100,0.25,0.20,0.80,50,1,1,832,0.528835,0.528,832
training/07-2-FullIns_3.txt,100,0.25,0.20,0.80,50,1,2,832,0.528403,0.528,832
training/07-2-FullIns_3.txt,100,0.25,0.20,0.80,50,1,3,832,0.528792,0.528,832
training/07-2-FullIns_3.txt,100,0.25,0.20,0.80,50,1,4,832,0.528255,0.528,832
training/07-2-FullIns_3.txt,100,0.25,0.20,0.80,100,1,0,832,0.52903,0.528,832
training/07-2-FullIns_3.txt,100,0.25,0.20,0.80,100,1,1,832,0.529012,0.528,832
training/07-2-FullIns_3.txt,100,0.25,0.20,0.80,100,1,2,832,0.528567,0.528,832
training/07-2-FullIns_3.txt,100,0.25,0.20,0.80,100,1,3,832,0.52885,0.528,832
training/07-2-FullIns_3.txt,100,0.25,0.20,0.80,100,1,4,832,0.528493,0.528,832
training/07-2-FullIns_3.txt,100,0.25,0.20,0.80,50,2,0,832,0.528491,0.528,832
training/07-2-FullIns_3.txt,100,0.25,0.20,0.80,50,2,1,832,0.528683,0.528,832
training/07-2-FullIns_3.txt,100,0.25,0.20,0.80,50,2,2,832,0.528168,0.528,832
training/07-2-FullIns_3.txt,100,0.25,0.20,0.80,50,2,3,832,0.52836,0.528,832
training/07-2-FullIns_3.txt,100,0.25,0.20,0.80,50,2,4,832,0.528521,0.528,832
training/07-2-FullIns_3.txt,100,0.25,0.20,0.80,100,2,0,832,0.528285,0.528,832
training/07-2-FullIns_3.txt,100,0.25,0.20,0.80,100,2,1,832,0.52852,0.528,832
training/07-2-FullIns_3.txt,100,0.25,0.20,0.80,100,2,2,832,0.528806,0.528,832
training/07-2-FullIns_3.txt,100,0.25,0.20,0.80,100,2,3,832,0.52856,0.528,832
training/07-2-FullIns_3.txt,100,0.25,0.20,0.80,100,2,4,832,0.528573,0.528,832
training/07-2-FullIns_3.txt,150,0.20,0.10,0.70,50,1,0,832,0.529546,0.528,832
training/07-2-FullIns_3.txt,150,0.20,0.10,0.70,50,1,1,832,0.529607,0.528,832
training/07-2-FullIns_3.txt,150,0.20,0.10,0.70,50,1,2,832,0.528269,0.528,832
training/07-2-FullIns_3.txt,150,0.20,0.10,0.70,50,1,3,832,0.528156,0.528,832
training/07-2-FullIns_3.txt,150,0.20,0.10,0.70,50,1,4,832,0.529511,0.528,832
training/07-2-FullIns_3.txt,150,0.20,0.10,0.70,100,1,0,832,0.528502,0.528,832
training/07-2-FullIns_3.txt,150,0.20,0.10,0.70,100,1,1,832,0.528396,0.528,832
training/07-2-FullIns_3.txt,150,0.20,0.10,0.70,100,1,2,832,0.529509,0.528,832
training/07-2-FullIns_3.txt,150,0.20,0.10,0.70,100,1,3,832,0.529221,0.528,832
training/07-2-FullIns_3.txt,150,0.20,0.10,0.70,100,1,4,832,0.529634,0.528,832
training/07-2-FullIns_3.txt,150,0.20,0.10,0.70,50,2,0,832,0.528725,0.528,832
training/07-2-FullIns_3.txt,150,0.20,0.10,0.70,50,2,1,832,0.529519,0.528,832
training/07-2-FullIns_3.txt,150,0.20,0.10,0.70,50,2,2,832,0.528978,0.528,832
training/07-2-FullIns_3.txt,150,0.20,0.10,0.70,50,2,3,832,0.528046,0.528,832
training/07-2-FullIns_3.txt,150,0.20,0.10,0.70,50,2,4,832,0.529627,0.528,832
training/07-2-FullIns_3.txt,150,0.20,0.10,0.70,100,2,0,832,0.529117,0.528,832
training/07-2-FullIns_3.txt,150,0.20,0.10,0.70,100,2,1,832,0.529372,0.528,832
training/07-2-FullIns_3.txt,150,0.20,0.10,0.70,100,2,2,832,0.528693,0.528,832
training/07-2-FullIns_3.txt,150,0.20,0.10,0.70,100,2,3,832,0.528321,0.528,832
training/07-2-FullIns_3.txt,150,0.20,0.10,0.70,100,2,4,832,0.528948,0.528,832
training/07-2-FullIns_3.txt,150,0.20,0.10,0.80,50,1,0,832,0.528441,0.528,832
training/07-2-FullIns_3.txt,150,0.20,0.10,0.80,50,1,1,832,0.529694,0.528,832
training/07-2-FullIns_3.txt,150,0.20,0.10,0.80,50,1,2,832,0.529054,0.528,832
training/07-2-FullIns_3.txt,150,0.20,0.10,0.80,50,1,3,832,0.529624,0.528,832
training/07-2-FullIns_3.txt,150,0.20,0.10,0.80,50,1,4,832,0.52902,0.528,832
training/07-2-FullIns_3.txt,150,0.20,0.10,0.80,100,1,0,832,0.52882,0.528,832
training/07-2-FullIns_3.txt,150,0.20,0.10,0.80,100,1,1,832,0.529592,0.528,832
training/07-2-FullIns_3.txt,150,0.20,0.10,0.80,100,1,2,832,0.528129,0.528,832
training/07-2-FullIns_3.txt,150,0.20,0.10,0.80,100,1,3,832,0.529323,0.528,832
training/07-2-FullIns_3.txt,150,0.20,0.10,0.80,100,1,4,832,0.530165,0.528,832
training/07-2-FullIns_3.txt,150,0.20,0.10,0.80,50,2,0,832,0.530441,0.528,832
training/07-2-FullIns_3.txt,150,0.20,0.10,0.80,50,2,1,832,0.52841,0.528,832
training/07-2-FullIns_3.txt,150,0.20,0.10,0.80,50,2,2,832,0.529537,0.528,832
training/07-2-FullIns_3.txt,150,0.20,0.10,0.80,50,2,3,832,0.530259,0.528,832
training/07-2-FullIns_3.txt,150,0.20,0.10,0.80,50,2,4,832,0.528651,0.528,832
training/07-2-FullIns_3.txt,150,0.20,0.10,0.80,100,2,0,832,0.528767,0.528,832
training/07-2-FullIns_3.txt,150,0.20,0.10,0.80,100,2,1,832,0.529421,0.528,832
training/07-2-FullIns_3.txt,150,0.20,0.10,0.80,100,2,2,832,0.530488,0.528,832
training/07-2-FullIns_3.txt,150,0.20,0.10,0.80,100,2,3,832,0.528048,0.528,832
training/07-2-FullIns_3.txt,150,0.20,0.10,0.80,100,2,4,832,0.529687,0.528,832
training/07-2-FullIns_3.txt,150,0.20,0.20,0.70,50,1,0,832,0.528622,0.528,832
training/07-2-FullIns_3.txt,150,0.20,0.20,0.70,50,1,1,832,0.52829,0.528,832
training/07-2-FullIns_3.txt,150,0.20,0.20,0.70,50,1,2,832,0.528298,0.528,832
training/07-2-FullIns_3.txt,150,0.20,0.20,0.70,50,1,3,832,0.529537,0.528,832
training/07-2-FullIns_3.txt,150,0.20,0.20,0.70,50,1,4,832,0.529448,0.528,832
training/07-2-FullIns_3.txt,150,0.20,0.20,0.70,100,1,0,832,0.528854,0.528,832
training/07-2-FullIns_3.txt,150,0.20,0.20,0.70,100,1,1,832,0.529396,0.528,832
training/07-2-FullIns_3.txt,150,0.20,0.20,0.70,100,1,2,832,0.529351,0.528,832
training/07-2-FullIns_3.txt,150,0.20,0.20,0.70,100,1,3,832,0.529324,0.528,832
training/07-2-FullIns_3.txt,150,0.20,0.20,0.70,100,1,4,832,0.529452,0.528,832
training/07-2-FullIns_3.txt,150,0.20,0.20,0.70,50,2,0,832,0.528617,0.528,832
training/07-2-FullIns_3.txt,150,0.20,0.20,0.70,50,2,1,832,0.528297,0.528,832
training/07-2-FullIns_3.txt,150,0.20,0.20,0.70,50,2,2,832,0.528793,0.528,832
training/07-2-FullIns_3.txt,150,0.20,0.20,0.70,50,2,3,832,0.529081,0.528,832
training/07-2-FullIns_3.txt,150,0.20,0.20,0.70,50,2,4,832,0.528661,0.528,832
training/07-2-FullIns_3.txt,150,0.20,0.20,0.70,100,2,0,832,0.531331,0.528,832
training/07-2-FullIns_3.txt,150,0.20,0.20,0.70,100,2,1,832,0.528773,0.528,832
training/07-2-FullIns_3.txt,150,0.20,0.20,0.70,100,2,2,832,0.531214,0.528,832
training/07-2-FullIns_3.txt,150,0.20,0.20,0.70,100,2,3,832,0.529478,0.528,832
training/07-2-FullIns_3.txt,150,0.20,0.20,0.70,100,2,4,832,0.529713,0.528,832
training/07-2-FullIns_3.txt,150,0.20,0.20,0.80,50,1,0,832,0.529624,0.528,832
training/07-2-FullIns_3.txt,150,0.20,0.20,0.80,50,1,1,832,0.529569,0.528,832
training/07-2-FullIns_3.txt,150,0.20,0.20,0.80,50,1,2,832,0.528829,0.528,832
training/07-2-FullIns_3.txt,150,0.20,0.20,0.80,50,1,3,832,0.528257,0.528,832
training/07-2-FullIns_3.txt,150,0.20,0.20,0.80,50,1,4,832,0.529059,0.528,832
training/07-2-FullIns_3.txt,150,0.20,0.20,0.80,100,1,0,832,0.531309,0.528,832
training/07-2-FullIns_3.txt,150,0.20,0.20,0.80,100,1,1,832,0.529232,0.528,832
training/07-2-FullIns_3.txt,150,0.20,0.20,0.80,100,1,2,832,0.528529,0.528,832
training/07-2-FullIns_3.txt,150,0.20,0.20,0.80,100,1,3,832,0.528757,0.528,832
training/07-2-FullIns_3.txt,150,0.20,0.20,0.80,100,1,4,832,0.528764,0.528,832
training/07-2-FullIns_3.txt,150,0.20,0.20,0.80,50,2,0,832,0.529405,0.528,832
training/07-2-FullIns_3.txt,150,0.20,0.20,0.80,50,2,1,832,0.528562,0.528,832
training/07-2-FullIns_3.txt,150,0.20,0.20,0.80,50,2,2,832,0.528572,0.528,832
training/07-2-FullIns_3.txt,150,0.20,0.20,0.80,50,2,3,832,0.529279,0.528,832
training/07-2-FullIns_3.txt,150,0.20,0.20,0.80,50,2,4,832,0.529014,0.528,832
training/07-2-FullIns_3.txt,150,0.20,0.20,0.80,100,2,0,832,0.528704,0.528,832
training/07-2-FullIns_3.txt,150,0.20,0.20,0.80,100,2,1,832,0.529909,0.528,832
training/07-2-FullIns_3.txt,150,0.20,0.20,0.80,100,2,2,832,0.529575,0.528,832
training/07-2-FullIns_3.txt,150,0.20,0.20,0.80,100,2,3,832,0.529751,0.528,832
training/07-2-FullIns_3.txt,150,0.20,0.20,0.80,100,2,4,832,0.529584,0.528,832
training/07-2-FullIns_3.txt,150,0.25,0.10,0.70,50,1,0,832,0.529337,0.528,832
training/07-2-FullIns_3.txt,150,0.25,0.10,0.70,50,1,1,832,0.528831,0.528,832
training/07-2-FullIns_3.txt,150,0.25,0.10,0.70,50,1,2,832,0.52834,0.528,832
training/07-2-FullIns_3.txt,150,0.25,0.10,0.70,50,1,3,832,0.528767,0.528,832
training/07-2-FullIns_3.txt,150,0.25,0.10,0.70,50,1,4,832,0.52896,0.528,832
training/07-2-FullIns_3.txt,150,0.25,0.10,0.70,100,1,0,832,0.528455,0.528,832
training/07-2-FullIns_3.txt,150,0.25,0.10,0.70,100,1,1,832,0.5296,0.528,832
training/07-2-FullIns_3.txt,150,0.25,0.10,0.70,100,1,2,832,0.528336,0.528,832
training/07-2-FullIns_3.txt,150,0.25,0.10,0.70,100,1,3,832,0.528974,0.528,832
training/07-2-FullIns_3.txt,150,0.25,0.10,0.70,100,1,4,832,0.529252,0.528,832
training/07-2-FullIns_3.txt,150,0.25,0.10,0.70,50,2,0,832,0.528447,0.528,832
training/07-2-FullIns_3.txt,150,0.25,0.10,0.70,50,2,1,832,0.528423,0.528,832
training/07-2-FullIns_3.txt,150,0.25,0.10,0.70,50,2,2,832,0.528765,0.528,832
training/07-2-FullIns_3.txt,150,0.25,0.10,0.70,50,2,3,832,0.52868,0.528,832
training/07-2-FullIns_3.txt,150,0.25,0.10,0.70,50,2,4,832,0.529213,0.528,832
training/07-2-FullIns_3.txt,150,0.25,0.10,0.70,100,2,0,832,0.528266,0.528,832
training/07-2-FullIns_3.txt,150,0.25,0.10,0.70,100,2,1,832,0.528075,0.528,832
training/07-2-FullIns_3.txt,150,0.25,0.10,0.70,100,2,2,832,0.528538,0.528,832
training/07-2-FullIns_3.txt,150,0.25,0.10,0.70,100,2,3,832,0.529112,0.528,832
training/07-2-FullIns_3.txt,150,0.25,0.10,0.70,100,2,4,832,0.528341,0.528,832
training/07-2-FullIns_3.txt,150,0.25,0.10,0.80,50,1,0,832,0.529319,0.528,832
training/07-2-FullIns_3.txt,150,0.25,0.10,0.80,50,1,1,832,0.528264,0.528,832
training/07-2-FullIns_3.txt,150,0.25,0.10,0.80,50,1,2,832,0.52844,0.528,832
training/07-2-FullIns_3.txt,150,0.25,0.10,0.80,50,1,3,832,0.530329,0.528,832
training/07-2-FullIns_3.txt,150,0.25,0.10,0.80,50,1,4,832,0.528286,0.528,832
training/07-2-FullIns_3.txt,150,0.25,0.10,0.80,100,1,0,832,0.528041,0.528,832
training/07-2-FullIns_3.txt,150,0.25,0.10,0.80,100,1,1,832,0.52845,0.528,832
training/07-2-FullIns_3.txt,150,0.25,0.10,0.80,100,1,2,832,0.528073,0.528,832
training/07-2-FullIns_3.txt,150,0.25,0.10,0.80,100,1,3,832,0.529179,0.528,832
training/07-2-FullIns_3.txt,150,0.25,0.10,0.80,100,1,4,832,0.52928,0.528,832
training/07-2-FullIns_3.txt,150,0.25,0.10,0.80,50,2,0,832,0.529055,0.528,832
training/07-2-FullIns_3.txt,150,0.25,0.10,0.80,50,2,1,832,0.529048,0.528,832
training/07-2-FullIns_3.txt,150,0.25,0.10,0.80,50,2,2,832,0.528714,0.528,832
training/07-2-FullIns_3.txt,150,0.25,0.10,0.80,50,2,3,832,0.529189,0.528,832
training/07-2-FullIns_3.txt,150,0.25,0.10,0.80,50,2,4,832,0.529401,0.528,832
training/07-2-FullIns_3.txt,150,0.25,0.10,0.80,100,2,0,832,0.528411,0.528,832
training/07-2-FullIns_3.txt,150,0.25,0.10,0.80,100,2,1,832,0.529081,0.528,832
training/07-2-FullIns_3.txt,150,0.25,0.10,0.80,100,2,2,832,0.529207,0.528,832
training/07-2-FullIns_3.txt,150,0.25,0.10,0.80,100,2,3,832,0.528817,0.528,832
training/07-2-FullIns_3.txt,150,0.25,0.10,0.80,100,2,4,832,0.528112,0.528,832
training/07-2-FullIns_3.txt,150,0.25,0.20,0.70,50,1,0,832,0.529304,0.528,832
training/07-2-FullIns_3.txt,150,0.25,0.20,0.70,50,1,1,832,0.528201,0.528,832
training/07-2-FullIns_3.txt,150,0.25,0.20,0.70,50,1,2,832,0.528071,0.528,832
training/07-2-FullIns_3.txt,150,0.25,0.20,0.70,50,1,3,832,0.528264,0.528,832
training/07-2-FullIns_3.txt,150,0.25,0.20,0.70,50,1,4,832,0.528184,0.528,832
training/07-2-FullIns_3.txt,150,0.25,0.20,0.70,100,1,0,832,0.528871,0.528,832
training/07-2-FullIns_3.txt,150,0.25,0.20,0.70,100,1,1,832,0.528108,0.528,832
training/07-2-FullIns_3.txt,150,0.25,0.20,0.70,100,1,2,832,0.528995,0.528,832
training/07-2-FullIns_3.txt,150,0.25,0.20,0.70,100,1,3,832,0.528965,0.528,832
training/07-2-FullIns_3.txt,150,0.25,0.20,0.70,100,1,4,832,0.52814,0.528,832
training/07-2-FullIns_3.txt,150,0.25,0.20,0.70,50,2,0,832,0.529051,0.528,832
training/07-2-FullIns_3.txt,150,0.25,0.20,0.70,50,2,1,832,0.528517,0.528,832
training/07-2-FullIns_3.txt,150,0.25,0.20,0.70,50,2,2,832,0.528934,0.528,832
training/07-2-FullIns_3.txt,150,0.25,0.20,0.70,50,2,3,832,0.528117,0.528,832
training/07-2-FullIns_3.txt,150,0.25,0.20,0.70,50,2,4,832,0.528286,0.528,832
training/07-2-FullIns_3.txt,150,0.25,0.20,0.70,100,2,0,832,0.529097,0.528,832
training/07-2-FullIns_3.txt,150,0.25,0.20,0.70,100,2,1,832,0.528373,0.528,832
training/07-2-FullIns_3.txt,150,0.25,0.20,0.70,100,2,2,832,0.52954,0.528,832
training/07-2-FullIns_3.txt,150,0.25,0.20,0.70,100,2,3,832,0.528121,0.528,832
training/07-2-FullIns_3.txt,150,0.25,0.20,0.70,100,2,4,832,0.528556,0.528,832
training/07-2-FullIns_3.txt,150,0.25,0.20,0.80,50,1,0,832,0.529317,0.528,832
training/07-2-FullIns_3.txt,150,0.25,0.20,0.80,50,1,1,832,0.528676,0.528,832
training/07-2-FullIns_3.txt,150,0.25,0.20,0.80,50,1,2,832,0.528092,0.528,832
training/07-2-FullIns_3.txt,150,0.25,0.20,0.80,50,1,3,832,0.529212,0.528,832
training/07-2-FullIns_3.txt,150,0.25,0.20,0.80,50,1,4,832,0.528029,0.528,832
training/07-2-FullIns_3.txt,150,0.25,0.20,0.80,100,1,0,832,0.528223,0.528,832
training/07-2-FullIns_3.txt,150,0.25,0.20,0.80,100,1,1,832,0.529255,0.528,832
training/07-2-FullIns_3.txt,150,0.25,0.20,0.80,100,1,2,832,0.528348,0.528,832
training/07-2-FullIns_3.txt,150,0.25,0.20,0.80,100,1,3,832,0.52836,0.528,832
training/07-2-FullIns_3.txt,150,0.25,0.20,0.80,100,1,4,832,0.528922,0.528,832
training/07-2-FullIns_3.txt,150,0.25,0.20,0.80,50,2,0,832,0.529122,0.528,832
training/07-2-FullIns_3.txt,150,0.25,0.20,0.80,50,2,1,832,0.52834,0.528,832
training/07-2-FullIns_3.txt,150,0.25,0.20,0.80,50,2,2,832,0.528343,0.528,832
training/07-2-FullIns_3.txt,150,0.25,0.20,0.80,50,2,3,832,0.529612,0.528,832
training/07-2-FullIns_3.txt,150,0.25,0.20,0.80,50,2,4,832,0.528561,0.528,832
training/07-2-FullIns_3.txt,150,0.25,0.20,0.80,100,2,0,832,0.528237,0.528,832
training/07-2-FullIns_3.txt,150,0.25,0.20,0.80,100,2,1,832,0.528694,0.528,832
training/07-2-FullIns_3.txt,150,0.25,0.20,0.80,100,2,2,832,0.528455,0.528,832
training/07-2-FullIns_3.txt,150,0.25,0.20,0.80,100,2,3,832,0.52943,0.528,832
training/07-2-FullIns_3.txt,150,0.25,0.20,0.80,100,2,4,832,0.528675,0.528,832
training/07-2-FullIns_3.txt,200,0.20,0.10,0.70,50,1,0,832,0.529872,0.528,832
training/07-2-FullIns_3.txt,200,0.20,0.10,0.70,50,1,1,832,0.529481,0.528,832
training/07-2-FullIns_3.txt,200,0.20,0.10,0.70,50,1,2,832,0.529498,0.528,832
training/07-2-FullIns_3.txt,200,0.20,0.10,0.70,50,1,3,832,0.529043,0.528,832
training/07-2-FullIns_3.txt,200,0.20,0.10,0.70,50,1,4,832,0.530009,0.528,832
training/07-2-FullIns_3.txt,200,0.20,0.10,0.70,100,1,0,832,0.528791,0.528,832
training/07-2-FullIns_3.txt,200,0.20,0.10,0.70,100,1,1,832,0.528471,0.528,832
training/07-2-FullIns_3.txt,200,0.20,0.10,0.70,100,1,2,832,0.528924,0.528,832
training/07-2-FullIns_3.txt,200,0.20,0.10,0.70,100,1,3,832,0.529452,0.528,832
training/07-2-FullIns_3.txt,200,0.20,0.10,0.70,100,1,4,832,0.528038,0.528,832
training/07-2-FullIns_3.txt,200,0.20,0.10,0.70,50,2,0,832,0.53022,0.528,832
training/07-2-FullIns_3.txt,200,0.20,0.10,0.70,50,2,1,832,0.528122,0.528,832
training/07-2-FullIns_3.txt,200,0.20,0.10,0.70,50,2,2,832,0.529545,0.528,832
training/07-2-FullIns_3.txt,200,0.20,0.10,0.70,50,2,3,832,0.529787,0.528,832
training/07-2-FullIns_3.txt,200,0.20,0.10,0.70,50,2,4,832,0.528658,0.528,832
training/07-2-FullIns_3.txt,200,0.20,0.10,0.70,100,2,0,832,0.528525,0.528,832
training/07-2-FullIns_3.txt,200,0.20,0.10,0.70,100,2,1,832,0.528572,0.528,832
training/07-2-FullIns_3.txt,200,0.20,0.10,0.70,100,2,2,832,0.528311,0.528,832
training/07-2-FullIns_3.txt,200,0.20,0.10,0.70,100,2,3,832,0.528471,0.528,832
training/07-2-FullIns_3.txt,200,0.20,0.10,0.70,100,2,4,832,0.52912,0.528,832
training/07-2-FullIns_3.txt,200,0.20,0.10,0.80,50,1,0,832,0.530282,0.528,832
training/07-2-FullIns_3.txt,200,0.20,0.10,0.80,50,1,1,832,0.530505,0.528,832
training/07-2-FullIns_3.txt,200,0.20,0.10,0.80,50,1,2,832,0.528761,0.528,832
training/07-2-FullIns_3.txt,200,0.20,0.10,0.80,50,1,3,832,0.529682,0.528,832
training/07-2-FullIns_3.txt,200,0.20,0.10,0.80,50,1,4,832,0.529149,0.528,832
training/07-2-FullIns_3.txt,200,0.20,0.10,0.80,100,1,0,832,0.528147,0.528,832
training/07-2-FullIns_3.txt,200,0.20,0.10,0.80,100,1,1,832,0.528888,0.528,832
training/07-2-FullIns_3.txt,200,0.20,0.10,0.80,100,1,2,832,0.528601,0.528,832
training/07-2-FullIns_3.txt,200,0.20,0.10,0.80,100,1,3,832,0.529388,0.528,832
training/07-2-FullIns_3.txt,200,0.20,0.10,0.80,100,1,4,832,0.530126,0.528,832
training/07-2-FullIns_3.txt,200,0.20,0.10,0.80,50,2,0,832,0.528708,0.528,832
training/07-2-FullIns_3.txt,200,0.20,0.10,0.80,50,2,1,832,0.529137,0.528,832
training/07-2-FullIns_3.txt,200,0.20,0.10,0.80,50,2,2,832,0.528752,0.528,832
training/07-2-FullIns_3.txt,200,0.20,0.10,0.80,50,2,3,832,0.530085,0.528,832
training/07-2-FullIns_3.txt,200,0.20,0.10,0.80,50,2,4,832,0.528711,0.528,832
training/07-2-FullIns_3.txt,200,0.20,0.10,0.80,100,2,0,832,0.528405,0.528,832
training/07-2-FullIns_3.txt,200,0.20,0.10,0.80,100,2,1,832,0.528055,0.528,832
training/07-2-FullIns_3.txt,200,0.20,0.10,0.80,100,2,2,832,0.529587,0.528,832
training/07-2-FullIns_3.txt,200,0.20,0.10,0.80,100,2,3,832,0.530016,0.528,832
training/07-2-FullIns_3.txt,200,0.20,0.10,0.80,100,2,4,832,0.529431,0.528,832
training/07-2-FullIns_3.txt,200,0.20,0.20,0.70,50,1,0,832,0.52802,0.528,832
training/07-2-FullIns_3.txt,200,0.20,0.20,0.70,50,1,1,832,0.528711,0.528,832
training/07-2-FullIns_3.txt,200,0.20,0.20,0.70,50,1,2,832,0.530015,0.528,832
training/07-2-FullIns_3.txt,200,0.20,0.20,0.70,50,1,3,832,0.529062,0.528,832
training/07-2-FullIns_3.txt,200,0.20,0.20,0.70,50,1,4,832,0.52814,0.528,832
training/07-2-FullIns_3.txt,200,0.20,0.20,0.70,100,1,0,832,0.528865,0.528,832
training/07-2-FullIns_3.txt,200,0.20,0.20,0.70,100,1,1,832,0.530148,0.528,832
training/07-2-FullIns_3.txt,200,0.20,0.20,0.70,100,1,2,832,0.530043,0.528,832
training/07-2-FullIns_3.txt,200,0.20,0.20,0.70,100,1,3,832,0.529434,0.528,832
training/07-2-FullIns_3.txt,200,0.20,0.20,0.70,100,1,4,832,0.528122,0.528,832
training/07-2-FullIns_3.txt,200,0.20,0.20,0.70,50,2,0,832,0.528552,0.528,832
training/07-2-FullIns_3.txt,200,0.20,0.20,0.70,50,2,1,832,0.529467,0.528,832
training/07-2-FullIns_3.txt,200,0.20,0.20,0.70,50,2,2,832,0.5285,0.528,832
training/07-2-FullIns_3.txt,200,0.20,0.20,0.70,50,2,3,832,0.529531,0.528,832
training/07-2-FullIns_3.txt,200,0.20,0.20,0.70,50,2,4,832,0.529823,0.528,832
training/07-2-FullIns_3.txt,200,0.20,0.20,0.70,100,2,0,832,0.529317,0.528,832
training/07-2-FullIns_3.txt,200,0.20,0.20,0.70,100,2,1,832,0.528841,0.528,832
training/07-2-FullIns_3.txt,200,0.20,0.20,0.70,100,2,2,832,0.528525,0.528,832
training/07-2-FullIns_3.txt,200,0.20,0.20,0.70,100,2,3,832,0.529614,0.528,832
training/07-2-FullIns_3.txt,200,0.20,0.20,0.70,100,2,4,832,0.528883,0.528,832
training/07-2-FullIns_3.txt,200,0.20,0.20,0.80,50,1,0,832,0.529782,0.528,832
training/07-2-FullIns_3.txt,200,0.20,0.20,0.80,50,1,1,832,0.52987,0.528,832
training/07-2-FullIns_3.txt,200,0.20,0.20,0.80,50,1,2,832,0.529882,0.528,832
training/07-2-FullIns_3.txt,200,0.20,0.20,0.80,50,1,3,832,0.529327,0.528,832
training/07-2-FullIns_3.txt,200,0.20,0.20,0.80,50,1,4,832,0.528363,0.528,832
training/07-2-FullIns_3.txt,200,0.20,0.20,0.80,100,1,0,832,0.528546,0.528,832
training/07-2-FullIns_3.txt,200,0.20,0.20,0.80,100,1,1,832,0.528311,0.528,832
training/07-2-FullIns_3.txt,200,0.20,0.20,0.80,100,1,2,832,0.530192,0.528,832
training/07-2-FullIns_3.txt,200,0.20,0.20,0.80,100,1,3,832,0.529207,0.528,832
training/07-2-FullIns_3.txt,200,0.20,0.20,0.80,100,1,4,832,0.529277,0.528,832
training/07-2-FullIns_3.txt,200,0.20,0.20,0.80,50,2,0,832,0.528737,0.528,832
training/07-2-FullIns_3.txt,200,0.20,0.20,0.80,50,2,1,832,0.52912,0.528,832
training/07-2-FullIns_3.txt,200,0.20,0.20,0.80,50,2,2,832,0.529892,0.528,832
training/07-2-FullIns_3.txt,200,0.20,0.20,0.80,50,2,3,832,0.529415,0.528,832
training/07-2-FullIns_3.txt,200,0.20,0.20,0.80,50,2,4,832,0.52986,0.528,832
training/07-2-FullIns_3.txt,200,0.20,0.20,0.80,100,2,0,832,0.528038,0.528,832
training/07-2-FullIns_3.txt,200,0.20,0.20,0.80,100,2,1,832,0.530067,0.528,832
training/07-2-FullIns_3.txt,200,0.20,0.20,0.80,100,2,2,832,0.530021,0.528,832
training/07-2-FullIns_3.txt,200,0.20,0.20,0.80,100,2,3,832,0.530279,0.528,832
training/07-2-FullIns_3.txt,200,0.20,0.20,0.80,100,2,4,832,0.528373,0.528,832
training/07-2-FullIns_3.txt,200,0.25,0.10,0.70,50,1,0,832,0.530081,0.528,832
training/07-2-FullIns_3.txt,200,0.25,0.10,0.70,50,1,1,832,0.529577,0.528,832
training/07-2-FullIns_3.txt,200,0.25,0.10,0.70,50,1,2,832,0.528336,0.528,832
training/07-2-FullIns_3.txt,200,0.25,0.10,0.70,50,1,3,832,0.528441,0.528,832
training/07-2-FullIns_3.txt,200,0.25,0.10,0.70,50,1,4,832,0.528132,0.528,832
training/07-2-FullIns_3.txt,200,0.25,0.10,0.70,100,1,0,832,0.529915,0.528,832
training/07-2-FullIns_3.txt,200,0.25,0.10,0.70,100,1,1,832,0.529473,0.528,832
training/07-2-FullIns_3.txt,200,0.25,0.10,0.70,100,1,2,832,0.529281,0.528,832
training/07-2-FullIns_3.txt,200,0.25,0.10,0.70,100,1,3,832,0.529794,0.528,832
training/07-2-FullIns_3.txt,200,0.25,0.10,0.70,100,1,4,832,0.52893,0.528,832
training/07-2-FullIns_3.txt,200,0.25,0.10,0.70,50,2,0,832,0.529974,0.528,832
training/07-2-FullIns_3.txt,200,0.25,0.10,0.70,50,2,1,832,0.528652,0.528,832
training/07-2-FullIns_3.txt,200,0.25,0.10,0.70,50,2,2,832,0.529511,0.528,832
training/07-2-FullIns_3.txt,200,0.25,0.10,0.70,50,2,3,832,0.528783,0.528,832
training/07-2-FullIns_3.txt,200,0.25,0.10,0.70,50,2,4,832,0.529658,0.528,832
training/07-2-FullIns_3.txt,200,0.25,0.10,0.70,100,2,0,832,0.529643,0.528,832
training/07-2-FullIns_3.txt,200,0.25,0.10,0.70,100,2,1,832,0.529072,0.528,832
training/07-2-FullIns_3.txt,200,0.25,0.10,0.70,100,2,2,832,0.528522,0.528,832
training/07-2-FullIns_3.txt,200,0.25,0.10,0.70,100,2,3,832,0.528568,0.528,832
training/07-2-FullIns_3.txt,200,0.25,0.10,0.70,100,2,4,832,0.528688,0.528,832
training/07-2-FullIns_3.txt,200,0.25,0.10,0.80,50,1,0,832,0.529357,0.528,832
training/07-2-FullIns_3.txt,200,0.25,0.10,0.80,50,1,1,832,0.528095,0.528,832
training/07-2-FullIns_3.txt,200,0.25,0.10,0.80,50,1,2,832,0.529356,0.528,832
training/07-2-FullIns_3.txt,200,0.25,0.10,0.80,50,1,3,832,0.528685,0.528,832
training/07-2-FullIns_3.txt,200,0.25,0.10,0.80,50,1,4,832,0.528495,0.528,832
training/07-2-FullIns_3.txt,200,0.25,0.10,0.80,100,1,0,832,0.529947,0.528,832
training/07-2-FullIns_3.txt,200,0.25,0.10,0.80,100,1,1,832,0.529319,0.528,832
training/07-2-FullIns_3.txt,200,0.25,0.10,0.80,100,1,2,832,0.529004,0.528,832
training/07-2-FullIns_3.txt,200,0.25,0.10,0.80,100,1,3,832,0.530108,0.528,832
training/07-2-FullIns_3.txt,200,0.25,0.10,0.80,100,1,4,832,0.528542,0.528,832
training/07-2-FullIns_3.txt,200,0.25,0.10,0.80,50,2,0,832,0.529621,0.528,832
training/07-2-FullIns_3.txt,200,0.25,0.10,0.80,50,2,1,832,0.529359,0.528,832
training/07-2-FullIns_3.txt,200,0.25,0.10,0.80,50,2,2,832,0.528985,0.528,832
training/07-2-FullIns_3.txt,200,0.25,0.10,0.80,50,2,3,832,0.530142,0.528,832
training/07-2-FullIns_3.txt,200,0.25,0.10,0.80,50,2,4,832,0.52941,0.528,832
training/07-2-FullIns_3.txt,200,0.25,0.10,0.80,100,2,0,832,0.529249,0.528,832
training/07-2-FullIns_3.txt,200,0.25,0.10,0.80,100,2,1,832,0.528676,0.528,832
training/07-2-FullIns_3.txt,200,0.25,0.10,0.80,100,2,2,832,0.528126,0.528,832
training/07-2-FullIns_3.txt,200,0.25,0.10,0.80,100,2,3,832,0.528524,0.528,832
training/07-2-FullIns_3.txt,200,0.25,0.10,0.80,100,2,4,832,0.52889,0.528,832
training/07-2-FullIns_3.txt,200,0.25,0.20,0.70,50,1,0,832,0.529281,0.528,832
training/07-2-FullIns_3.txt,200,0.25,0.20,0.70,50,1,1,832,0.528599,0.528,832
training/07-2-FullIns_3.txt,200,0.25,0.20,0.70,50,1,2,832,0.528797,0.528,832
training/07-2-FullIns_3.txt,200,0.25,0.20,0.70,50,1,3,832,0.528466,0.528,832
training/07-2-FullIns_3.txt,200,0.25,0.20,0.70,50,1,4,832,0.529886,0.528,832
training/07-2-FullIns_3.txt,200,0.25,0.20,0.70,100,1,0,832,0.528048,0.528,832
training/07-2-FullIns_3.txt,200,0.25,0.20,0.70,100,1,1,832,0.530004,0.528,832
training/07-2-FullIns_3.txt,200,0.25,0.20,0.70,100,1,2,832,0.528973,0.528,832
training/07-2-FullIns_3.txt,200,0.25,0.20,0.70,100,1,3,832,0.52942,0.528,832
training/07-2-FullIns_3.txt,200,0.25,0.20,0.70,100,1,4,832,0.52902,0.528,832
training/07-2-FullIns_3.txt,200,0.25,0.20,0.70,50,2,0,832,0.52895,0.528,832
training/07-2-FullIns_3.txt,200,0.25,0.20,0.70,50,2,1,832,0.530101,0.528,832
training/07-2-FullIns_3.txt,200,0.25,0.20,0.70,50,2,2,832,0.52822,0.528,832
training/07-2-FullIns_3.txt,200,0.25,0.20,0.70,50,2,3,832,0.528403,0.528,832
training/07-2-FullIns_3.txt,200,0.25,0.20,0.70,50,2,4,832,0.529616,0.528,832
training/07-2-FullIns_3.txt,200,0.25,0.20,0.70,100,2,0,832,0.528268,0.528,832
training/07-2-FullIns_3.txt,200,0.25,0.20,0.70,100,2,1,832,0.529934,0.528,832
training/07-2-FullIns_3.txt,200,0.25,0.20,0.70,100,2,2,832,0.529752,0.528,832
training/07-2-FullIns_3.txt,200,0.25,0.20,0.70,100,2,3,832,0.529107,0.528,832
training/07-2-FullIns_3.txt,200,0.25,0.20,0.70,100,2,4,832,0.528403,0.528,832
training/07-2-FullIns_3.txt,200,0.25,0.20,0.80,50,1,0,832,0.530125,0.528,832
training/07-2-FullIns_3.txt,200,0.25,0.20,0.80,50,1,1,832,0.528622,0.528,832
training/07-2-FullIns_3.txt,200,0.25,0.20,0.80,50,1,2,832,0.529725,0.528,832
training/07-2-FullIns_3.txt,200,0.25,0.20,0.80,50,1,3,832,0.529933,0.528,832
training/07-2-FullIns_3.txt,200,0.25,0.20,0.80,50,1,4,832,0.528377,0.528,832
training/07-2-FullIns_3.txt,200,0.25,0.20,0.80,100,1,0,832,0.528745,0.528,832
training/07-2-FullIns_3.txt,200,0.25,0.20,0.80,100,1,1,832,0.52843,0.528,832
training/07-2-FullIns_3.txt,200,0.25,0.20,0.80,100,1,2,832,0.528952,0.528,832
training/07-2-FullIns_3.txt,200,0.25,0.20,0.80,100,1,3,832,0.528621,0.528,832
training/07-2-FullIns_3.txt,200,0.25,0.20,0.80,100,1,4,832,0.529632,0.528,832
training/07-2-FullIns_3.txt,200,0.25,0.20,0.80,50,2,0,832,0.529985,0.528,832
training/07-2-FullIns_3.txt,200,0.25,0.20,0.80,50,2,1,832,0.529514,0.528,832
training/07-2-FullIns_3.txt,200,0.25,0.20,0.80,50,2,2,832,0.528821,0.528,832
training/07-2-FullIns_3.txt,200,0.25,0.20,0.80,50,2,3,832,0.5285,0.528,832
training/07-2-FullIns_3.txt,200,0.25,0.20,0.80,50,2,4,832,0.529974,0.528,832
training/07-2-FullIns_3.txt,200,0.25,0.20,0.80,100,2,0,832,0.529013,0.528,832
training/07-2-FullIns_3.txt,200,0.25,0.20,0.80,100,2,1,832,0.528849,0.528,832
training/07-2-FullIns_3.txt,200,0.25,0.20,0.80,100,2,2,832,0.529572,0.528,832
training/07-2-FullIns_3.txt,200,0.25,0.20,0.80,100,2,3,832,0.528426,0.528,832
training/07-2-FullIns_3.txt,200,0.25,0.20,0.80,100,2,4,832,0.529324,0.528,832
training/08-3-Insertions_3.txt,100,0.20,0.10,0.70,50,1,0,914,0.413469,0.413,914
training/08-3-Insertions_3.txt,100,0.20,0.10,0.70,50,1,1,914,0.41406,0.413,914
training/08-3-Insertions_3.txt,100,0.20,0.10,0.70,50,1,2,914,0.413062,0.413,914
training/08-3-Insertions_3.txt,100,0.20,0.10,0.70,50,1,3,914,0.414011,0.413,914
training/08-3-Insertions_3.txt,100,0.20,0.10,0.70,50,1,4,914,0.413198,0.413,914
training/08-3-Insertions_3.txt,100,0.20,0.10,0.70,100,1,0,914,0.413839,0.413,914
training/08-3-Insertions_3.txt,100,0.20,0.10,0.70,100,1,1,914,0.413078,0.413,914
training/08-3-Insertions_3.txt,100,0.20,0.10,0.70,100,1,2,914,0.41343,0.413,914
training/08-3-Insertions_3.txt,100,0.20,0.10,0.70,100,1,3,914,0.413837,0.413,914
training/08-3-Insertions_3.txt,100,0.20,0.10,0.70,100,1,4,914,0.413407,0.413,914
training/08-3-Insertions_3.txt,100,0.20,0.10,0.70,50,2,0,914,0.41316,0.413,914
training/08-3-Insertions_3.txt,100,0.20,0.10,0.70,50,2,1,914,0.413621,0.413,914
training/08-3-Insertions_3.txt,100,0.20,0.10,0.70,50,2,2,914,0.413444,0.413,914
training/08-3-Insertions_3.txt,100,0.20,0.10,0.70,50,2,3,914,0.413251,0.413,914
training/08-3-Insertions_3.txt,100,0.20,0.10,0.70,50,2,4,914,0.413062,0.413,914
training/08-3-Insertions_3.txt,100,0.20,0.10,0.70,100,2,0,914,0.413598,0.413,914
training/08-3-Insertions_3.txt,100,0.20,0.10,0.70,100,2,1,914,0.413449,0.413,914
training/08-3-Insertions_3.txt,100,0.20,0.10,0.70,100,2,2,914,0.413888,0.413,914
training/08-3-Insertions_3.txt,100,0.20,0.10,0.70,100,2,3,914,0.413862,0.413,914
training/08-3-Insertions_3.txt,100,0.20,0.10,0.70,100,2,4,914,0.413723,0.413,914
training/08-3-Insertions_3.txt,100,0.20,0.10,0.80,50,1,0,914,0.413601,0.413,914
training/08-3-Insertions_3.txt,100,0.20,0.10,0.80,50,1,1,914,0.413989,0.413,914
training/08-3-Insertions_3.txt,100,0.20,0.10,0.80,50,1,2,914,0.413577,0.413,914
training/08-3-Insertions_3.txt,100,0.20,0.10,0.80,50,1,3,914,0.413193,0.413,914
training/08-3-Insertions_3.txt,100,0.20,0.10,0.80,50,1,4,914,0.413884,0.413,914
training/08-3-Insertions_3.txt,100,0.20,0.10,0.80,100,1,0,914,0.413525,0.413,914
training/08-3-Insertions_3.txt,100,0.20,0.10,0.80,100,1,1,914,0.41366,0.413,914
training/08-3-Insertions_3.txt,100,0.20,0.10,0.80,100,1,2,914,0.413363,0.413,914
training/08-3-Insertions_3.txt,100,0.20,0.10,0.80,100,1,3,914,0.4135,0.413,914
training/08-3-Insertions_3.txt,100,0.20,0.10,0.80,100,1,4,914,0.413839,0.413,914
training/08-3-Insertions_3.txt,100,0.20,0.10,0.80,50,2,0,914,0.413944,0.413,914
training/08-3-Insertions_3.txt,100,0.20,0.10,0.80,50,2,1,914,0.413523,0.413,914
training/08-3-Insertions_3.txt,100,0.20,0.10,0.80,50,2,2,914,0.413355,0.413,914
training/08-3-Insertions_3.txt,100,0.20,0.10,0.80,50,2,3,914,0.413308,0.413,914
training/08-3-Insertions_3.txt,100,0.20,0.10,0.80,50,2,4,914,0.413342,0.413,914
training/08-3-Insertions_3.txt,100,0.20,0.10,0.80,100,2,0,914,0.413903,0.413,914
training/08-3-Insertions_3.txt,100,0.20,0.10,0.80,100,2,1,914,0.413389,0.413,914
training/08-3-Insertions_3.txt,100,0.20,0.10,0.80,100,2,2,914,0.413668,0.413,914
training/08-3-Insertions_3.txt,100,0.20,0.10,0.80,100,2,3,914,0.413474,0.413,914
training/08-3-Insertions_3.txt,100,0.20,0.10,0.80,100,2,4,914,0.41337,0.413,914
training/08-3-Insertions_3.txt,100,0.20,0.20,0.70,50,1,0,914,0.41356,0.413,914
training/08-3-Insertions_3.txt,100,0.20,0.20,0.70,50,1,1,914,0.413477,0.413,914
training/08-3-Insertions_3.txt,100,0.20,0.20,0.70,50,1,2,914,0.413293,0.413,914
training/08-3-Insertions_3.txt,100,0.20,0.20,0.70,50,1,3,914,0.413737,0.413,914
training/08-3-Insertions_3.txt,100,0.20,0.20,0.70,50,1,4,914,0.413824,0.413,914
training/08-3-Insertions_3.txt,100,0.20,0.20,0.70,100,1,0,914,0.413576,0.413,914
training/08-3-Insertions_3.txt,100,0.20,0.20,0.70,100,1,1,914,0.413498,0.413,914
training/08-3-Insertions_3.txt,100,0.20,0.20,0.70,100,1,2,914,0.41392,0.413,914
training/08-3-Insertions_3.txt,100,0.20,0.20,0.70,100,1,3,914,0.413595,0.413,914
training/08-3-Insertions_3.txt,100,0.20,0.20,0.70,100,1,4,914,0.413218,0.413,914
training/08-3-Insertions_3.txt,100,0.20,0.20,0.70,50,2,0,914,0.413301,0.413,914
training/08-3-Insertions_3.txt,100,0.20,0.20,0.70,50,2,1,914,0.413416,0.413,914
training/08-3-Insertions_3.txt,100,0.20,0.20,0.70,50,2,2,914,0.413121,0.413,914
training/08-3-Insertions_3.txt,100,0.20,0.20,0.70,50,2,3,914,0.413648,0.413,914
training/08-3-Insertions_3.txt,100,0.20,0.20,0.70,50,2,4,914,0.413567,0.413,914
training/08-3-Insertions_3.txt,100,0.20,0.20,0.70,100,2,0,914,0.413135,0.413,914
training/08-3-Insertions_3.txt,100,0.20,0.20,0.70,100,2,1,914,0.413457,0.413,914
training/08-3-Insertions_3.txt,100,0.20,0.20,0.70,100,2,2,914,0.413563,0.413,914
training/08-3-Insertions_3.txt,100,0.20,0.20,0.70,100,2,3,914,0.413541,0.413,914
training/08-3-Insertions_3.txt,100,0.20,0.20,0.70,100,2,4,914,0.413358,0.413,914
training/08-3-Insertions_3.txt,100,0.20,0.20,0.80,50,1,0,914,0.413115,0.413,914
training/08-3-Insertions_3.txt,100,0.20,0.20,0.80,50,1,1,914,0.413624,0.413,914
training/08-3-Insertions_3.txt,100,0.20,0.20,0.80,50,1,2,914,0.413744,0.413,914
training/08-3-Insertions_3.txt,100,0.20,0.20,0.80,50,1,3,914,0.413103,0.413,914
training/08-3-Insertions_3.txt,100,0.20,0.20,0.80,50,1,4,914,0.413749,0.413,914
training/08-3-Insertions_3.txt,100,0.20,0.20,0.80,100,1,0,914,0.413705,0.413,914
training/08-3-Insertions_3.txt,100,0.20,0.20,0.80,100,1,1,914,0.41396,0.413,914
training/08-3-Insertions_3.txt,100,0.20,0.20,0.80,100,1,2,914,0.413896,0.413,914
training/08-3-Insertions_3.txt,100,0.20,0.20,0.80,100,1,3,914,0.413944,0.413,914
training/08-3-Insertions_3.txt,100,0.20,0.20,0.80,100,1,4,914,0.41352,0.413,914
training/08-3-Insertions_3.txt,100,0.20,0.20,0.80,50,2,0,914,0.413548,0.413,914
training/08-3-Insertions_3.txt,100,0.20,0.20,0.80,50,2,1,914,0.41317,0.413,914
training/08-3-Insertions_3.txt,100,0.20,0.20,0.80,50,2,2,914,0.413731,0.413,914
training/08-3-Insertions_3.txt,100,0.20,0.20,0.80,50,2,3,914,0.413834,0.413,914
training/08-3-Insertions_3.txt,100,0.20,0.20,0.80,50,2,4,914,0.413903,0.413,914
training/08-3-Insertions_3.txt,100,0.20,0.20,0.80,100,2,0,914,0.413125,0.413,914
training/08-3-Insertions_3.txt,100,0.20,0.20,0.80,100,2,1,914,0.413164,0.413,914
training/08-3-Insertions_3.txt,100,0.20,0.20,0.80,100,2,2,914,0.413823,0.413,914
training/08-3-Insertions_3.txt,100,0.20,0.20,0.80,100,2,3,914,0.413544,0.413,914
training/08-3-Insertions_3.txt,100,0.20,0.20,0.80,100,2,4,914,0.413851,0.413,914
training/08-3-Insertions_3.txt,100,0.25,0.10,0.70,50,1,0,914,0.413387,0.413,914
training/08-3-Insertions_3.txt,100,0.25,0.10,0.70,50,1,1,914,0.413147,0.413,914
training/08-3-Insertions_3.txt,100,0.25,0.10,0.70,50,1,2,914,0.413875,0.413,914
training/08-3-Insertions_3.txt,100,0.25,0.10,0.70,50,1,3,914,0.413144,0.413,914
training/08-3-Insertions_3.txt,100,0.25,0.10,0.70,50,1,4,914,0.413118,0.413,914
training/08-3-Insertions_3.txt,100,0.25,0.10,0.70,100,1,0,914,0.413555,0.413,914
training/08-3-Insertions_3.txt,100,0.25,0.10,0.70,100,1,1,914,0.413704,0.413,914
training/08-3-Insertions_3.txt,100,0.25,0.10,0.70,100,1,2,914,0.413552,0.413,914
training/08-3-Insertions_3.txt,100,0.25,0.10,0.70,100,1,3,914,0.413779,0.413,914
training/08-3-Insertions_3.txt,100,0.25,0.10,0.70,100,1,4,914,0.413776,0.413,914
training/08-3-Insertions_3.txt,100,0.25,0.10,0.70,50,2,0,914,0.413094,0.413,914
training/08-3-Insertions_3.txt,100,0.25,0.10,0.70,50,2,1,914,0.413208,0.413,914
training/08-3-Insertions_3.txt,100,0.25,0.10,0.70,50,2,2,914,0.413734,0.413,914
training/08-3-Insertions_3.txt,100,0.25,0.10,0.70,50,2,3,914,0.414071,0.413,914
training/08-3-Insertions_3.txt,100,0.25,0.10,0.70,50,2,4,914,0.413227,0.413,914
training/08-3-Insertions_3.txt,100,0.25,0.10,0.70,100,2,0,914,0.413713,0.413,914
training/08-3-Insertions_3.txt,100,0.25,0.10,0.70,100,2,1,914,0.413581,0.413,914
training/08-3-Insertions_3.txt,100,0.25,0.10,0.70,100,2,2,914,0.413682,0.413,914
training/08-3-Insertions_3.txt,100,0.25,0.10,0.70,100,2,3,914,0.413724,0.413,914
training/08-3-Insertions_3.txt,100,0.25,0.10,0.70,100,2,4,914,0.413828,0.413,914
training/08-3-Insertions_3.txt,100,0.25,0.10,0.80,50,1,0,914,0.413712,0.413,914
training/08-3-Insertions_3.txt,100,0.25,0.10,0.80,50,1,1,914,0.41335,0.413,914
training/08-3-Insertions_3.txt,100,0.25,0.10,0.80,50,1,2,914,0.413369,0.413,914
training/08-3-Insertions_3.txt,100,0.25,0.10,0.80,50,1,3,914,0.414234,0.413,914
training/08-3-Insertions_3.txt,100,0.25,0.10,0.80,50,1,4,914,0.413438,0.413,914
training/08-3-Insertions_3.txt,100,0.25,0.10,0.80,100,1,0,914,0.413064,0.413,914
training/08-3-Insertions_3.txt,100,0.25,0.10,0.80,100,1,1,914,0.41365,0.413,914
training/08-3-Insertions_3.txt,100,0.25,0.10,0.80,100,1,2,914,0.413619,0.413,914
training/08-3-Insertions_3.txt,100,0.25,0.10,0.80,100,1,3,914,0.413189,0.413,914
training/08-3-Insertions_3.txt,100,0.25,0.10,0.80,100,1,4,914,0.413301,0.413,914
training/08-3-Insertions_3.txt,100,0.25,0.10,0.80,50,2,0,914,0.413513,0.413,914
training/08-3-Insertions_3.txt,100,0.25,0.10,0.80,50,2,1,914,0.413823,0.413,914
training/08-3-Insertions_3.txt,100,0.25,0.10,0.80,50,2,2,914,0.41365,0.413,914
training/08-3-Insertions_3.txt,100,0.25,0.10,0.80,50,2,3,914,0.413805,0.413,914
training/08-3-Insertions_3.txt,100,0.25,0.10,0.80,50,2,4,914,0.413098,0.413,914
training/08-3-Insertions_3.txt,100,0.25,0.10,0.80,100,2,0,914,0.413608,0.413,914
training/08-3-Insertions_3.txt,100,0.25,0.10,0.80,100,2,1,914,0.413641,0.413,914
training/08-3-Insertions_3.txt,100,0.25,0.10,0.80,100,2,2,914,0.413712,0.413,914
training/08-3-Insertions_3.txt,100,0.25,0.10,0.80,100,2,3,914,0.413892,0.413,914
training/08-3-Insertions_3.txt,100,0.25,0.10,0.80,100,2,4,914,0.413549,0.413,914
training/08-3-Insertions_3.txt,100,0.25,0.20,0.70,50,1,0,914,0.413804,0.413,914
training/08-3-Insertions_3.txt,100,0.25,0.20,0.70,50,1,1,914,0.413648,0.413,914
training/08-3-Insertions_3.txt,100,0.25,0.20,0.70,50,1,2,914,0.413561,0.413,914
training/08-3-Insertions_3.txt,100,0.25,0.20,0.70,50,1,3,914,0.413255,0.413,914
training/08-3-Insertions_3.txt,100,0.25,0.20,0.70,50,1,4,914,0.41309,0.413,914
training/08-3-Insertions_3.txt,100,0.25,0.20,0.70,100,1,0,914,0.413373,0.413,914
training/08-3-Insertions_3.txt,100,0.25,0.20,0.70,100,1,1,914,0.413667,0.413,914
training/08-3-Insertions_3.txt,100,0.25,0.20,0.70,100,1,2,914,0.413383,0.413,914
training/08-3-Insertions_3.txt,100,0.25,0.20,0.70,100,1,3,914,0.413362,0.413,914
training/08-3-Insertions_3.txt,100,0.25,0.20,0.70,100,1,4,914,0.413281,0.413,914
training/08-3-Insertions_3.txt,100,0.25,0.20,0.70,50,2,0,914,0.413736,0.413,914
training/08-3-Insertions_3.txt,100,0.25,0.20,0.70,50,2,1,914,0.413838,0.413,914
training/08-3-Insertions_3.txt,100,0.25,0.20,0.70,50,2,2,914,0.413567,0.413,914
training/08-3-Insertions_3.txt,100,0.25,0.20,0.70,50,2,3,914,0.413122,0.413,914
training/08-3-Insertions_3.txt,100,0.25,0.20,0.70,50,2,4,914,0.413784,0.413,914
training/08-3-Insertions_3.txt,100,0.25,0.20,0.70,100,2,0,914,0.413387,0.413,914
training/08-3-Insertions_3.txt,100,0.25,0.20,0.70,100,2,1,914,0.41379,0.413,914
training/08-3-Insertions_3.txt,100,0.25,0.20,0.70,100,2,2,914,0.413256,0.413,914
training/08-3-Insertions_3.txt,100,0.25,0.20,0.70,100,2,3,914,0.41357,0.413,914
training/08-3-Insertions_3.txt,100,0.25,0.20,0.70,100,2,4,914,0.413488,0.413,914
training/08-3-Insertions_3.txt,100,0.25,0.20,0.80,50,1,0,914,0.413816,0.413,914
training/08-3-Insertions_3.txt,100,0.25,0.20,0.80,50,1,1,914,0.413151,0.413,914
training/08-3-Insertions_3.txt,100,0.25,0.20,0.80,50,1,2,914,0.413884,0.413,914
training/08-3-Insertions_3.txt,100,0.25,0.20,0.80,50,1,3,914,0.413588,0.413,914
training/08-3-Insertions_3.txt,100,0.25,0.20,0.80,50,1,4,914,0.41368,0.413,914
training/08-3-Insertions_3.txt,100,0.25,0.20,0.80,100,1,0,914,0.413648,0.413,914
training/08-3-Insertions_3.txt,100,0.25,0.20,0.80,100,1,1,914,0.413705,0.413,914
training/08-3-Insertions_3.txt,100,0.25,0.20,0.80,100,1,2,914,0.413176,0.413,914
training/08-3-Insertions_3.txt,100,0.25,0.20,0.80,100,1,3,914,0.413729,0.413,914
training/08-3-Insertions_3.txt,100,0.25,0.20,0.80,100,1,4,914,0.413277,0.413,914
training/08-3-Insertions_3.txt,100,0.25,0.20,0.80,50,2,0,914,0.413269,0.413,914
training/08-3-Insertions_3.txt,100,0.25,0.20,0.80,50,2,1,914,0.413414,0.413,914
training/08-3-Insertions_3.txt,100,0.25,0.20,0.80,50,2,2,914,0.413443,0.413,914
training/08-3-Insertions_3.txt,100,0.25,0.20,0.80,50,2,3,914,0.413733,0.413,914
training/08-3-Insertions_3.txt,100,0.25,0.20,0.80,50,2,4,914,0.41367,0.413,914
training/08-3-Insertions_3.txt,100,0.25,0.20,0.80,100,2,0,914,0.413621,0.413,914
training/08-3-Insertions_3.txt,100,0.25,0.20,0.80,100,2,1,914,0.413036,0.413,914
training/08-3-Insertions_3.txt,100,0.25,0.20,0.80,100,2,2,914,0.413159,0.413,914
training/08-3-Insertions_3.txt,100,0.25,0.20,0.80,100,2,3,914,0.413718,0.413,914
training/08-3-Insertions_3.txt,100,0.25,0.20,0.80,100,2,4,914,0.413158,0.413,914
training/08-3-Insertions_3.txt,150,0.20,0.10,0.70,50,1,0,914,0.413046,0.413,914
training/08-3-Insertions_3.txt,150,0.20,0.10,0.70,50,1,1,914,0.413209,0.413,914
training/08-3-Insertions_3.txt,150,0.20,0.10,0.70,50,1,2,914,0.413515,0.413,914
training/08-3-Insertions_3.txt,150,0.20,0.10,0.70,50,1,3,914,0.413396,0.413,914
training/08-3-Insertions_3.txt,150,0.20,0.10,0.70,50,1,4,914,0.413971,0.413,914
training/08-3-Insertions_3.txt,150,0.20,0.10,0.70,100,1,0,914,0.414019,0.413,914
training/08-3-Insertions_3.txt,150,0.20,0.10,0.70,100,1,1,914,0.413196,0.413,914
training/08-3-Insertions_3.txt,150,0.20,0.10,0.70,100,1,2,914,0.413218,0.413,914
training/08-3-Insertions_3.txt,150,0.20,0.10,0.70,100,1,3,914,0.414291,0.413,914
training/08-3-Insertions_3.txt,150,0.20,0.10,0.70,100,1,4,914,0.413495,0.413,914
training/08-3-Insertions_3.txt,150,0.20,0.10,0.70,50,2,0,914,0.41362,0.413,914
training/08-3-Insertions_3.txt,150,0.20,0.10,0.70,50,2,1,914,0.413818,0.413,914
training/08-3-Insertions_3.txt,150,0.20,0.10,0.70,50,2,2,914,0.414171,0.413,914
training/08-3-Insertions_3.txt,150,0.20,0.10,0.70,50,2,3,914,0.41363,0.413,914
training/08-3-Insertions_3.txt,150,0.20,0.10,0.70,50,2,4,914,0.413683,0.413,914
training/08-3-Insertions_3.txt,150,0.20,0.10,0.70,100,2,0,914,0.414403,0.413,914
training/08-3-Insertions_3.txt,150,0.20,0.10,0.70,100,2,1,914,0.413344,0.413,914
training/08-3-Insertions_3.txt,150,0.20,0.10,0.70,100,2,2,914,0.413814,0.413,914
training/08-3-Insertions_3.txt,150,0.20,0.10,0.70,100,2,3,914,0.414425,0.413,914
training/08-3-Insertions_3.txt,150,0.20,0.10,0.70,100,2,4,914,0.413249,0.413,914
training/08-3-Insertions_3.txt,150,0.20,0.10,0.80,50,1,0,914,0.413625,0.413,914
training/08-3-Insertions_3.txt,150,0.20,0.10,0.80,50,1,1,914,0.41336,0.413,914
training/08-3-Insertions_3.txt,150,0.20,0.10,0.80,50,1,2,914,0.414041,0.413,914
training/08-3-Insertions_3.txt,150,0.20,0.10,0.80,50,1,3,914,0.413531,0.413,914
training/08-3-Insertions_3.txt,150,0.20,0.10,0.80,50,1,4,914,0.413487,0.413,914
training/08-3-Insertions_3.txt,150,0.20,0.10,0.80,100,1,0,914,0.413165,0.413,914
training/08-3-Insertions_3.txt,150,0.20,0.10,0.80,100,1,1,914,0.413488,0.413,914
training/08-3-Insertions_3.txt,150,0.20,0.10,0.80,100,1,2,914,0.413547,0.413,914
training/08-3-Insertions_3.txt,150,0.20,0.10,0.80,100,1,3,914,0.413521,0.413,914
training/08-3-Insertions_3.txt,150,0.20,0.10,0.80,100,1,4,914,0.413407,0.413,914
training/08-3-Insertions_3.txt,150,0.20,0.10,0.80,50,2,0,914,0.413537,0.413,914
training/08-3-Insertions_3.txt,150,0.20,0.10,0.80,50,2,1,914,0.413023,0.413,914
training/08-3-Insertions_3.txt,150,0.20,0.10,0.80,50,2,2,914,0.414269,0.413,914
training/08-3-Insertions_3.txt,150,0.20,0.10,0.80,50,2,3,914,0.414242,0.413,914
training/08-3-Insertions_3.txt,150,0.20,0.10,0.80,50,2,4,914,0.413211,0.413,914
training/08-3-Insertions_3.txt,150,0.20,0.10,0.80,100,2,0,914,0.413369,0.413,914
training/08-3-Insertions_3.txt,150,0.20,0.10,0.80,100,2,1,914,0.413456,0.413,914
training/08-3-Insertions_3.txt,150,0.20,0.10,0.80,100,2,2,914,0.4139,0.413,914
training/08-3-Insertions_3.txt,150,0.20,0.10,0.80,100,2,3,914,0.41383,0.413,914
training/08-3-Insertions_3.txt,150,0.20,0.10,0.80,100,2,4,914,0.414291,0.413,914
training/08-3-Insertions_3.txt,150,0.20,0.20,0.70,50,1,0,914,0.413864,0.413,914
training/08-3-Insertions_3.txt,150,0.20,0.20,0.70,50,1,1,914,0.413774,0.413,914
training/08-3-Insertions_3.txt,150,0.20,0.20,0.70,50,1,2,914,0.413342,0.413,914
training/08-3-Insertions_3.txt,150,0.20,0.20,0.70,50,1,3,914,0.413249,0.413,914
training/08-3-Insertions_3.txt,150,0.20,0.20,0.70,50,1,4,914,0.41351,0.413,914
training/08-3-Insertions_3.txt,150,0.20,0.20,0.70,100,1,0,914,0.413909,0.413,914
training/08-3-Insertions_3.txt,150,0.20,0.20,0.70,100,1,1,914,0.413126,0.413,914
training/08-3-Insertions_3.txt,150,0.20,0.20,0.70,100,1,2,914,0.414385,0.413,914
training/08-3-Insertions_3.txt,150,0.20,0.20,0.70,100,1,3,914,0.413029,0.413,914
training/08-3-Insertions_3.txt,150,0.20,0.20,0.70,100,1,4,914,0.413711,0.413,914
training/08-3-Insertions_3.txt,150,0.20,0.20,0.70,50,2,0,914,0.414378,0.413,914
training/08-3-Insertions_3.txt,150,0.20,0.20,0.70,50,2,1,914,0.414022,0.413,914
training/08-3-Insertions_3.txt,150,0.20,0.20,0.70,50,2,2,914,0.41319,0.413,914
training/08-3-Insertions_3.txt,150,0.20,0.20,0.70,50,2,3,914,0.414248,0.413,914
training/08-3-Insertions_3.txt,150,0.20,0.20,0.70,50,2,4,914,0.41353,0.413,914
training/08-3-Insertions_3.txt,150,0.20,0.20,0.70,100,2,0,914,0.413793,0.413,914
training/08-3-Insertions_3.txt,150,0.20,0.20,0.70,100,2,1,914,0.414413,0.413,914
training/08-3-Insertions_3.txt,150,0.20,0.20,0.70,100,2,2,914,0.413936,0.413,914
training/08-3-Insertions_3.txt,150,0.20,0.20,0.70,100,2,3,914,0.413488,0.413,914
training/08-3-Insertions_3.txt,150,0.20,0.20,0.70,100,2,4,914,0.414446,0.413,914
training/08-3-Insertions_3.txt,150,0.20,0.20,0.80,50,1,0,914,0.414425,0.413,914
training/08-3-Insertions_3.txt,150,0.20,0.20,0.80,50,1,1,914,0.414439,0.413,914
training/08-3-Insertions_3.txt,150,0.20,0.20,0.80,50,1,2,914,0.413109,0.413,914
training/08-3-Insertions_3.txt,150,0.20,0.20,0.80,50,1,3,914,0.413534,0.413,914
training/08-3-Insertions_3.txt,150,0.20,0.20,0.80,50,1,4,914,0.413627,0.413,914
training/08-3-Insertions_3.txt,150,0.20,0.20,0.80,100,1,0,914,0.413459,0.413,914
training/08-3-Insertions_3.txt,150,0.20,0.20,0.80,100,1,1,914,0.413528,0.413,914
training/08-3-Insertions_3.txt,150,0.20,0.20,0.80,100,1,2,914,0.413773,0.413,914
training/08-3-Insertions_3.txt,150,0.20,0.20,0.80,100,1,3,914,0.413831,0.413,914
training/08-3-Insertions_3.txt,150,0.20,0.20,0.80,100,1,4,914,0.413668,0.413,914
training/08-3-Insertions_3.txt,150,0.20,0.20,0.80,50,2,0,914,0.414124,0.413,914
training/08-3-Insertions_3.txt,150,0.20,0.20,0.80,50,2,1,914,0.413778,0.413,914
training/08-3-Insertions_3.txt,150,0.20,0.20,0.80,50,2,2,914,0.41407,0.413,914
training/08-3-Insertions_3.txt,150,0.20,0.20,0.80,50,2,3,914,0.4136,0.413,914
training/08-3-Insertions_3.txt,150,0.20,0.20,0.80,50,2,4,914,0.413818,0.413,914
training/08-3-Insertions_3.txt,150,0.20,0.20,0.80,100,2,0,914,0.413055,0.413,914
training/08-3-Insertions_3.txt,150,0.20,0.20,0.80,100,2,1,914,0.414117,0.413,914
training/08-3-Insertions_3.txt,150,0.20,0.20,0.80,100,2,2,914,0.413891,0.413,914
training/08-3-Insertions_3.txt,150,0.20,0.20,0.80,100,2,3,914,0.413991,0.413,914
training/08-3-Insertions_3.txt,150,0.20,0.20,0.80,100,2,4,914,0.414086,0.413,914
training/08-3-Insertions_3.txt,150,0.25,0.10,0.70,50,1,0,914,0.414038,0.413,914
training/08-3-Insertions_3.txt,150,0.25,0.10,0.70,50,1,1,914,0.414171,0.413,914
training/08-3-Insertions_3.txt,150,0.25,0.10,0.70,50,1,2,914,0.414242,0.413,914
training/08-3-Insertions_3.txt,150,0.25,0.10,0.70,50,1,3,914,0.413973,0.413,914
training/08-3-Insertions_3.txt,150,0.25,0.10,0.70,50,1,4,914,0.413972,0.413,914
training/08-3-Insertions_3.txt,150,0.25,0.10,0.70,100,1,0,914,0.413405,0.413,914
training/08-3-Insertions_3.txt,150,0.25,0.10,0.70,100,1,1,914,0.413437,0.413,914
training/08-3-Insertions_3.txt,150,0.25,0.10,0.70,100,1,2,914,0.414258,0.413,914
training/08-3-Insertions_3.txt,150,0.25,0.10,0.70,100,1,3,914,0.414321,0.413,914
training/08-3-Insertions_3.txt,150,0.25,0.10,0.70,100,1,4,914,0.413731,0.413,914
training/08-3-Insertions_3.txt,150,0.25,0.10,0.70,50,2,0,914,0.413937,0.413,914
training/08-3-Insertions_3.txt,150,0.25,0.10,0.70,50,2,1,914,0.413166,0.413,914
training/08-3-Insertions_3.txt,150,0.25,0.10,0.70,50,2,2,914,0.414278,0.413,914
training/08-3-Insertions_3.txt,150,0.25,0.10,0.70,50,2,3,914,0.413724,0.413,914
training/08-3-Insertions_3.txt,150,0.25,0.10,0.70,50,2,4,914,0.414074,0.413,914
training/08-3-Insertions_3.txt,150,0.25,0.10,0.70,100,2,0,914,0.414449,0.413,914
training/08-3-Insertions_3.txt,150,0.25,0.10,0.70,100,2,1,914,0.413713,0.413,914
training/08-3-Insertions_3.txt,150,0.25,0.10,0.70,100,2,2,914,0.413933,0.413,914
training/08-3-Insertions_3.txt,150,0.25,0.10,0.70,100,2,3,914,0.413478,0.413,914
training/08-3-Insertions_3.txt,150,0.25,0.10,0.70,100,2,4,914,0.413914,0.413,914
training/08-3-Insertions_3.txt,150,0.25,0.10,0.80,50,1,0,914,0.413627,0.413,914
training/08-3-Insertions_3.txt,150,0.25,0.10,0.80,50,1,1,914,0.413524,0.413,914
training/08-3-Insertions_3.txt,150,0.25,0.10,0.80,50,1,2,914,0.41339,0.413,914
training/08-3-Insertions_3.txt,150,0.25,0.10,0.80,50,1,3,914,0.41352,0.413,914
training/08-3-Insertions_3.txt,150,0.25,0.10,0.80,50,1,4,914,0.413996,0.413,914
training/08-3-Insertions_3.txt,150,0.25,0.10,0.80,100,1,0,914,0.41328,0.413,914
training/08-3-Insertions_3.txt,150,0.25,0.10,0.80,100,1,1,914,0.413772,0.413,914
training/08-3-Insertions_3.txt,150,0.25,0.10,0.80,100,1,2,914,0.413118,0.413,914
training/08-3-Insertions_3.txt,150,0.25,0.10,0.80,100,1,3,914,0.41419,0.413,914
training/08-3-Insertions_3.txt,150,0.25,0.10,0.80,100,1,4,914,0.4143,0.413,914
training/08-3-Insertions_3.txt,150,0.25,0.10,0.80,50,2,0,914,0.41304,0.413,914
training/08-3-Insertions_3.txt,150,0.25,0.10,0.80,50,2,1,914,0.413749,0.413,914
training/08-3-Insertions_3.txt,150,0.25,0.10,0.80,50,2,2,914,0.413886,0.413,914
training/08-3-Insertions_3.txt,150,0.25,0.10,0.80,50,2,3,914,0.413914,0.413,914
training/08-3-Insertions_3.txt,150,0.25,0.10,0.80,50,2,4,914,0.413229,0.413,914
training/08-3-Insertions_3.txt,150,0.25,0.10,0.80,100,2,0,914,0.413342,0.413,914
training/08-3-Insertions_3.txt,150,0.25,0.10,0.80,100,2,1,914,0.413109,0.413,914
training/08-3-Insertions_3.txt,150,0.25,0.10,0.80,100,2,2,914,0.415559,0.413,914
training/08-3-Insertions_3.txt,150,0.25,0.10,0.80,100,2,3,914,0.415812,0.413,914
training/08-3-Insertions_3.txt,150,0.25,0.10,0.80,100,2,4,914,0.413502,0.413,914
training/08-3-Insertions_3.txt,150,0.25,0.20,0.70,50,1,0,914,0.414274,0.413,914
training/08-3-Insertions_3.txt,150,0.25,0.20,0.70,50,1,1,914,0.413702,0.413,914
training/08-3-Insertions_3.txt,150,0.25,0.20,0.70,50,1,2,914,0.413134,0.413,914
training/08-3-Insertions_3.txt,150,0.25,0.20,0.70,50,1,3,914,0.413426,0.413,914
training/08-3-Insertions_3.txt,150,0.25,0.20,0.70,50,1,4,914,0.413477,0.413,914
training/08-3-Insertions_3.txt,150,0.25,0.20,0.70,100,1,0,914,0.414361,0.413,914
training/08-3-Insertions_3.txt,150,0.25,0.20,0.70,100,1,1,914,0.413721,0.413,914
training/08-3-Insertions_3.txt,150,0.25,0.20,0.70,100,1,2,914,0.414263,0.413,914
training/08-3-Insertions_3.txt,150,0.25,0.20,0.70,100,1,3,914,0.413158,0.413,914
training/08-3-Insertions_3.txt,150,0.25,0.20,0.70,100,1,4,914,0.413288,0.413,914
training/08-3-Insertions_3.txt,150,0.25,0.20,0.70,50,2,0,914,0.413569,0.413,914
training/08-3-Insertions_3.txt,150,0.25,0.20,0.70,50,2,1,914,0.413495,0.413,914
training/08-3-Insertions_3.txt,150,0.25,0.20,0.70,50,2,2,914,0.41319,0.413,914
training/08-3-Insertions_3.txt,150,0.25,0.20,0.70,50,2,3,914,0.413491,0.413,914
training/08-3-Insertions_3.txt,150,0.25,0.20,0.70,50,2,4,914,0.413533,0.413,914
training/08-3-Insertions_3.txt,150,0.25,0.20,0.70,100,2,0,914,0.413478,0.413,914
training/08-3-Insertions_3.txt,150,0.25,0.20,0.70,100,2,1,914,0.413232,0.413,914
training/08-3-Insertions_3.txt,150,0.25,0.20,0.70,100,2,2,914,0.413527,0.413,914
training/08-3-Insertions_3.txt,150,0.25,0.20,0.70,100,2,3,914,0.413583,0.413,914
training/08-3-Insertions_3.txt,150,0.25,0.20,0.70,100,2,4,914,0.41317,0.413,914
training/08-3-Insertions_3.txt,150,0.25,0.20,0.80,50,1,0,914,0.41358,0.413,914
training/08-3-Insertions_3.txt,150,0.25,0.20,0.80,50,1,1,914,0.414349,0.413,914
training/08-3-Insertions_3.txt,150,0.25,0.20,0.80,50,1,2,914,0.413496,0.413,914
training/08-3-Insertions_3.txt,150,0.25,0.20,0.80,50,1,3,914,0.413954,0.413,914
training/08-3-Insertions_3.txt,150,0.25,0.20,0.80,50,1,4,914,0.414293,0.413,914
training/08-3-Insertions_3.txt,150,0.25,0.20,0.80,100,1,0,914,0.414258,0.413,914
training/08-3-Insertions_3.txt,150,0.25,0.20,0.80,100,1,1,914,0.414035,0.413,914
training/08-3-Insertions_3.txt,150,0.25,0.20,0.80,100,1,2,914,0.414226,0.413,914
training/08-3-Insertions_3.txt,150,0.25,0.20,0.80,100,1,3,914,0.413189,0.413,914
training/08-3-Insertions_3.txt,150,0.25,0.20,0.80,100,1,4,914,0.413619,0.413,914
training/08-3-Insertions_3.txt,150,0.25,0.20,0.80,50,2,0,914,0.414108,0.413,914
training/08-3-Insertions_3.txt,150,0.25,0.20,0.80,50,2,1,914,0.414239,0.413,914
training/08-3-Insertions_3.txt,150,0.25,0.20,0.80,50,2,2,914,0.413431,0.413,914
training/08-3-Insertions_3.txt,150,0.25,0.20,0.80,50,2,3,914,0.414068,0.413,914
training/08-3-Insertions_3.txt,150,0.25,0.20,0.80,50,2,4,914,0.413055,0.413,914
training/08-3-Insertions_3.txt,150,0.25,0.20,0.80,100,2,0,914,0.413047,0.413,914
training/08-3-Insertions_3.txt,150,0.25,0.20,0.80,100,2,1,914,0.41324,0.413,914
training/08-3-Insertions_3.txt,150,0.25,0.20,0.80,100,2,2,914,0.413491,0.413,914
training/08-3-Insertions_3.txt,150,0.25,0.20,0.80,100,2,3,914,0.413194,0.413,914
training/08-3-Insertions_3.txt,150,0.25,0.20,0.80,100,2,4,914,0.413133,0.413,914
training/08-3-Insertions_3.txt,200,0.20,0.10,0.70,50,1,0,914,0.414904,0.413,914
training/08-3-Insertions_3.txt,200,0.20,0.10,0.70,50,1,1,914,0.414357,0.413,914
training/08-3-Insertions_3.txt,200,0.20,0.10,0.70,50,1,2,914,0.413916,0.413,914
training/08-3-Insertions_3.txt,200,0.20,0.10,0.70,50,1,3,914,0.414247,0.413,914
training/08-3-Insertions_3.txt,200,0.20,0.10,0.70,50,1,4,914,0.414235,0.413,914
training/08-3-Insertions_3.txt,200,0.20,0.10,0.70,100,1,0,914,0.414148,0.413,914
training/08-3-Insertions_3.txt,200,0.20,0.10,0.70,100,1,1,914,0.414757,0.413,914
training/08-3-Insertions_3.txt,200,0.20,0.10,0.70,100,1,2,914,0.413411,0.413,914
training/08-3-Insertions_3.txt,200,0.20,0.10,0.70,100,1,3,914,0.413341,0.413,914
training/08-3-Insertions_3.txt,200,0.20,0.10,0.70,100,1,4,914,0.41443,0.413,914
training/08-3-Insertions_3.txt,200,0.20,0.10,0.70,50,2,0,914,0.41442,0.413,914
training/08-3-Insertions_3.txt,200,0.20,0.10,0.70,50,2,1,914,0.413632,0.413,914
training/08-3-Insertions_3.txt,200,0.20,0.10,0.70,50,2,2,914,0.414412,0.413,914
training/08-3-Insertions_3.txt,200,0.20,0.10,0.70,50,2,3,914,0.414258,0.413,914
training/08-3-Insertions_3.txt,200,0.20,0.10,0.70,50,2,4,914,0.414175,0.413,914
training/08-3-Insertions_3.txt,200,0.20,0.10,0.70,100,2,0,914,0.414973,0.413,914
training/08-3-Insertions_3.txt,200,0.20,0.10,0.70,100,2,1,914,0.413883,0.413,914
training/08-3-Insertions_3.txt,200,0.20,0.10,0.70,100,2,2,914,0.413443,0.413,914
training/08-3-Insertions_3.txt,200,0.20,0.10,0.70,100,2,3,914,0.414844,0.413,914
training/08-3-Insertions_3.txt,200,0.20,0.10,0.70,100,2,4,914,0.413316,0.413,914
training/08-3-Insertions_3.txt,200,0.20,0.10,0.80,50,1,0,914,0.414446,0.413,914
training/08-3-Insertions_3.txt,200,0.20,0.10,0.80,50,1,1,914,0.414761,0.413,914
training/08-3-Insertions_3.txt,200,0.20,0.10,0.80,50,1,2,914,0.413334,0.413,914
training/08-3-Insertions_3.txt,200,0.20,0.10,0.80,50,1,3,914,0.414131,0.413,914
training/08-3-Insertions_3.txt,200,0.20,0.10,0.80,50,1,4,914,0.41468,0.413,914
training/08-3-Insertions_3.txt,200,0.20,0.10,0.80,100,1,0,914,0.413717,0.413,914
training/08-3-Insertions_3.txt,200,0.20,0.10,0.80,100,1,1,914,0.414868,0.413,914
training/08-3-Insertions_3.txt,200,0.20,0.10,0.80,100,1,2,914,0.413023,0.413,914
training/08-3-Insertions_3.txt,200,0.20,0.10,0.80,100,1,3,914,0.413789,0.413,914
training/08-3-Insertions_3.txt,200,0.20,0.10,0.80,100,1,4,914,0.413914,0.413,914
training/08-3-Insertions_3.txt,200,0.20,0.10,0.80,50,2,0,914,0.413846,0.413,914
training/08-3-Insertions_3.txt,200,0.20,0.10,0.80,50,2,1,914,0.413711,0.413,914
training/08-3-Insertions_3.txt,200,0.20,0.10,0.80,50,2,2,914,0.414916,0.413,914
training/08-3-Insertions_3.txt,200,0.20,0.10,0.80,50,2,3,914,0.414026,0.413,914
training/08-3-Insertions_3.txt,200,0.20,0.10,0.80,50,2,4,914,0.413166,0.413,914
training/08-3-Insertions_3.txt,200,0.20,0.10,0.80,100,2,0,914,0.413565,0.413,914
training/08-3-Insertions_3.txt,200,0.20,0.10,0.80,100,2,1,914,0.413752,0.413,914
training/08-3-Insertions_3.txt,200,0.20,0.10,0.80,100,2,2,914,0.413813,0.413,914
training/08-3-Insertions_3.txt,200,0.20,0.10,0.80,100,2,3,914,0.41356,0.413,914
training/08-3-Insertions_3.txt,200,0.20,0.10,0.80,100,2,4,914,0.41439,0.413,914
training/08-3-Insertions_3.txt,200,0.20,0.20,0.70,50,1,0,914,0.413222,0.413,914
training/08-3-Insertions_3.txt,200,0.20,0.20,0.70,50,1,1,914,0.41302,0.413,914
training/08-3-Insertions_3.txt,200,0.20,0.20,0.70,50,1,2,914,0.414102,0.413,914
training/08-3-Insertions_3.txt,200,0.20,0.20,0.70,50,1,3,914,0.414176,0.413,914
training/08-3-Insertions_3.txt,200,0.20,0.20,0.70,50,1,4,914,0.413012,0.413,914
training/08-3-Insertions_3.txt,200,0.20,0.20,0.70,100,1,0,914,0.414233,0.413,914
training/08-3-Insertions_3.txt,200,0.20,0.20,0.70,100,1,1,914,0.41443,0.413,914
training/08-3-Insertions_3.txt,200,0.20,0.20,0.70,100,1,2,914,0.414322,0.413,914
training/08-3-Insertions_3.txt,200,0.20,0.20,0.70,100,1,3,914,0.414268,0.413,914
training/08-3-Insertions_3.txt,200,0.20,0.20,0.70,100,1,4,914,0.413842,0.413,914
training/08-3-Insertions_3.txt,200,0.20,0.20,0.70,50,2,0,914,0.414681,0.413,914
training/08-3-Insertions_3.txt,200,0.20,0.20,0.70,50,2,1,914,0.416283,0.413,914
training/08-3-Insertions_3.txt,200,0.20,0.20,0.70,50,2,2,914,0.413117,0.413,914
training/08-3-Insertions_3.txt,200,0.20,0.20,0.70,50,2,3,914,0.413431,0.413,914
training/08-3-Insertions_3.txt,200,0.20,0.20,0.70,50,2,4,914,0.41366,0.413,914
training/08-3-Insertions_3.txt,200,0.20,0.20,0.70,100,2,0,914,0.414607,0.413,914
training/08-3-Insertions_3.txt,200,0.20,0.20,0.70,100,2,1,914,0.413963,0.413,914
training/08-3-Insertions_3.txt,200,0.20,0.20,0.70,100,2,2,914,0.414227,0.413,914
training/08-3-Insertions_3.txt,200,0.20,0.20,0.70,100,2,3,914,0.413757,0.413,914
training/08-3-Insertions_3.txt,200,0.20,0.20,0.70,100,2,4,914,0.413373,0.413,914
training/08-3-Insertions_3.txt,200,0.20,0.20,0.80,50,1,0,914,0.413989,0.413,914
training/08-3-Insertions_3.txt,200,0.20,0.20,0.80,50,1,1,914,0.413269,0.413,914
training/08-3-Insertions_3.txt,200,0.20,0.20,0.80,50,1,2,914,0.413607,0.413,914
training/08-3-Insertions_3.txt,200,0.20,0.20,0.80,50,1,3,914,0.413323,0.413,914
training/08-3-Insertions_3.txt,200,0.20,0.20,0.80,50,1,4,914,0.413178,0.413,914
training/08-3-Insertions_3.txt,200,0.20,0.20,0.80,100,1,0,914,0.413623,0.413,914
training/08-3-Insertions_3.txt,200,0.20,0.20,0.80,100,1,1,914,0.414073,0.413,914
training/08-3-Insertions_3.txt,200,0.20,0.20,0.80,100,1,2,914,0.413095,0.413,914
training/08-3-Insertions_3.txt,200,0.20,0.20,0.80,100,1,3,914,0.414524,0.413,914
training/08-3-Insertions_3.txt,200,0.20,0.20,0.80,100,1,4,914,0.413195,0.413,914
training/08-3-Insertions_3.txt,200,0.20,0.20,0.80,50,2,0,914,0.413296,0.413,914
training/08-3-Insertions_3.txt,200,0.20,0.20,0.80,50,2,1,914,0.41333,0.413,914
training/08-3-Insertions_3.txt,200,0.20,0.20,0.80,50,2,2,914,0.414725,0.413,914
training/08-3-Insertions_3.txt,200,0.20,0.20,0.80,50,2,3,914,0.414298,0.413,914
training/08-3-Insertions_3.txt,200,0.20,0.20,0.80,50,2,4,914,0.414404,0.413,914
training/08-3-Insertions_3.txt,200,0.20,0.20,0.80,100,2,0,914,0.414268,0.413,914
training/08-3-Insertions_3.txt,200,0.20,0.20,0.80,100,2,1,914,0.414661,0.413,914
training/08-3-Insertions_3.txt,200,0.20,0.20,0.80,100,2,2,914,0.414326,0.413,914
training/08-3-Insertions_3.txt,200,0.20,0.20,0.80,100,2,3,914,0.414949,0.413,914
training/08-3-Insertions_3.txt,200,0.20,0.20,0.80,100,2,4,914,0.414404,0.413,914
training/08-3-Insertions_3.txt,200,0.25,0.10,0.70,50,1,0,914,0.413311,0.413,914
training/08-3-Insertions_3.txt,200,0.25,0.10,0.70,50,1,1,914,0.414246,0.413,914
training/08-3-Insertions_3.txt,200,0.25,0.10,0.70,50,1,2,914,0.413162,0.413,914
training/08-3-Insertions_3.txt,200,0.25,0.10,0.70,50,1,3,914,0.414459,0.413,914
training/08-3-Insertions_3.txt,200,0.25,0.10,0.70,50,1,4,914,0.414288,0.413,914
training/08-3-Insertions_3.txt,200,0.25,0.10,0.70,100,1,0,914,0.41441,0.413,914
training/08-3-Insertions_3.txt,200,0.25,0.10,0.70,100,1,1,914,0.413129,0.413,914
training/08-3-Insertions_3.txt,200,0.25,0.10,0.70,100,1,2,914,0.41476,0.413,914
training/08-3-Insertions_3.txt,200,0.25,0.10,0.70,100,1,3,914,0.414202,0.413,914
training/08-3-Insertions_3.txt,200,0.25,0.10,0.70,100,1,4,914,0.413085,0.413,914
training/08-3-Insertions_3.txt,200,0.25,0.10,0.70,50,2,0,914,0.413653,0.413,914
training/08-3-Insertions_3.txt,200,0.25,0.10,0.70,50,2,1,914,0.413039,0.413,914
training/08-3-Insertions_3.txt,200,0.25,0.10,0.70,50,2,2,914,0.413706,0.413,914
training/08-3-Insertions_3.txt,200,0.25,0.10,0.70,50,2,3,914,0.41353,0.413,914
training/08-3-Insertions_3.txt,200,0.25,0.10,0.70,50,2,4,914,0.413618,0.413,914
training/08-3-Insertions_3.txt,200,0.25,0.10,0.70,100,2,0,914,0.413703,0.413,914
training/08-3-Insertions_3.txt,200,0.25,0.10,0.70,100,2,1,914,0.414657,0.413,914
training/08-3-Insertions_3.txt,200,0.25,0.10,0.70,100,2,2,914,0.414489,0.413,914
training/08-3-Insertions_3.txt,200,0.25,0.10,0.70,100,2,3,914,0.413189,0.413,914
training/08-3-Insertions_3.txt,200,0.25,0.10,0.70,100,2,4,914,0.414207,0.413,914
training/08-3-Insertions_3.txt,200,0.25,0.10,0.80,50,1,0,914,0.414728,0.413,914
training/08-3-Insertions_3.txt,200,0.25,0.10,0.80,50,1,1,914,0.413957,0.413,914
training/08-3-Insertions_3.txt,200,0.25,0.10,0.80,50,1,2,914,0.414533,0.413,914
training/08-3-Insertions_3.txt,200,0.25,0.10,0.80,50,1,3,914,0.413146,0.413,914
training/08-3-Insertions_3.txt,200,0.25,0.10,0.80,50,1,4,914,0.413836,0.413,914
training/08-3-Insertions_3.txt,200,0.25,0.10,0.80,100,1,0,914,0.414432,0.413,914
training/08-3-Insertions_3.txt,200,0.25,0.10,0.80,100,1,1,914,0.414574,0.413,914
training/08-3-Insertions_3.txt,200,0.25,0.10,0.80,100,1,2,914,0.413701,0.413,914
training/08-3-Insertions_3.txt,200,0.25,0.10,0.80,100,1,3,914,0.414292,0.413,914
training/08-3-Insertions_3.txt,200,0.25,0.10,0.80,100,1,4,914,0.41412,0.413,914
training/08-3-Insertions_3.txt,200,0.25,0.10,0.80,50,2,0,914,0.414046,0.413,914
training/08-3-Insertions_3.txt,200,0.25,0.10,0.80,50,2,1,914,0.413642,0.413,914
training/08-3-Insertions_3.txt,200,0.25,0.10,0.80,50,2,2,914,0.414132,0.413,914
training/08-3-Insertions_3.txt,200,0.25,0.10,0.80,50,2,3,914,0.413846,0.413,914
training/08-3-Insertions_3.txt,200,0.25,0.10,0.80,50,2,4,914,0.413509,0.413,914
training/08-3-Insertions_3.txt,200,0.25,0.10,0.80,100,2,0,914,0.413017,0.413,914
training/08-3-Insertions_3.txt,200,0.25,0.10,0.80,100,2,1,914,0.414668,0.413,914
training/08-3-Insertions_3.txt,200,0.25,0.10,0.80,100,2,2,914,0.413793,0.413,914
training/08-3-Insertions_3.txt,200,0.25,0.10,0.80,100,2,3,914,0.413013,0.413,914
training/08-3-Insertions_3.txt,200,0.25,0.10,0.80,100,2,4,914,0.414722,0.413,914
training/08-3-Insertions_3.txt,200,0.25,0.20,0.70,50,1,0,914,0.414727,0.413,914
training/08-3-Insertions_3.txt,200,0.25,0.20,0.70,50,1,1,914,0.414685,0.413,914
training/08-3-Insertions_3.txt,200,0.25,0.20,0.70,50,1,2,914,0.414614,0.413,914
training/08-3-Insertions_3.txt,200,0.25,0.20,0.70,50,1,3,914,0.414022,0.413,914
training/08-3-Insertions_3.txt,200,0.25,0.20,0.70,50,1,4,914,0.414335,0.413,914
training/08-3-Insertions_3.txt,200,0.25,0.20,0.70,100,1,0,914,0.413592,0.413,914
training/08-3-Insertions_3.txt,200,0.25,0.20,0.70,100,1,1,914,0.413922,0.413,914
training/08-3-Insertions_3.txt,200,0.25,0.20,0.70,100,1,2,914,0.414257,0.413,914
training/08-3-Insertions_3.txt,200,0.25,0.20,0.70,100,1,3,914,0.4132,0.413,914
training/08-3-Insertions_3.txt,200,0.25,0.20,0.70,100,1,4,914,0.413506,0.413,914
training/08-3-Insertions_3.txt,200,0.25,0.20,0.70,50,2,0,914,0.414707,0.413,914
training/08-3-Insertions_3.txt,200,0.25,0.20,0.70,50,2,1,914,0.414677,0.413,914
training/08-3-Insertions_3.txt,200,0.25,0.20,0.70,50,2,2,914,0.413248,0.413,914
training/08-3-Insertions_3.txt,200,0.25,0.20,0.70,50,2,3,914,0.413663,0.413,914
training/08-3-Insertions_3.txt,200,0.25,0.20,0.70,50,2,4,914,0.413108,0.413,914
training/08-3-Insertions_3.txt,200,0.25,0.20,0.70,100,2,0,914,0.413288,0.413,914
training/08-3-Insertions_3.txt,200,0.25,0.20,0.70,100,2,1,914,0.414465,0.413,914
training/08-3-Insertions_3.txt,200,0.25,0.20,0.70,100,2,2,914,0.413605,0.413,914
training/08-3-Insertions_3.txt,200,0.25,0.20,0.70,100,2,3,914,0.414752,0.413,914
training/08-3-Insertions_3.txt,200,0.25,0.20,0.70,100,2,4,914,0.414513,0.413,914
training/08-3-Insertions_3.txt,200,0.25,0.20,0.80,50,1,0,914,0.413871,0.413,914
training/08-3-Insertions_3.txt,200,0.25,0.20,0.80,50,1,1,914,0.413402,0.413,914
training/08-3-Insertions_3.txt,200,0.25,0.20,0.80,50,1,2,914,0.413346,0.413,914
training/08-3-Insertions_3.txt,200,0.25,0.20,0.80,50,1,3,914,0.413647,0.413,914
training/08-3-Insertions_3.txt,200,0.25,0.20,0.80,50,1,4,914,0.413701,0.413,914
training/08-3-Insertions_3.txt,200,0.25,0.20,0.80,100,1,0,914,0.413934,0.413,914
training/08-3-Insertions_3.txt,200,0.25,0.20,0.80,100,1,1,914,0.413995,0.413,914
training/08-3-Insertions_3.txt,200,0.25,0.20,0.80,100,1,2,914,0.413932,0.413,914
training/08-3-Insertions_3.txt,200,0.25,0.20,0.80,100,1,3,914,0.41368,0.413,914
training/08-3-Insertions_3.txt,200,0.25,0.20,0.80,100,1,4,914,0.414772,0.413,914
training/08-3-Insertions_3.txt,200,0.25,0.20,0.80,50,2,0,914,0.41321,0.413,914
training/08-3-Insertions_3.txt,200,0.25,0.20,0.80,50,2,1,914,0.414303,0.413,914
training/08-3-Insertions_3.txt,200,0.25,0.20,0.80,50,2,2,914,0.413776,0.413,914
training/08-3-Insertions_3.txt,200,0.25,0.20,0.80,50,2,3,914,0.414444,0.413,914
training/08-3-Insertions_3.txt,200,0.25,0.20,0.80,50,2,4,914,0.414701,0.413,914
training/08-3-Insertions_3.txt,200,0.25,0.20,0.80,100,2,0,914,0.413578,0.413,914
training/08-3-Insertions_3.txt,200,0.25,0.20,0.80,100,2,1,914,0.414326,0.413,914
training/08-3-Insertions_3.txt,200,0.25,0.20,0.80,100,2,2,914,0.413021,0.413,914
training/08-3-Insertions_3.txt,200,0.25,0.20,0.80,100,2,3,914,0.413036,0.413,914
training/08-3-Insertions_3.txt,200,0.25,0.20,0.80,100,2,4,914,0.413262,0.413,914
training/09-jean.txt,100,0.20,0.10,0.70,50,1,0,2307,0.966795,0.965,2307
training/09-jean.txt,100,0.20,0.10,0.70,50,1,1,2307,0.966006,0.965,2307
training/09-jean.txt,100,0.20,0.10,0.70,50,1,2,2307,0.965701,0.965,2307
training/09-jean.txt,100,0.20,0.10,0.70,50,1,3,2307,0.965713,0.965,2307
training/09-jean.txt,100,0.20,0.10,0.70,50,1,4,2307,0.965479,0.965,2307
training/09-jean.txt,100,0.20,0.10,0.70,100,1,0,2307,0.965379,0.965,2307
training/09-jean.txt,100,0.20,0.10,0.70,100,1,1,2307,0.965529,0.965,2307
training/09-jean.txt,100,0.20,0.10,0.70,100,1,2,2307,0.966377,0.965,2307
training/09-jean.txt,100,0.20,0.10,0.70,100,1,3,2307,0.966749,0.965,2307
training/09-jean.txt,100,0.20,0.10,0.70,100,1,4,2307,0.966729,0.965,2307
training/09-jean.txt,100,0.20,0.10,0.70,50,2,0,2307,0.966172,0.965,2307
training/09-jean.txt,100,0.20,0.10,0.70,50,2,1,2307,0.965315,0.965,2307
training/09-jean.txt,100,0.20,0.10,0.70,50,2,2,2307,0.965494,0.965,2307
training/09-jean.txt,100,0.20,0.10,0.70,50,2,3,2307,0.966593,0.965,2307
training/09-jean.txt,100,0.20,0.10,0.70,50,2,4,2307,0.965772,0.965,2307
training/09-jean.txt,100,0.20,0.10,0.70,100,2,0,2307,0.966361,0.965,2307
training/09-jean.txt,100,0.20,0.10,0.70,100,2,1,2307,0.967119,0.965,2307
training/09-jean.txt,100,0.20,0.10,0.70,100,2,2,2307,0.966591,0.965,2307
training/09-jean.txt,100,0.20,0.10,0.70,100,2,3,2307,0.965935,0.965,2307
training/09-jean.txt,100,0.20,0.10,0.70,100,2,4,2307,0.966309,0.965,2307
training/09-jean.txt,100,0.20,0.10,0.80,50,1,0,2307,0.966044,0.965,2307
training/09-jean.txt,100,0.20,0.10,0.80,50,1,1,2307,0.965814,0.965,2307
training/09-jean.txt,100,0.20,0.10,0.80,50,1,2,2307,0.9671,0.965,2307
training/09-jean.txt,100,0.20,0.10,0.80,50,1,3,2307,0.96528,0.965,2307
training/09-jean.txt,100,0.20,0.10,0.80,50,1,4,2307,0.966102,0.965,2307
training/09-jean.txt,100,0.20,0.10,0.80,100,1,0,2307,0.9665,0.965,2307
training/09-jean.txt,100,0.20,0.10,0.80,100,1,1,2307,0.965726,0.965,2307
training/09-jean.txt,100,0.20,0.10,0.80,100,1,2,2307,0.966664,0.965,2307
training/09-jean.txt,100,0.20,0.10,0.80,100,1,3,2307,0.965313,0.965,2307
training/09-jean.txt,100,0.20,0.10,0.80,100,1,4,2307,0.966648,0.965,2307
training/09-jean.txt,100,0.20,0.10,0.80,50,2,0,2307,0.966172,0.965,2307
training/09-jean.txt,100,0.20,0.10,0.80,50,2,1,2307,0.966466,0.965,2307
training/09-jean.txt,100,0.20,0.10,0.80,50,2,2,2307,0.965709,0.965,2307
training/09-jean.txt,100,0.20,0.10,0.80,50,2,3,2307,0.965654,0.965,2307
training/09-jean.txt,100,0.20,0.10,0.80,50,2,4,2307,0.966423,0.965,2307
training/09-jean.txt,100,0.20,0.10,0.80,100,2,0,2307,0.967007,0.965,2307
training/09-jean.txt,100,0.20,0.10,0.80,100,2,1,2307,0.965184,0.965,2307
training/09-jean.txt,100,0.20,0.10,0.80,100,2,2,2307,0.965709,0.965,2307
training/09-jean.txt,100,0.20,0.10,0.80,100,2,3,2307,0.966235,0.965,2307
training/09-jean.txt,100,0.20,0.10,0.80,100,2,4,2307,0.965726,0.965,2307
training/09-jean.txt,100,0.20,0.20,0.70,50,1,0,2307,0.96645,0.965,2307
training/09-jean.txt,100,0.20,0.20,0.70,50,1,1,2307,0.965575,0.965,2307
training/09-jean.txt,100,0.20,0.20,0.70,50,1,2,2307,0.965718,0.965,2307
training/09-jean.txt,100,0.20,0.20,0.70,50,1,3,2307,0.966936,0.965,2307
training/09-jean.txt,100,0.20,0.20,0.70,50,1,4,2307,0.965944,0.965,2307
training/09-jean.txt,100,0.20,0.20,0.70,100,1,0,2307,0.966221,0.965,2307
training/09-jean.txt,100,0.20,0.20,0.70,100,1,1,2307,0.965171,0.965,2307
training/09-jean.txt,100,0.20,0.20,0.70,100,1,2,2307,0.965088,0.965,2307
training/09-jean.txt,100,0.20,0.20,0.70,100,1,3,2307,0.966197,0.965,2307
training/09-jean.txt,100,0.20,0.20,0.70,100,1,4,2307,0.965232,0.965,2307
training/09-jean.txt,100,0.20,0.20,0.70,50,2,0,2307,0.965171,0.965,2307
training/09-jean.txt,100,0.20,0.20,0.70,50,2,1,2307,0.96588,0.965,2307
training/09-jean.txt,100,0.20,0.20,0.70,50,2,2,2307,0.966602,0.965,2307
training/09-jean.txt,100,0.20,0.20,0.70,50,2,3,2307,0.966911,0.965,2307
training/09-jean.txt,100,0.20,0.20,0.70,50,2,4,2307,0.96684,0.965,2307
training/09-jean.txt,100,0.20,0.20,0.70,100,2,0,2307,0.966673,0.965,2307
training/09-jean.txt,100,0.20,0.20,0.70,100,2,1,2307,0.966423,0.965,2307
training/09-jean.txt,100,0.20,0.20,0.70,100,2,2,2307,0.965749,0.965,2307
training/09-jean.txt,100,0.20,0.20,0.70,100,2,3,2307,0.965366,0.965,2307
training/09-jean.txt,100,0.20,0.20,0.70,100,2,4,2307,0.965323,0.965,2307
training/09-jean.txt,100,0.20,0.20,0.80,50,1,0,2307,0.967023,0.965,2307
training/09-jean.txt,100,0.20,0.20,0.80,50,1,1,2307,0.965319,0.965,2307
training/09-jean.txt,100,0.20,0.20,0.80,50,1,2,2307,0.966722,0.965,2307
training/09-jean.txt,100,0.20,0.20,0.80,50,1,3,2307,0.966909,0.965,2307
training/09-jean.txt,100,0.20,0.20,0.80,50,1,4,2307,0.965959,0.965,2307
training/09-jean.txt,100,0.20,0.20,0.80,100,1,0,2307,0.965773,0.965,2307
training/09-jean.txt,100,0.20,0.20,0.80,100,1,1,2307,0.966983,0.965,2307
training/09-jean.txt,100,0.20,0.20,0.80,100,1,2,2307,0.965884,0.965,2307
training/09-jean.txt,100,0.20,0.20,0.80,100,1,3,2307,0.965297,0.965,2307
training/09-jean.txt,100,0.20,0.20,0.80,100,1,4,2307,0.966526,0.965,2307
training/09-jean.txt,100,0.20,0.20,0.80,50,2,0,2307,0.965686,0.965,2307
training/09-jean.txt,100,0.20,0.20,0.80,50,2,1,2307,0.966147,0.965,2307
training/09-jean.txt,100,0.20,0.20,0.80,50,2,2,2307,0.965565,0.965,2307
training/09-jean.txt,100,0.20,0.20,0.80,50,2,3,2307,0.966146,0.965,2307
training/09-jean.txt,100,0.20,0.20,0.80,50,2,4,2307,0.965249,0.965,2307
training/09-jean.txt,100,0.20,0.20,0.80,100,2,0,2307,0.965875,0.965,2307
training/09-jean.txt,100,0.20,0.20,0.80,100,2,1,2307,0.965135,0.965,2307
training/09-jean.txt,100,0.20,0.20,0.80,100,2,2,2307,0.966053,0.965,2307
training/09-jean.txt,100,0.20,0.20,0.80,100,2,3,2307,0.967001,0.965,2307
training/09-jean.txt,100,0.20,0.20,0.80,100,2,4,2307,0.965843,0.965,2307
training/09-jean.txt,100,0.25,0.10,0.70,50,1,0,2307,0.966032,0.965,2307
training/09-jean.txt,100,0.25,0.10,0.70,50,1,1,2307,0.966869,0.965,2307
training/09-jean.txt,100,0.25,0.10,0.70,50,1,2,2307,0.966734,0.965,2307
training/09-jean.txt,100,0.25,0.10,0.70,50,1,3,2307,0.965666,0.965,2307
training/09-jean.txt,100,0.25,0.10,0.70,50,1,4,2307,0.966523,0.965,2307
training/09-jean.txt,100,0.25,0.10,0.70,100,1,0,2307,0.966678,0.965,2307
training/09-jean.txt,100,0.25,0.10,0.70,100,1,1,2307,0.966098,0.965,2307
training/09-jean.txt,100,0.25,0.10,0.70,100,1,2,2307,0.965103,0.965,2307
training/09-jean.txt,100,0.25,0.10,0.70,100,1,3,2307,0.966523,0.965,2307
training/09-jean.txt,100,0.25,0.10,0.70,100,1,4,2307,0.966469,0.965,2307
training/09-jean.txt,100,0.25,0.10,0.70,50,2,0,2307,0.965658,0.965,2307
training/09-jean.txt,100,0.25,0.10,0.70,50,2,1,2307,0.965676,0.965,2307
training/09-jean.txt,100,0.25,0.10,0.70,50,2,2,2307,0.965583,0.965,2307
training/09-jean.txt,100,0.25,0.10,0.70,50,2,3,2307,0.96551,0.965,2307
training/09-jean.txt,100,0.25,0.10,0.70,50,2,4,2307,0.966454,0.965,2307
training/09-jean.txt,100,0.25,0.10,0.70,100,2,0,2307,0.966739,0.965,2307
training/09-jean.txt,100,0.25,0.10,0.70,100,2,1,2307,0.965782,0.965,2307
training/09-jean.txt,100,0.25,0.10,0.70,100,2,2,2307,0.965395,0.965,2307
training/09-jean.txt,100,0.25,0.10,0.70,100,2,3,2307,0.966796,0.965,2307
training/09-jean.txt,100,0.25,0.10,0.70,100,2,4,2307,0.96672,0.965,2307
training/09-jean.txt,100,0.25,0.10,0.80,50,1,0,2307,0.966332,0.965,2307
training/09-jean.txt,100,0.25,0.10,0.80,50,1,1,2307,0.966925,0.965,2307
training/09-jean.txt,100,0.25,0.10,0.80,50,1,2,2307,0.966971,0.965,2307
training/09-jean.txt,100,0.25,0.10,0.80,50,1,3,2307,0.966211,0.965,2307
training/09-jean.txt,100,0.25,0.10,0.80,50,1,4,2307,0.967148,0.965,2307
training/09-jean.txt,100,0.25,0.10,0.80,100,1,0,2307,0.966294,0.965,2307
training/09-jean.txt,100,0.25,0.10,0.80,100,1,1,2307,0.965328,0.965,2307
training/09-jean.txt,100,0.25,0.10,0.80,100,1,2,2307,0.966963,0.965,2307
training/09-jean.txt,100,0.25,0.10,0.80,100,1,3,2307,0.966472,0.965,2307
training/09-jean.txt,100,0.25,0.10,0.80,100,1,4,2307,0.966675,0.965,2307
training/09-jean.txt,100,0.25,0.10,0.80,50,2,0,2307,0.966809,0.965,2307
training/09-jean.txt,100,0.25,0.10,0.80,50,2,1,2307,0.966171,0.965,2307
training/09-jean.txt,100,0.25,0.10,0.80,50,2,2,2307,0.96539,0.965,2307
training/09-jean.txt,100,0.25,0.10,0.80,50,2,3,2307,0.965687,0.965,2307
training/09-jean.txt,100,0.25,0.10,0.80,50,2,4,2307,0.965373,0.965,2307
training/09-jean.txt,100,0.25,0.10,0.80,100,2,0,2307,0.966889,0.965,2307
training/09-jean.txt,100,0.25,0.10,0.80,100,2,1,2307,0.965156,0.965,2307
training/09-jean.txt,100,0.25,0.10,0.80,100,2,2,2307,0.966531,0.965,2307
training/09-jean.txt,100,0.25,0.10,0.80,100,2,3,2307,0.965837,0.965,2307
training/09-jean.txt,100,0.25,0.10,0.80,100,2,4,2307,0.965985,0.965,2307
training/09-jean.txt,100,0.25,0.20,0.70,50,1,0,2307,0.966101,0.965,2307
training/09-jean.txt,100,0.25,0.20,0.70,50,1,1,2307,0.96611,0.965,2307
training/09-jean.txt,100,0.25,0.20,0.70,50,1,2,2307,0.966975,0.965,2307
training/09-jean.txt,100,0.25,0.20,0.70,50,1,3,2307,0.965383,0.965,2307
training/09-jean.txt,100,0.25,0.20,0.70,50,1,4,2307,0.96691,0.965,2307
training/09-jean.txt,100,0.25,0.20,0.70,100,1,0,2307,0.965359,0.965,2307
training/09-jean.txt,100,0.25,0.20,0.70,100,1,1,2307,0.96623,0.965,2307
training/09-jean.txt,100,0.25,0.20,0.70,100,1,2,2307,0.965046,0.965,2307
training/09-jean.txt,100,0.25,0.20,0.70,100,1,3,2307,0.965749,0.965,2307
training/09-jean.txt,100,0.25,0.20,0.70,100,1,4,2307,0.966523,0.965,2307
training/09-jean.txt,100,0.25,0.20,0.70,50,2,0,2307,0.965742,0.965,2307
training/09-jean.txt,100,0.25,0.20,0.70,50,2,1,2307,0.966865,0.965,2307
training/09-jean.txt,100,0.25,0.20,0.70,50,2,2,2307,0.965755,0.965,2307
training/09-jean.txt,100,0.25,0.20,0.70,50,2,3,2307,0.96666,0.965,2307
training/09-jean.txt,100,0.25,0.20,0.70,50,2,4,2307,0.965609,0.965,2307
training/09-jean.txt,100,0.25,0.20,0.70,100,2,0,2307,0.966594,0.965,2307
training/09-jean.txt,100,0.25,0.20,0.70,100,2,1,2307,0.966084,0.965,2307
training/09-jean.txt,100,0.25,0.20,0.70,100,2,2,2307,0.9654,0.965,2307
training/09-jean.txt,100,0.25,0.20,0.70,100,2,3,2307,0.965894,0.965,2307
training/09-jean.txt,100,0.25,0.20,0.70,100,2,4,2307,0.966397,0.965,2307
training/09-jean.txt,100,0.25,0.20,0.80,50,1,0,2307,0.966613,0.965,2307
training/09-jean.txt,100,0.25,0.20,0.80,50,1,1,2307,0.966023,0.965,2307
training/09-jean.txt,100,0.25,0.20,0.80,50,1,2,2307,0.966324,0.965,2307
training/09-jean.txt,100,0.25,0.20,0.80,50,1,3,2307,0.966182,0.965,2307
training/09-jean.txt,100,0.25,0.20,0.80,50,1,4,2307,0.965122,0.965,2307
training/09-jean.txt,100,0.25,0.20,0.80,100,1,0,2307,0.966778,0.965,2307
training/09-jean.txt,100,0.25,0.20,0.80,100,1,1,2307,0.966655,0.965,2307
training/09-jean.txt,100,0.25,0.20,0.80,100,1,2,2307,0.965894,0.965,2307
training/09-jean.txt,100,0.25,0.20,0.80,100,1,3,2307,0.966745,0.965,2307
training/09-jean.txt,100,0.25,0.20,0.80,100,1,4,2307,0.965121,0.965,2307
training/09-jean.txt,100,0.25,0.20,0.80,50,2,0,2307,0.965942,0.965,2307
training/09-jean.txt,100,0.25,0.20,0.80,50,2,1,2307,0.967644,0.965,2307
training/09-jean.txt,100,0.25,0.20,0.80,50,2,2,2307,0.966637,0.965,2307
training/09-jean.txt,100,0.25,0.20,0.80,50,2,3,2307,0.966579,0.965,2307
training/09-jean.txt,100,0.25,0.20,0.80,50,2,4,2307,0.965696,0.965,2307
training/09-jean.txt,100,0.25,0.20,0.80,100,2,0,2307,0.965689,0.965,2307
training/09-jean.txt,100,0.25,0.20,0.80,100,2,1,2307,0.966066,0.965,2307
training/09-jean.txt,100,0.25,0.20,0.80,100,2,2,2307,0.966231,0.965,2307
training/09-jean.txt,100,0.25,0.20,0.80,100,2,3,2307,0.966739,0.965,2307
training/09-jean.txt,100,0.25,0.20,0.80,100,2,4,2307,0.965775,0.965,2307
training/09-jean.txt,150,0.20,0.10,0.70,50,1,0,2307,0.965649,0.965,2307
training/09-jean.txt,150,0.20,0.10,0.70,50,1,1,2307,0.967557,0.965,2307
training/09-jean.txt,150,0.20,0.10,0.70,50,1,2,2307,0.967683,0.965,2307
training/09-jean.txt,150,0.20,0.10,0.70,50,1,3,2307,0.966889,0.965,2307
training/09-jean.txt,150,0.20,0.10,0.70,50,1,4,2307,0.966541,0.965,2307
training/09-jean.txt,150,0.20,0.10,0.70,100,1,0,2307,0.965351,0.965,2307
training/09-jean.txt,150,0.20,0.10,0.70,100,1,1,2307,0.967955,0.965,2307
training/09-jean.txt,150,0.20,0.10,0.70,100,1,2,2307,0.967701,0.965,2307
training/09-jean.txt,150,0.20,0.10,0.70,100,1,3,2307,0.966343,0.965,2307
training/09-jean.txt,150,0.20,0.10,0.70,100,1,4,2307,0.966721,0.965,2307
training/09-jean.txt,150,0.20,0.10,0.70,50,2,0,2307,0.967131,0.965,2307
training/09-jean.txt,150,0.20,0.10,0.70,50,2,1,2307,0.967399,0.965,2307
training/09-jean.txt,150,0.20,0.10,0.70,50,2,2,2307,0.965883,0.965,2307
training/09-jean.txt,150,0.20,0.10,0.70,50,2,3,2307,0.966084,0.965,2307
training/09-jean.txt,150,0.20,0.10,0.70,50,2,4,2307,0.967642,0.965,2307
training/09-jean.txt,150,0.20,0.10,0.70,100,2,0,2307,0.965144,0.965,2307
training/09-jean.txt,150,0.20,0.10,0.70,100,2,1,2307,0.96723,0.965,2307
training/09-jean.txt,150,0.20,0.10,0.70,100,2,2,2307,0.966438,0.965,2307
training/09-jean.txt,150,0.20,0.10,0.70,100,2,3,2307,0.966877,0.965,2307
training/09-jean.txt,150,0.20,0.10,0.70,100,2,4,2307,0.965766,0.965,2307
training/09-jean.txt,150,0.20,0.10,0.80,50,1,0,2307,0.966538,0.965,2307
training/09-jean.txt,150,0.20,0.10,0.80,50,1,1,2307,0.96561,0.965,2307
training/09-jean.txt,150,0.20,0.10,0.80,50,1,2,2307,0.967877,0.965,2307
training/09-jean.txt,150,0.20,0.10,0.80,50,1,3,2307,0.967007,0.965,2307
training/09-jean.txt,150,0.20,0.10,0.80,50,1,4,2307,0.967953,0.965,2307
training/09-jean.txt,150,0.20,0.10,0.80,100,1,0,2307,0.968139,0.965,2307
training/09-jean.txt,150,0.20,0.10,0.80,100,1,1,2307,0.967601,0.965,2307
training/09-jean.txt,150,0.20,0.10,0.80,100,1,2,2307,0.966107,0.965,2307
training/09-jean.txt,150,0.20,0.10,0.80,100,1,3,2307,0.967227,0.965,2307
training/09-jean.txt,150,0.20,0.10,0.80,100,1,4,2307,0.965355,0.965,2307
training/09-jean.txt,150,0.20,0.10,0.80,50,2,0,2307,0.967969,0.965,2307
training/09-jean.txt,150,0.20,0.10,0.80,50,2,1,2307,0.96536,0.965,2307
training/09-jean.txt,150,0.20,0.10,0.80,50,2,2,2307,0.966335,0.965,2307
training/09-jean.txt,150,0.20,0.10,0.80,50,2,3,2307,0.965527,0.965,2307
training/09-jean.txt,150,0.20,0.10,0.80,50,2,4,2307,0.967389,0.965,2307
training/09-jean.txt,150,0.20,0.10,0.80,100,2,0,2307,0.967178,0.965,2307
training/09-jean.txt,150,0.20,0.10,0.80,100,2,1,2307,0.967814,0.965,2307
training/09-jean.txt,150,0.20,0.10,0.80,100,2,2,2307,0.965921,0.965,2307
training/09-jean.txt,150,0.20,0.10,0.80,100,2,3,2307,0.967352,0.965,2307
training/09-jean.txt,150,0.20,0.10,0.80,100,2,4,2307,0.967926,0.965,2307
training/09-jean.txt,150,0.20,0.20,0.70,50,1,0,2307,0.965424,0.965,2307
training/09-jean.txt,150,0.20,0.20,0.70,50,1,1,2307,0.966745,0.965,2307
training/09-jean.txt,150,0.20,0.20,0.70,50,1,2,2307,0.967281,0.965,2307
training/09-jean.txt,150,0.20,0.20,0.70,50,1,3,2307,0.96585,0.965,2307
training/09-jean.txt,150,0.20,0.20,0.70,50,1,4,2307,0.966581,0.965,2307
training/09-jean.txt,150,0.20,0.20,0.70,100,1,0,2307,0.966278,0.965,2307
training/09-jean.txt,150,0.20,0.20,0.70,100,1,1,2307,0.965674,0.965,2307
training/09-jean.txt,150,0.20,0.20,0.70,100,1,2,2307,0.965611,0.965,2307
training/09-jean.txt,150,0.20,0.20,0.70,100,1,3,2307,0.965889,0.965,2307
training/09-jean.txt,150,0.20,0.20,0.70,100,1,4,2307,0.966093,0.965,2307
training/09-jean.txt,150,0.20,0.20,0.70,50,2,0,2307,0.965282,0.965,2307
training/09-jean.txt,150,0.20,0.20,0.70,50,2,1,2307,0.967041,0.965,2307
training/09-jean.txt,150,0.20,0.20,0.70,50,2,2,2307,0.967884,0.965,2307
training/09-jean.txt,150,0.20,0.20,0.70,50,2,3,2307,0.967476,0.965,2307
training/09-jean.txt,150,0.20,0.20,0.70,50,2,4,2307,0.965882,0.965,2307
training/09-jean.txt,150,0.20,0.20,0.70,100,2,0,2307,0.966433,0.965,2307
training/09-jean.txt,150,0.20,0.20,0.70,100,2,1,2307,0.968193,0.965,2307
training/09-jean.txt,150,0.20,0.20,0.70,100,2,2,2307,0.967816,0.965,2307
training/09-jean.txt,150,0.20,0.20,0.70,100,2,3,2307,0.965032,0.965,2307
training/09-jean.txt,150,0.20,0.20,0.70,100,2,4,2307,0.967217,0.965,2307
training/09-jean.txt,150,0.20,0.20,0.80,50,1,0,2307,0.967443,0.965,2307
training/09-jean.txt,150,0.20,0.20,0.80,50,1,1,2307,0.966765,0.965,2307
training/09-jean.txt,150,0.20,0.20,0.80,50,1,2,2307,0.966657,0.965,2307
training/09-jean.txt,150,0.20,0.20,0.80,50,1,3,2307,0.966794,0.965,2307
training/09-jean.txt,150,0.20,0.20,0.80,50,1,4,2307,0.965182,0.965,2307
training/09-jean.txt,150,0.20,0.20,0.80,100,1,0,2307,0.965508,0.965,2307
training/09-jean.txt,150,0.20,0.20,0.80,100,1,1,2307,0.9665,0.965,2307
training/09-jean.txt,150,0.20,0.20,0.80,100,1,2,2307,0.965113,0.965,2307
training/09-jean.txt,150,0.20,0.20,0.80,100,1,3,2307,0.967284,0.965,2307
training/09-jean.txt,150,0.20,0.20,0.80,100,1,4,2307,0.966671,0.965,2307
training/09-jean.txt,150,0.20,0.20,0.80,50,2,0,2307,0.965755,0.965,2307
training/09-jean.txt,150,0.20,0.20,0.80,50,2,1,2307,0.967853,0.965,2307
training/09-jean.txt,150,0.20,0.20,0.80,50,2,2,2307,0.966078,0.965,2307
training/09-jean.txt,150,0.20,0.20,0.80,50,2,3,2307,0.967847,0.965,2307
training/09-jean.txt,150,0.20,0.20,0.80,50,2,4,2307,0.968176,0.965,2307
training/09-jean.txt,150,0.20,0.20,0.80,100,2,0,2307,0.965981,0.965,2307
training/09-jean.txt,150,0.20,0.20,0.80,100,2,1,2307,0.966208,0.965,2307
training/09-jean.txt,150,0.20,0.20,0.80,100,2,2,2307,0.966003,0.965,2307
training/09-jean.txt,150,0.20,0.20,0.80,100,2,3,2307,0.966963,0.965,2307
training/09-jean.txt,150,0.20,0.20,0.80,100,2,4,2307,0.968165,0.965,2307
training/09-jean.txt,150,0.25,0.10,0.70,50,1,0,2307,0.965065,0.965,2307
training/09-jean.txt,150,0.25,0.10,0.70,50,1,1,2307,0.9676,0.965,2307
training/09-jean.txt,150,0.25,0.10,0.70,50,1,2,2307,0.965556,0.965,2307
training/09-jean.txt,150,0.25,0.10,0.70,50,1,3,2307,0.967676,0.965,2307
training/09-jean.txt,150,0.25,0.10,0.70,50,1,4,2307,0.969716,0.965,2307
training/09-jean.txt,150,0.25,0.10,0.70,100,1,0,2307,0.967243,0.965,2307
training/09-jean.txt,150,0.25,0.10,0.70,100,1,1,2307,0.966424,0.965,2307
training/09-jean.txt,150,0.25,0.10,0.70,100,1,2,2307,0.96629,0.965,2307
training/09-jean.txt,150,0.25,0.10,0.70,100,1,3,2307,0.966365,0.965,2307
training/09-jean.txt,150,0.25,0.10,0.70,100,1,4,2307,0.965917,0.965,2307
training/09-jean.txt,150,0.25,0.10,0.70,50,2,0,2307,0.966861,0.965,2307
training/09-jean.txt,150,0.25,0.10,0.70,50,2,1,2307,0.966047,0.965,2307
training/09-jean.txt,150,0.25,0.10,0.70,50,2,2,2307,0.966941,0.965,2307
training/09-jean.txt,150,0.25,0.10,0.70,50,2,3,2307,0.965595,0.965,2307
training/09-jean.txt,150,0.25,0.10,0.70,50,2,4,2307,0.967507,0.965,2307
training/09-jean.txt,150,0.25,0.10,0.70,100,2,0,2307,0.965109,0.965,2307
training/09-jean.txt,150,0.25,0.10,0.70,100,2,1,2307,0.966465,0.965,2307
training/09-jean.txt,150,0.25,0.10,0.70,100,2,2,2307,0.967332,0.965,2307
training/09-jean.txt,150,0.25,0.10,0.70,100,2,3,2307,0.966367,0.965,2307
training/09-jean.txt,150,0.25,0.10,0.70,100,2,4,2307,0.965108,0.965,2307
training/09-jean.txt,150,0.25,0.10,0.80,50,1,0,2307,0.967021,0.965,2307
training/09-jean.txt,150,0.25,0.10,0.80,50,1,1,2307,0.967631,0.965,2307
training/09-jean.txt,150,0.25,0.10,0.80,50,1,2,2307,0.967306,0.965,2307
training/09-jean.txt,150,0.25,0.10,0.80,50,1,3,2307,0.967644,0.965,2307
training/09-jean.txt,150,0.25,0.10,0.80,50,1,4,2307,0.966309,0.965,2307
training/09-jean.txt,150,0.25,0.10,0.80,100,1,0,2307,0.965384,0.965,2307
training/09-jean.txt,150,0.25,0.10,0.80,100,1,1,2307,0.966134,0.965,2307
training/09-jean.txt,150,0.25,0.10,0.80,100,1,2,2307,0.967702,0.965,2307
training/09-jean.txt,150,0.25,0.10,0.80,100,1,3,2307,0.965638,0.965,2307
training/09-jean.txt,150,0.25,0.10,0.80,100,1,4,2307,0.965603,0.965,2307
training/09-jean.txt,150,0.25,0.10,0.80,50,2,0,2307,0.965724,0.965,2307
training/09-jean.txt,150,0.25,0.10,0.80,50,2,1,2307,0.965379,0.965,2307
training/09-jean.txt,150,0.25,0.10,0.80,50,2,2,2307,0.965249,0.965,2307
training/09-jean.txt,150,0.25,0.10,0.80,50,2,3,2307,0.965422,0.965,2307
training/09-jean.txt,150,0.25,0.10,0.80,50,2,4,2307,0.966134,0.965,2307
training/09-jean.txt,150,0.25,0.10,0.80,100,2,0,2307,0.967822,0.965,2307
training/09-jean.txt,150,0.25,0.10,0.80,100,2,1,2307,0.967509,0.965,2307
training/09-jean.txt,150,0.25,0.10,0.80,100,2,2,2307,0.966378,0.965,2307
training/09-jean.txt,150,0.25,0.10,0.80,100,2,3,2307,0.965186,0.965,2307
training/09-jean.txt,150,0.25,0.10,0.80,100,2,4,2307,0.967302,0.965,2307
training/09-jean.txt,150,0.25,0.20,0.70,50,1,0,2307,0.96652,0.965,2307
training/09-jean.txt,150,0.25,0.20,0.70,50,1,1,2307,0.96922,0.965,2307
training/09-jean.txt,150,0.25,0.20,0.70,50,1,2,2307,0.968006,0.965,2307
training/09-jean.txt,150,0.25,0.20,0.70,50,1,3,2307,0.967895,0.965,2307
training/09-jean.txt,150,0.25,0.20,0.70,50,1,4,2307,0.965653,0.965,2307
training/09-jean.txt,150,0.25,0.20,0.70,100,1,0,2307,0.9676,0.965,2307
training/09-jean.txt,150,0.25,0.20,0.70,100,1,1,2307,0.965449,0.965,2307
training/09-jean.txt,150,0.25,0.20,0.70,100,1,2,2307,0.967417,0.965,2307
training/09-jean.txt,150,0.25,0.20,0.70,100,1,3,2307,0.9678,0.965,2307
training/09-jean.txt,150,0.25,0.20,0.70,100,1,4,2307,0.965158,0.965,2307
training/09-jean.txt,150,0.25,0.20,0.70,50,2,0,2307,0.965324,0.965,2307
training/09-jean.txt,150,0.25,0.20,0.70,50,2,1,2307,0.967145,0.965,2307
training/09-jean.txt,150,0.25,0.20,0.70,50,2,2,2307,0.965414,0.965,2307
training/09-jean.txt,150,0.25,0.20,0.70,50,2,3,2307,0.966586,0.965,2307
training/09-jean.txt,150,0.25,0.20,0.70,50,2,4,2307,0.967922,0.965,2307
training/09-jean.txt,150,0.25,0.20,0.70,100,2,0,2307,0.966324,0.965,2307
training/09-jean.txt,150,0.25,0.20,0.70,100,2,1,2307,0.967777,0.965,2307
training/09-jean.txt,150,0.25,0.20,0.70,100,2,2,2307,0.967757,0.965,2307
training/09-jean.txt,150,0.25,0.20,0.70,100,2,3,2307,0.967949,0.965,2307
training/09-jean.txt,150,0.25,0.20,0.70,100,2,4,2307,0.967238,0.965,2307
training/09-jean.txt,150,0.25,0.20,0.80,50,1,0,2307,0.966754,0.965,2307
training/09-jean.txt,150,0.25,0.20,0.80,50,1,1,2307,0.966403,0.965,2307
training/09-jean.txt,150,0.25,0.20,0.80,50,1,2,2307,0.966134,0.965,2307
training/09-jean.txt,150,0.25,0.20,0.80,50,1,3,2307,0.967816,0.965,2307
training/09-jean.txt,150,0.25,0.20,0.80,50,1,4,2307,0.96554,0.965,2307
training/09-jean.txt,150,0.25,0.20,0.80,100,1,0,2307,0.96705,0.965,2307
training/09-jean.txt,150,0.25,0.20,0.80,100,1,1,2307,0.965972,0.965,2307
training/09-jean.txt,150,0.25,0.20,0.80,100,1,2,2307,0.966459,0.965,2307
training/09-jean.txt,150,0.25,0.20,0.80,100,1,3,2307,0.966947,0.965,2307
training/09-jean.txt,150,0.25,0.20,0.80,100,1,4,2307,0.967501,0.965,2307
training/09-jean.txt,150,0.25,0.20,0.80,50,2,0,2307,0.965628,0.965,2307
training/09-jean.txt,150,0.25,0.20,0.80,50,2,1,2307,0.967303,0.965,2307
training/09-jean.txt,150,0.25,0.20,0.80,50,2,2,2307,0.966338,0.965,2307
training/09-jean.txt,150,0.25,0.20,0.80,50,2,3,2307,0.967461,0.965,2307
training/09-jean.txt,150,0.25,0.20,0.80,50,2,4,2307,0.966668,0.965,2307
training/09-jean.txt,150,0.25,0.20,0.80,100,2,0,2307,0.968116,0.965,2307
training/09-jean.txt,150,0.25,0.20,0.80,100,2,1,2307,0.967283,0.965,2307
training/09-jean.txt,150,0.25,0.20,0.80,100,2,2,2307,0.965948,0.965,2307
training/09-jean.txt,150,0.25,0.20,0.80,100,2,3,2307,0.967608,0.965,2307
training/09-jean.txt,150,0.25,0.20,0.80,100,2,4,2307,0.9674,0.965,2307
training/09-jean.txt,200,0.20,0.10,0.70,50,1,0,2307,0.968099,0.965,2307
training/09-jean.txt,200,0.20,0.10,0.70,50,1,1,2307,0.966224,0.965,2307
training/09-jean.txt,200,0.20,0.10,0.70,50,1,2,2307,0.96833,0.965,2307
training/09-jean.txt,200,0.20,0.10,0.70,50,1,3,2307,0.968874,0.965,2307
training/09-jean.txt,200,0.20,0.10,0.70,50,1,4,2307,0.967237,0.965,2307
training/09-jean.txt,200,0.20,0.10,0.70,100,1,0,2307,0.968547,0.965,2307
training/09-jean.txt,200,0.20,0.10,0.70,100,1,1,2307,0.967574,0.965,2307
training/09-jean.txt,200,0.20,0.10,0.70,100,1,2,2307,0.967138,0.965,2307
training/09-jean.txt,200,0.20,0.10,0.70,100,1,3,2307,0.966369,0.965,2307
training/09-jean.txt,200,0.20,0.10,0.70,100,1,4,2307,0.966721,0.965,2307
training/09-jean.txt,200,0.20,0.10,0.70,50,2,0,2307,0.968117,0.965,2307
training/09-jean.txt,200,0.20,0.10,0.70,50,2,1,2307,0.965762,0.965,2307
training/09-jean.txt,200,0.20,0.10,0.70,50,2,2,2307,0.967624,0.965,2307
training/09-jean.txt,200,0.20,0.10,0.70,50,2,3,2307,0.965479,0.965,2307
training/09-jean.txt,200,0.20,0.10,0.70,50,2,4,2307,0.96908,0.965,2307
training/09-jean.txt,200,0.20,0.10,0.70,100,2,0,2307,0.968446,0.965,2307
training/09-jean.txt,200,0.20,0.10,0.70,100,2,1,2307,0.965787,0.965,2307
training/09-jean.txt,200,0.20,0.10,0.70,100,2,2,2307,0.969232,0.965,2307
training/09-jean.txt,200,0.20,0.10,0.70,100,2,3,2307,0.968898,0.965,2307
training/09-jean.txt,200,0.20,0.10,0.70,100,2,4,2307,0.967309,0.965,2307
training/09-jean.txt,200,0.20,0.10,0.80,50,1,0,2307,0.969558,0.965,2307
training/09-jean.txt,200,0.20,0.10,0.80,50,1,1,2307,0.967361,0.965,2307
training/09-jean.txt,200,0.20,0.10,0.80,50,1,2,2307,0.967029,0.965,2307
training/09-jean.txt,200,0.20,0.10,0.80,50,1,3,2307,0.96742,0.965,2307
training/09-jean.txt,200,0.20,0.10,0.80,50,1,4,2307,0.968904,0.965,2307
training/09-jean.txt,200,0.20,0.10,0.80,100,1,0,2307,0.967449,0.965,2307
training/09-jean.txt,200,0.20,0.10,0.80,100,1,1,2307,0.967527,0.965,2307
training/09-jean.txt,200,0.20,0.10,0.80,100,1,2,2307,0.966883,0.965,2307
training/09-jean.txt,200,0.20,0.10,0.80,100,1,3,2307,0.965103,0.965,2307
training/09-jean.txt,200,0.20,0.10,0.80,100,1,4,2307,0.969217,0.965,2307
training/09-jean.txt,200,0.20,0.10,0.80,50,2,0,2307,0.966675,0.965,2307
training/09-jean.txt,200,0.20,0.10,0.80,50,2,1,2307,0.965491,0.965,2307
training/09-jean.txt,200,0.20,0.10,0.80,50,2,2,2307,0.969284,0.965,2307
training/09-jean.txt,200,0.20,0.10,0.80,50,2,3,2307,0.966279,0.965,2307
training/09-jean.txt,200,0.20,0.10,0.80,50,2,4,2307,0.968417,0.965,2307
training/09-jean.txt,200,0.20,0.10,0.80,100,2,0,2307,0.969055,0.965,2307
training/09-jean.txt,200,0.20,0.10,0.80,100,2,1,2307,0.967586,0.965,2307
training/09-jean.txt,200,0.20,0.10,0.80,100,2,2,2307,0.965059,0.965,2307
training/09-jean.txt,200,0.20,0.10,0.80,100,2,3,2307,0.968316,0.965,2307
training/09-jean.txt,200,0.20,0.10,0.80,100,2,4,2307,0.965423,0.965,2307
training/09-jean.txt,200,0.20,0.20,0.70,50,1,0,2307,0.968364,0.965,2307
training/09-jean.txt,200,0.20,0.20,0.70,50,1,1,2307,0.968993,0.965,2307
training/09-jean.txt,200,0.20,0.20,0.70,50,1,2,2307,0.967937,0.965,2307
training/09-jean.txt,200,0.20,0.20,0.70,50,1,3,2307,0.966022,0.965,2307
training/09-jean.txt,200,0.20,0.20,0.70,50,1,4,2307,0.966658,0.965,2307
training/09-jean.txt,200,0.20,0.20,0.70,100,1,0,2307,0.965162,0.965,2307
training/09-jean.txt,200,0.20,0.20,0.70,100,1,1,2307,0.965529,0.965,2307
training/09-jean.txt,200,0.20,0.20,0.70,100,1,2,2307,0.96514,0.965,2307
training/09-jean.txt,200,0.20,0.20,0.70,100,1,3,2307,0.965348,0.965,2307
training/09-jean.txt,200,0.20,0.20,0.70,100,1,4,2307,0.965176,0.965,2307
training/09-jean.txt,200,0.20,0.20,0.70,50,2,0,2307,0.969218,0.965,2307
training/09-jean.txt,200,0.20,0.20,0.70,50,2,1,2307,0.968657,0.965,2307
training/09-jean.txt,200,0.20,0.20,0.70,50,2,2,2307,0.968012,0.965,2307
training/09-jean.txt,200,0.20,0.20,0.70,50,2,3,2307,0.968953,0.965,2307
training/09-jean.txt,200,0.20,0.20,0.70,50,2,4,2307,0.968529,0.965,2307
training/09-jean.txt,200,0.20,0.20,0.70,100,2,0,2307,0.966866,0.965,2307
training/09-jean.txt,200,0.20,0.20,0.70,100,2,1,2307,0.966631,0.965,2307
training/09-jean.txt,200,0.20,0.20,0.70,100,2,2,2307,0.96745,0.965,2307
training/09-jean.txt,200,0.20,0.20,0.70,100,2,3,2307,0.967725,0.965,2307
training/09-jean.txt,200,0.20,0.20,0.70,100,2,4,2307,0.966877,0.965,2307
training/09-jean.txt,200,0.20,0.20,0.80,50,1,0,2307,0.966299,0.965,2307
training/09-jean.txt,200,0.20,0.20,0.80,50,1,1,2307,0.968804,0.965,2307
training/09-jean.txt,200,0.20,0.20,0.80,50,1,2,2307,0.965762,0.965,2307
training/09-jean.txt,200,0.20,0.20,0.80,50,1,3,2307,0.9654,0.965,2307
training/09-jean.txt,200,0.20,0.20,0.80,50,1,4,2307,0.967688,0.965,2307
training/09-jean.txt,200,0.20,0.20,0.80,100,1,0,2307,0.967404,0.965,2307
training/09-jean.txt,200,0.20,0.20,0.80,100,1,1,2307,0.966435,0.965,2307
training/09-jean.txt,200,0.20,0.20,0.80,100,1,2,2307,0.966867,0.965,2307
training/09-jean.txt,200,0.20,0.20,0.80,100,1,3,2307,0.96503,0.965,2307
training/09-jean.txt,200,0.20,0.20,0.80,100,1,4,2307,0.967937,0.965,2307
training/09-jean.txt,200,0.20,0.20,0.80,50,2,0,2307,0.969336,0.965,2307
training/09-jean.txt,200,0.20,0.20,0.80,50,2,1,2307,0.967212,0.965,2307
training/09-jean.txt,200,0.20,0.20,0.80,50,2,2,2307,0.967094,0.965,2307
training/09-jean.txt,200,0.20,0.20,0.80,50,2,3,2307,0.966444,0.965,2307
training/09-jean.txt,200,0.20,0.20,0.80,50,2,4,2307,0.966687,0.965,2307
training/09-jean.txt,200,0.20,0.20,0.80,100,2,0,2307,0.968018,0.965,2307
training/09-jean.txt,200,0.20,0.20,0.80,100,2,1,2307,0.965191,0.965,2307
training/09-jean.txt,200,0.20,0.20,0.80,100,2,2,2307,0.965444,0.965,2307
training/09-jean.txt,200,0.20,0.20,0.80,100,2,3,2307,0.968489,0.965,2307
training/09-jean.txt,200,0.20,0.20,0.80,100,2,4,2307,0.969004,0.965,2307
training/09-jean.txt,200,0.25,0.10,0.70,50,1,0,2307,0.965664,0.965,2307
training/09-jean.txt,200,0.25,0.10,0.70,50,1,1,2307,0.965445,0.965,2307
training/09-jean.txt,200,0.25,0.10,0.70,50,1,2,2307,0.96633,0.965,2307
training/09-jean.txt,200,0.25,0.10,0.70,50,1,3,2307,0.966506,0.965,2307
training/09-jean.txt,200,0.25,0.10,0.70,50,1,4,2307,0.968685,0.965,2307
training/09-jean.txt,200,0.25,0.10,0.70,100,1,0,2307,0.968974,0.965,2307
training/09-jean.txt,200,0.25,0.10,0.70,100,1,1,2307,0.96894,0.965,2307
training/09-jean.txt,200,0.25,0.10,0.70,100,1,2,2307,0.96793,0.965,2307
training/09-jean.txt,200,0.25,0.10,0.70,100,1,3,2307,0.965916,0.965,2307
training/09-jean.txt,200,0.25,0.10,0.70,100,1,4,2307,0.965147,0.965,2307
training/09-jean.txt,200,0.25,0.10,0.70,50,2,0,2307,0.966671,0.965,2307
training/09-jean.txt,200,0.25,0.10,0.70,50,2,1,2307,0.967984,0.965,2307
training/09-jean.txt,200,0.25,0.10,0.70,50,2,2,2307,0.969025,0.965,2307
training/09-jean.txt,200,0.25,0.10,0.70,50,2,3,2307,0.966664,0.965,2307
training/09-jean.txt,200,0.25,0.10,0.70,50,2,4,2307,0.965552,0.965,2307
training/09-jean.txt,200,0.25,0.10,0.70,100,2,0,2307,0.967205,0.965,2307
training/09-jean.txt,200,0.25,0.10,0.70,100,2,1,2307,0.965873,0.965,2307
training/09-jean.txt,200,0.25,0.10,0.70,100,2,2,2307,0.969022,0.965,2307
training/09-jean.txt,200,0.25,0.10,0.70,100,2,3,2307,0.965544,0.965,2307
training/09-jean.txt,200,0.25,0.10,0.70,100,2,4,2307,0.966501,0.965,2307
training/09-jean.txt,200,0.25,0.10,0.80,50,1,0,2307,0.968383,0.965,2307
training/09-jean.txt,200,0.25,0.10,0.80,50,1,1,2307,0.965528,0.965,2307
training/09-jean.txt,200,0.25,0.10,0.80,50,1,2,2307,0.966716,0.965,2307
training/09-jean.txt,200,0.25,0.10,0.80,50,1,3,2307,0.968931,0.965,2307
training/09-jean.txt,200,0.25,0.10,0.80,50,1,4,2307,0.968663,0.965,2307
training/09-jean.txt,200,0.25,0.10,0.80,100,1,0,2307,0.965623,0.965,2307
training/09-jean.txt,200,0.25,0.10,0.80,100,1,1,2307,0.9689,0.965,2307
training/09-jean.txt,200,0.25,0.10,0.80,100,1,2,2307,0.965524,0.965,2307
training/09-jean.txt,200,0.25,0.10,0.80,100,1,3,2307,0.965283,0.965,2307
training/09-jean.txt,200,0.25,0.10,0.80,100,1,4,2307,0.965721,0.965,2307
training/09-jean.txt,200,0.25,0.10,0.80,50,2,0,2307,0.966188,0.965,2307
training/09-jean.txt,200,0.25,0.10,0.80,50,2,1,2307,0.967507,0.965,2307
training/09-jean.txt,200,0.25,0.10,0.80,50,2,2,2307,0.967299,0.965,2307
training/09-jean.txt,200,0.25,0.10,0.80,50,2,3,2307,0.965568,0.965,2307
training/09-jean.txt,200,0.25,0.10,0.80,50,2,4,2307,0.968762,0.965,2307
training/09-jean.txt,200,0.25,0.10,0.80,100,2,0,2307,0.968794,0.965,2307
training/09-jean.txt,200,0.25,0.10,0.80,100,2,1,2307,0.968963,0.965,2307
training/09-jean.txt,200,0.25,0.10,0.80,100,2,2,2307,0.966639,0.965,2307
training/09-jean.txt,200,0.25,0.10,0.80,100,2,3,2307,0.965397,0.965,2307
training/09-jean.txt,200,0.25,0.10,0.80,100,2,4,2307,0.966341,0.965,2307
training/09-jean.txt,200,0.25,0.20,0.70,50,1,0,2307,0.966312,0.965,2307
training/09-jean.txt,200,0.25,0.20,0.70,50,1,1,2307,0.966972,0.965,2307
training/09-jean.txt,200,0.25,0.20,0.70,50,1,2,2307,0.96614,0.965,2307
training/09-jean.txt,200,0.25,0.20,0.70,50,1,3,2307,0.967801,0.965,2307
training/09-jean.txt,200,0.25,0.20,0.70,50,1,4,2307,0.965094,0.965,2307
training/09-jean.txt,200,0.25,0.20,0.70,100,1,0,2307,0.968169,0.965,2307
training/09-jean.txt,200,0.25,0.20,0.70,100,1,1,2307,0.968005,0.965,2307
training/09-jean.txt,200,0.25,0.20,0.70,100,1,2,2307,0.966788,0.965,2307
training/09-jean.txt,200,0.25,0.20,0.70,100,1,3,2307,0.965762,0.965,2307
training/09-jean.txt,200,0.25,0.20,0.70,100,1,4,2307,0.966351,0.965,2307
training/09-jean.txt,200,0.25,0.20,0.70,50,2,0,2307,0.967323,0.965,2307
training/09-jean.txt,200,0.25,0.20,0.70,50,2,1,2307,0.967767,0.965,2307
training/09-jean.txt,200,0.25,0.20,0.70,50,2,2,2307,0.967018,0.965,2307
training/09-jean.txt,200,0.25,0.20,0.70,50,2,3,2307,0.966717,0.965,2307
training/09-jean.txt,200,0.25,0.20,0.70,50,2,4,2307,0.965285,0.965,2307
training/09-jean.txt,200,0.25,0.20,0.70,100,2,0,2307,0.965541,0.965,2307
training/09-jean.txt,200,0.25,0.20,0.70,100,2,1,2307,0.966854,0.965,2307
training/09-jean.txt,200,0.25,0.20,0.70,100,2,2,2307,0.966595,0.965,2307
training/09-jean.txt,200,0.25,0.20,0.70,100,2,3,2307,0.965989,0.965,2307
training/09-jean.txt,200,0.25,0.20,0.70,100,2,4,2307,0.965527,0.965,2307
training/09-jean.txt,200,0.25,0.20,0.80,50,1,0,2307,0.965346,0.965,2307
training/09-jean.txt,200,0.25,0.20,0.80,50,1,1,2307,0.967846,0.965,2307
training/09-jean.txt,200,0.25,0.20,0.80,50,1,2,2307,0.967535,0.965,2307
training/09-jean.txt,200,0.25,0.20,0.80,50,1,3,2307,0.966573,0.965,2307
training/09-jean.txt,200,0.25,0.20,0.80,50,1,4,2307,0.965754,0.965,2307
training/09-jean.txt,200,0.25,0.20,0.80,100,1,0,2307,0.965211,0.965,2307
training/09-jean.txt,200,0.25,0.20,0.80,100,1,1,2307,0.966278,0.965,2307
training/09-jean.txt,200,0.25,0.20,0.80,100,1,2,2307,0.96547,0.965,2307
training/09-jean.txt,200,0.25,0.20,0.80,100,1,3,2307,0.968919,0.965,2307
training/09-jean.txt,200,0.25,0.20,0.80,100,1,4,2307,0.965293,0.965,2307
training/09-jean.txt,200,0.25,0.20,0.80,50,2,0,2307,0.968572,0.965,2307
training/09-jean.txt,200,0.25,0.20,0.80,50,2,1,2307,0.968024,0.965,2307
training/09-jean.txt,200,0.25,0.20,0.80,50,2,2,2307,0.967364,0.965,2307
training/09-jean.txt,200,0.25,0.20,0.80,50,2,3,2307,0.968258,0.965,2307
training/09-jean.txt,200,0.25,0.20,0.80,50,2,4,2307,0.968186,0.965,2307
training/09-jean.txt,200,0.25,0.20,0.80,100,2,0,2307,0.968054,0.965,2307
training/09-jean.txt,200,0.25,0.20,0.80,100,2,1,2307,0.965191,0.965,2307
training/09-jean.txt,200,0.25,0.20,0.80,100,2,2,2307,0.967599,0.965,2307
training/09-jean.txt,200,0.25,0.20,0.80,100,2,3,2307,0.968499,0.965,2307
training/09-jean.txt,200,0.25,0.20,0.80,100,2,4,2307,0.9665,0.965,2307
training/10-david.txt,100,0.20,0.10,0.70,50,1,0,2819,1.28759,1.286,2819
training/10-david.txt,100,0.20,0.10,0.70,50,1,1,2819,1.28794,1.286,2819
training/10-david.txt,100,0.20,0.10,0.70,50,1,2,2819,1.28693,1.286,2819
training/10-david.txt,100,0.20,0.10,0.70,50,1,3,2819,1.287,1.286,2819
training/10-david.txt,100,0.20,0.10,0.70,50,1,4,2819,1.28868,1.286,2819
training/10-david.txt,100,0.20,0.10,0.70,100,1,0,2819,1.2884,1.286,2819
training/10-david.txt,100,0.20,0.10,0.70,100,1,1,2827,1.28658,1.286,2819
training/10-david.txt,100,0.20,0.10,0.70,100,1,2,2819,1.28733,1.286,2819
training/10-david.txt,100,0.20,0.10,0.70,100,1,3,2819,1.28633,1.286,2819
training/10-david.txt,100,0.20,0.10,0.70,100,1,4,2827,1.28655,1.286,2819
training/10-david.txt,100,0.20,0.10,0.70,50,2,0,2819,1.28841,1.286,2819
training/10-david.txt,100,0.20,0.10,0.70,50,2,1,2819,1.28606,1.286,2819
training/10-david.txt,100,0.20,0.10,0.70,50,2,2,2819,1.28685,1.286,2819
training/10-david.txt,100,0.20,0.10,0.70,50,2,3,2827,1.28723,1.286,2819
training/10-david.txt,100,0.20,0.10,0.70,50,2,4,2819,1.28865,1.286,2819
training/10-david.txt,100,0.20,0.10,0.70,100,2,0,2819,1.2865,1.286,2819
training/10-david.txt,100,0.20,0.10,0.70,100,2,1,2819,1.28782,1.286,2819
training/10-david.txt,100,0.20,0.10,0.70,100,2,2,2819,1.28831,1.286,2819
training/10-david.txt,100,0.20,0.10,0.70,100,2,3,2819,1.28646,1.286,2819
training/10-david.txt,100,0.20,0.10,0.70,100,2,4,2819,1.28743,1.286,2819
training/10-david.txt,100,0.20,0.10,0.80,50,1,0,2819,1.28804,1.286,2819
training/10-david.txt,100,0.20,0.10,0.80,50,1,1,2827,1.28808,1.286,2819
training/10-david.txt,100,0.20,0.10,0.80,50,1,2,2819,1.28828,1.286,2819
training/10-david.txt,100,0.20,0.10,0.80,50,1,3,2819,1.28783,1.286,2819
training/10-david.txt,100,0.20,0.10,0.80,50,1,4,2833,1.28796,1.286,2819
training/10-david.txt,100,0.20,0.10,0.80,100,1,0,2819,1.2862,1.286,2819
training/10-david.txt,100,0.20,0.10,0.80,100,1,1,2834,1.28888,1.286,2819
training/10-david.txt,100,0.20,0.10,0.80,100,1,2,2819,1.28859,1.286,2819
training/10-david.txt,100,0.20,0.10,0.80,100,1,3,2833,1.28632,1.286,2819
training/10-david.txt,100,0.20,0.10,0.80,100,1,4,2819,1.28797,1.286,2819
training/10-david.txt,100,0.20,0.10,0.80,50,2,0,2819,1.28732,1.286,2819
training/10-david.txt,100,0.20,0.10,0.80,50,2,1,2819,1.28859,1.286,2819
training/10-david.txt,100,0.20,0.10,0.80,50,2,2,2819,1.28726,1.286,2819
training/10-david.txt,100,0.20,0.10,0.80,50,2,3,2819,1.2883,1.286,2819
training/10-david.txt,100,0.20,0.10,0.80,50,2,4,2819,1.28894,1.286,2819
training/10-david.txt,100,0.20,0.10,0.80,100,2,0,2819,1.28623,1.286,2819
training/10-david.txt,100,0.20,0.10,0.80,100,2,1,2819,1.28753,1.286,2819
training/10-david.txt,100,0.20,0.10,0.80,100,2,2,2819,1.28614,1.286,2819
training/10-david.txt,100,0.20,0.10,0.80,100,2,3,2819,1.28854,1.286,2819
training/10-david.txt,100,0.20,0.10,0.80,100,2,4,2819,1.28869,1.286,2819
training/10-david.txt,100,0.20,0.20,0.70,50,1,0,2819,1.28864,1.286,2819
training/10-david.txt,100,0.20,0.20,0.70,50,1,1,2819,1.28865,1.286,2819
training/10-david.txt,100,0.20,0.20,0.70,50,1,2,2819,1.28892,1.286,2819
training/10-david.txt,100,0.20,0.20,0.70,50,1,3,2819,1.28747,1.286,2819
training/10-david.txt,100,0.20,0.20,0.70,50,1,4,2819,1.28782,1.286,2819
training/10-david.txt,100,0.20,0.20,0.70,100,1,0,2819,1.28841,1.286,2819
training/10-david.txt,100,0.20,0.20,0.70,100,1,1,2819,1.2863,1.286,2819
training/10-david.txt,100,0.20,0.20,0.70,100,1,2,2819,1.28883,1.286,2819
training/10-david.txt,100,0.20,0.20,0.70,100,1,3,2819,1.28652,1.286,2819
training/10-david.txt,100,0.20,0.20,0.70,100,1,4,2819,1.28846,1.286,2819
training/10-david.txt,100,0.20,0.20,0.70,50,2,0,2819,1.28842,1.286,2819
training/10-david.txt,100,0.20,0.20,0.70,50,2,1,2819,1.28764,1.286,2819
training/10-david.txt,100,0.20,0.20,0.70,50,2,2,2819,1.28643,1.286,2819
training/10-david.txt,100,0.20,0.20,0.70,50,2,3,2819,1.28821,1.286,2819
training/10-david.txt,100,0.20,0.20,0.70,50,2,4,2819,1.28848,1.286,2819
training/10-david.txt,100,0.20,0.20,0.70,100,2,0,2819,1.28819,1.286,2819
training/10-david.txt,100,0.20,0.20,0.70,100,2,1,2819,1.28711,1.286,2819
training/10-david.txt,100,0.20,0.20,0.70,100,2,2,2819,1.28823,1.286,2819
training/10-david.txt,100,0.20,0.20,0.70,100,2,3,2819,1.28679,1.286,2819
training/10-david.txt,100,0.20,0.20,0.70,100,2,4,2819,1.28726,1.286,2819
training/10-david.txt,100,0.20,0.20,0.80,50,1,0,2833,1.28804,1.286,2819
training/10-david.txt,100,0.20,0.20,0.80,50,1,1,2819,1.28638,1.286,2819
training/10-david.txt,100,0.20,0.20,0.80,50,1,2,2819,1.28618,1.286,2819
training/10-david.txt,100,0.20,0.20,0.80,50,1,3,2819,1.28761,1.286,2819
training/10-david.txt,100,0.20,0.20,0.80,50,1,4,2819,1.28672,1.286,2819
training/10-david.txt,100,0.20,0.20,0.80,100,1,0,2819,1.28695,1.286,2819
training/10-david.txt,100,0.20,0.20,0.80,100,1,1,2819,1.28715,1.286,2819
training/10-david.txt,100,0.20,0.20,0.80,100,1,2,2819,1.28918,1.286,2819
training/10-david.txt,100,0.20,0.20,0.80,100,1,3,2819,1.28845,1.286,2819
training/10-david.txt,100,0.20,0.20,0.80,100,1,4,2819,1.28645,1.286,2819
training/10-david.txt,100,0.20,0.20,0.80,50,2,0,2819,1.28875,1.286,2819
training/10-david.txt,100,0.20,0.20,0.80,50,2,1,2819,1.28786,1.286,2819
training/10-david.txt,100,0.20,0.20,0.80,50,2,2,2819,1.28858,1.286,2819
training/10-david.txt,100,0.20,0.20,0.80,50,2,3,2819,1.2876,1.286,2819
training/10-david.txt,100,0.20,0.20,0.80,50,2,4,2819,1.28761,1.286,2819
training/10-david.txt,100,0.20,0.20,0.80,100,2,0,2819,1.2871,1.286,2819
training/10-david.txt,100,0.20,0.20,0.80,100,2,1,2819,1.28767,1.286,2819
training/10-david.txt,100,0.20,0.20,0.80,100,2,2,2827,1.28738,1.286,2819
training/10-david.txt,100,0.20,0.20,0.80,100,2,3,2819,1.28794,1.286,2819
training/10-david.txt,100,0.20,0.20,0.80,100,2,4,2819,1.289,1.286,2819
training/10-david.txt,100,0.25,0.10,0.70,50,1,0,2819,1.28726,1.286,2819
training/10-david.txt,100,0.25,0.10,0.70,50,1,1,2819,1.28633,1.286,2819
training/10-david.txt,100,0.25,0.10,0.70,50,1,2,2819,1.28654,1.286,2819
training/10-david.txt,100,0.25,0.10,0.70,50,1,3,2819,1.28841,1.286,2819
training/10-david.txt,100,0.25,0.10,0.70,50,1,4,2819,1.28683,1.286,2819
training/10-david.txt,100,0.25,0.10,0.70,100,1,0,2819,1.28647,1.286,2819
training/10-david.txt,100,0.25,0.10,0.70,100,1,1,2819,1.28828,1.286,2819
training/10-david.txt,100,0.25,0.10,0.70,100,1,2,2819,1.2883,1.286,2819
training/10-david.txt,100,0.25,0.10,0.70,100,1,3,2819,1.28858,1.286,2819
training/10-david.txt,100,0.25,0.10,0.70,100,1,4,2819,1.28714,1.286,2819
training/10-david.txt,100,0.25,0.10,0.70,50,2,0,2819,1.28878,1.286,2819
training/10-david.txt,100,0.25,0.10,0.70,50,2,1,2819,1.287,1.286,2819
training/10-david.txt,100,0.25,0.10,0.70,50,2,2,2819,1.28736,1.286,2819
training/10-david.txt,100,0.25,0.10,0.70,50,2,3,2819,1.28632,1.286,2819
training/10-david.txt,100,0.25,0.10,0.70,50,2,4,2819,1.28863,1.286,2819
training/10-david.txt,100,0.25,0.10,0.70,100,2,0,2819,1.28861,1.286,2819
training/10-david.txt,100,0.25,0.10,0.70,100,2,1,2819,1.28638,1.286,2819
training/10-david.txt,100,0.25,0.10,0.70,100,2,2,2819,1.28894,1.286,2819
training/10-david.txt,100,0.25,0.10,0.70,100,2,3,2819,1.28879,1.286,2819
training/10-david.txt,100,0.25,0.10,0.70,100,2,4,2819,1.28857,1.286,2819
training/10-david.txt,100,0.25,0.10,0.80,50,1,0,2827,1.28658,1.286,2819
training/10-david.txt,100,0.25,0.10,0.80,50,1,1,2819,1.28837,1.286,2819
training/10-david.txt,100,0.25,0.10,0.80,50,1,2,2819,1.28666,1.286,2819
training/10-david.txt,100,0.25,0.10,0.80,50,1,3,2827,1.28895,1.286,2819
training/10-david.txt,100,0.25,0.10,0.80,50,1,4,2819,1.28747,1.286,2819
training/10-david.txt,100,0.25,0.10,0.80,100,1,0,2819,1.28776,1.286,2819
training/10-david.txt,100,0.25,0.10,0.80,100,1,1,2833,1.28849,1.286,2819
training/10-david.txt,100,0.25,0.10,0.80,100,1,2,2819,1.28722,1.286,2819
training/10-david.txt,100,0.25,0.10,0.80,100,1,3,2819,1.28878,1.286,2819
training/10-david.txt,100,0.25,0.10,0.80,100,1,4,2819,1.28843,1.286,2819
training/10-david.txt,100,0.25,0.10,0.80,50,2,0,2819,1.28624,1.286,2819
training/10-david.txt,100,0.25,0.10,0.80,50,2,1,2819,1.28631,1.286,2819
training/10-david.txt,100,0.25,0.10,0.80,50,2,2,2819,1.28655,1.286,2819
training/10-david.txt,100,0.25,0.10,0.80,50,2,3,2819,1.28713,1.286,2819
training/10-david.txt,100,0.25,0.10,0.80,50,2,4,2819,1.28869,1.286,2819
training/10-david.txt,100,0.25,0.10,0.80,100,2,0,2819,1.28881,1.286,2819
training/10-david.txt,100,0.25,0.10,0.80,100,2,1,2819,1.28765,1.286,2819
training/10-david.txt,100,0.25,0.10,0.80,100,2,2,2819,1.28641,1.286,2819
training/10-david.txt,100,0.25,0.10,0.80,100,2,3,2819,1.28814,1.286,2819
training/10-david.txt,100,0.25,0.10,0.80,100,2,4,2819,1.2882,1.286,2819
training/10-david.txt,100,0.25,0.20,0.70,50,1,0,2819,1.28729,1.286,2819
training/10-david.txt,100,0.25,0.20,0.70,50,1,1,2819,1.28809,1.286,2819
training/10-david.txt,100,0.25,0.20,0.70,50,1,2,2819,1.28613,1.286,2819
training/10-david.txt,100,0.25,0.20,0.70,50,1,3,2819,1.28872,1.286,2819
training/10-david.txt,100,0.25,0.20,0.70,50,1,4,2819,1.28877,1.286,2819
training/10-david.txt,100,0.25,0.20,0.70,100,1,0,2819,1.28731,1.286,2819
training/10-david.txt,100,0.25,0.20,0.70,100,1,1,2819,1.28705,1.286,2819
training/10-david.txt,100,0.25,0.20,0.70,100,1,2,2819,1.28724,1.286,2819
training/10-david.txt,100,0.25,0.20,0.70,100,1,3,2819,1.28735,1.286,2819
training/10-david.txt,100,0.25,0.20,0.70,100,1,4,2819,1.28857,1.286,2819
training/10-david.txt,100,0.25,0.20,0.70,50,2,0,2819,1.28679,1.286,2819
training/10-david.txt,100,0.25,0.20,0.70,50,2,1,2819,1.28823,1.286,2819
training/10-david.txt,100,0.25,0.20,0.70,50,2,2,2819,1.28752,1.286,2819
training/10-david.txt,100,0.25,0.20,0.70,50,2,3,2819,1.28861,1.286,2819
training/10-david.txt,100,0.25,0.20,0.70,50,2,4,2819,1.28758,1.286,2819
training/10-david.txt,100,0.25,0.20,0.70,100,2,0,2819,1.28771,1.286,2819
training/10-david.txt,100,0.25,0.20,0.70,100,2,1,2819,1.2869,1.286,2819
training/10-david.txt,100,0.25,0.20,0.70,100,2,2,2819,1.28618,1.286,2819
training/10-david.txt,100,0.25,0.20,0.70,100,2,3,2819,1.28709,1.286,2819
training/10-david.txt,100,0.25,0.20,0.70,100,2,4,2819,1.28792,1.286,2819
training/10-david.txt,100,0.25,0.20,0.80,50,1,0,2819,1.28773,1.286,2819
training/10-david.txt,100,0.25,0.20,0.80,50,1,1,2819,1.28675,1.286,2819
training/10-david.txt,100,0.25,0.20,0.80,50,1,2,2819,1.28646,1.286,2819
training/10-david.txt,100,0.25,0.20,0.80,50,1,3,2819,1.2862,1.286,2819
training/10-david.txt,100,0.25,0.20,0.80,50,1,4,2819,1.28639,1.286,2819
training/10-david.txt,100,0.25,0.20,0.80,100,1,0,2819,1.28829,1.286,2819
training/10-david.txt,100,0.25,0.20,0.80,100,1,1,2819,1.28736,1.286,2819
training/10-david.txt,100,0.25,0.20,0.80,100,1,2,2819,1.28703,1.286,2819
training/10-david.txt,100,0.25,0.20,0.80,100,1,3,2819,1.2876,1.286,2819
training/10-david.txt,100,0.25,0.20,0.80,100,1,4,2819,1.28916,1.286,2819
training/10-david.txt,100,0.25,0.20,0.80,50,2,0,2819,1.28763,1.286,2819
training/10-david.txt,100,0.25,0.20,0.80,50,2,1,2819,1.28747,1.286,2819
training/10-david.txt,100,0.25,0.20,0.80,50,2,2,2819,1.28772,1.286,2819
training/10-david.txt,100,0.25,0.20,0.80,50,2,3,2819,1.28818,1.286,2819
training/10-david.txt,100,0.25,0.20,0.80,50,2,4,2819,1.28834,1.286,2819
training/10-david.txt,100,0.25,0.20,0.80,100,2,0,2832,1.28654,1.286,2819
training/10-david.txt,100,0.25,0.20,0.80,100,2,1,2819,1.28883,1.286,2819
training/10-david.txt,100,0.25,0.20,0.80,100,2,2,2819,1.28725,1.286,2819
training/10-david.txt,100,0.25,0.20,0.80,100,2,3,2819,1.28622,1.286,2819
training/10-david.txt,100,0.25,0.20,0.80,100,2,4,2819,1.28617,1.286,2819
training/10-david.txt,150,0.20,0.10,0.70,50,1,0,2819,1.28966,1.286,2819
training/10-david.txt,150,0.20,0.10,0.70,50,1,1,2819,1.28948,1.286,2819
training/10-david.txt,150,0.20,0.10,0.70,50,1,2,2819,1.29021,1.286,2819
training/10-david.txt,150,0.20,0.10,0.70,50,1,3,2819,1.28897,1.286,2819
training/10-david.txt,150,0.20,0.10,0.70,50,1,4,2819,1.29036,1.286,2819
training/10-david.txt,150,0.20,0.10,0.70,100,1,0,2819,1.28884,1.286,2819
training/10-david.txt,150,0.20,0.10,0.70,100,1,1,2819,1.2895,1.286,2819
training/10-david.txt,150,0.20,0.10,0.70,100,1,2,2819,1.28846,1.286,2819
training/10-david.txt,150,0.20,0.10,0.70,100,1,3,2819,1.289,1.286,2819
training/10-david.txt,150,0.20,0.10,0.70,100,1,4,2819,1.28787,1.286,2819
training/10-david.txt,150,0.20,0.10,0.70,50,2,0,2819,1.28882,1.286,2819
training/10-david.txt,150,0.20,0.10,0.70,50,2,1,2819,1.28628,1.286,2819
training/10-david.txt,150,0.20,0.10,0.70,50,2,2,2819,1.28636,1.286,2819
training/10-david.txt,150,0.20,0.10,0.70,50,2,3,2819,1.28929,1.286,2819
training/10-david.txt,150,0.20,0.10,0.70,50,2,4,2819,1.29053,1.286,2819
training/10-david.txt,150,0.20,0.10,0.70,100,2,0,2819,1.28832,1.286,2819
training/10-david.txt,150,0.20,0.10,0.70,100,2,1,2819,1.28657,1.286,2819
training/10-david.txt,150,0.20,0.10,0.70,100,2,2,2819,1.28747,1.286,2819
training/10-david.txt,150,0.20,0.10,0.70,100,2,3,2819,1.29032,1.286,2819
training/10-david.txt,150,0.20,0.10,0.70,100,2,4,2819,1.28622,1.286,2819
training/10-david.txt,150,0.20,0.10,0.80,50,1,0,2819,1.28967,1.286,2819
training/10-david.txt,150,0.20,0.10,0.80,50,1,1,2819,1.28614,1.286,2819
training/10-david.txt,150,0.20,0.10,0.80,50,1,2,2819,1.28849,1.286,2819
training/10-david.txt,150,0.20,0.10,0.80,50,1,3,2819,1.28866,1.286,2819
training/10-david.txt,150,0.20,0.10,0.80,50,1,4,2819,1.28825,1.286,2819
training/10-david.txt,150,0.20,0.10,0.80,100,1,0,2819,1.2879,1.286,2819
training/10-david.txt,150,0.20,0.10,0.80,100,1,1,2819,1.28625,1.286,2819
training/10-david.txt,150,0.20,0.10,0.80,100,1,2,2833,1.29057,1.286,2819
training/10-david.txt,150,0.20,0.10,0.80,100,1,3,2819,1.2872,1.286,2819
training/10-david.txt,150,0.20,0.10,0.80,100,1,4,2819,1.28953,1.286,2819
training/10-david.txt,150,0.20,0.10,0.80,50,2,0,2819,1.29059,1.286,2819
training/10-david.txt,150,0.20,0.10,0.80,50,2,1,2819,1.28622,1.286,2819
training/10-david.txt,150,0.20,0.10,0.80,50,2,2,2819,1.28825,1.286,2819
training/10-david.txt,150,0.20,0.10,0.80,50,2,3,2819,1.28657,1.286,2819
training/10-david.txt,150,0.20,0.10,0.80,50,2,4,2819,1.28888,1.286,2819
training/10-david.txt,150,0.20,0.10,0.80,100,2,0,2819,1.28947,1.286,2819
training/10-david.txt,150,0.20,0.10,0.80,100,2,1,2819,1.29031,1.286,2819
training/10-david.txt,150,0.20,0.10,0.80,100,2,2,2833,1.28868,1.286,2819
training/10-david.txt,150,0.20,0.10,0.80,100,2,3,2819,1.28983,1.286,2819
training/10-david.txt,150,0.20,0.10,0.80,100,2,4,2819,1.29022,1.286,2819
training/10-david.txt,150,0.20,0.20,0.70,50,1,0,2819,1.29089,1.286,2819
training/10-david.txt,150,0.20,0.20,0.70,50,1,1,2819,1.28948,1.286,2819
training/10-david.txt,150,0.20,0.20,0.70,50,1,2,2819,1.29054,1.286,2819
training/10-david.txt,150,0.20,0.20,0.70,50,1,3,2819,1.29006,1.286,2819
training/10-david.txt,150,0.20,0.20,0.70,50,1,4,2819,1.28991,1.286,2819
training/10-david.txt,150,0.20,0.20,0.70,100,1,0,2819,1.28636,1.286,2819
training/10-david.txt,150,0.20,0.20,0.70,100,1,1,2819,1.29039,1.286,2819
training/10-david.txt,150,0.20,0.20,0.70,100,1,2,2819,1.28779,1.286,2819
training/10-david.txt,150,0.20,0.20,0.70,100,1,3,2819,1.29012,1.286,2819
training/10-david.txt,150,0.20,0.20,0.70,100,1,4,2819,1.28889,1.286,2819
training/10-david.txt,150,0.20,0.20,0.70,50,2,0,2819,1.2897,1.286,2819
training/10-david.txt,150,0.20,0.20,0.70,50,2,1,2819,1.28822,1.286,2819
training/10-david.txt,150,0.20,0.20,0.70,50,2,2,2819,1.28972,1.286,2819
training/10-david.txt,150,0.20,0.20,0.70,50,2,3,2819,1.29077,1.286,2819
training/10-david.txt,150,0.20,0.20,0.70,50,2,4,2819,1.28827,1.286,2819
training/10-david.txt,150,0.20,0.20,0.70,100,2,0,2819,1.28955,1.286,2819
training/10-david.txt,150,0.20,0.20,0.70,100,2,1,2819,1.28884,1.286,2819
training/10-david.txt,150,0.20,0.20,0.70,100,2,2,2819,1.28907,1.286,2819
training/10-david.txt,150,0.20,0.20,0.70,100,2,3,2819,1.29011,1.286,2819
training/10-david.txt,150,0.20,0.20,0.70,100,2,4,2819,1.289,1.286,2819
training/10-david.txt,150,0.20,0.20,0.80,50,1,0,2819,1.28945,1.286,2819
training/10-david.txt,150,0.20,0.20,0.80,50,1,1,2819,1.28719,1.286,2819
training/10-david.txt,150,0.20,0.20,0.80,50,1,2,2819,1.28747,1.286,2819
training/10-david.txt,150,0.20,0.20,0.80,50,1,3,2819,1.28812,1.286,2819
training/10-david.txt,150,0.20,0.20,0.80,50,1,4,2819,1.28999,1.286,2819
training/10-david.txt,150,0.20,0.20,0.80,100,1,0,2819,1.28845,1.286,2819
training/10-david.txt,150,0.20,0.20,0.80,100,1,1,2819,1.28958,1.286,2819
training/10-david.txt,150,0.20,0.20,0.80,100,1,2,2819,1.28921,1.286,2819
training/10-david.txt,150,0.20,0.20,0.80,100,1,3,2827,1.28939,1.286,2819
training/10-david.txt,150,0.20,0.20,0.80,100,1,4,2819,1.28653,1.286,2819
training/10-david.txt,150,0.20,0.20,0.80,50,2,0,2819,1.28766,1.286,2819
training/10-david.txt,150,0.20,0.20,0.80,50,2,1,2819,1.29061,1.286,2819
training/10-david.txt,150,0.20,0.20,0.80,50,2,2,2819,1.28624,1.286,2819
training/10-david.txt,150,0.20,0.20,0.80,50,2,3,2819,1.28926,1.286,2819
training/10-david.txt,150,0.20,0.20,0.80,50,2,4,2819,1.28924,1.286,2819
training/10-david.txt,150,0.20,0.20,0.80,100,2,0,2819,1.2905,1.286,2819
training/10-david.txt,150,0.20,0.20,0.80,100,2,1,2819,1.28632,1.286,2819
training/10-david.txt,150,0.20,0.20,0.80,100,2,2,2819,1.28835,1.286,2819
training/10-david.txt,150,0.20,0.20,0.80,100,2,3,2819,1.29114,1.286,2819
training/10-david.txt,150,0.20,0.20,0.80,100,2,4,2827,1.29023,1.286,2819
training/10-david.txt,150,0.25,0.10,0.70,50,1,0,2819,1.28666,1.286,2819
training/10-david.txt,150,0.25,0.10,0.70,50,1,1,2819,1.28882,1.286,2819
training/10-david.txt,150,0.25,0.10,0.70,50,1,2,2819,1.28996,1.286,2819
training/10-david.txt,150,0.25,0.10,0.70,50,1,3,2819,1.28892,1.286,2819
training/10-david.txt,150,0.25,0.10,0.70,50,1,4,2819,1.2888,1.286,2819
training/10-david.txt,150,0.25,0.10,0.70,100,1,0,2819,1.28845,1.286,2819
training/10-david.txt,150,0.25,0.10,0.70,100,1,1,2819,1.28689,1.286,2819
training/10-david.txt,150,0.25,0.10,0.70,100,1,2,2819,1.28856,1.286,2819
training/10-david.txt,150,0.25,0.10,0.70,100,1,3,2819,1.28866,1.286,2819
training/10-david.txt,150,0.25,0.10,0.70,100,1,4,2819,1.28833,1.286,2819
training/10-david.txt,150,0.25,0.10,0.70,50,2,0,2819,1.28825,1.286,2819
training/10-david.txt,150,0.25,0.10,0.70,50,2,1,2819,1.28667,1.286,2819
training/10-david.txt,150,0.25,0.10,0.70,50,2,2,2819,1.28729,1.286,2819
training/10-david.txt,150,0.25,0.10,0.70,50,2,3,2819,1.28629,1.286,2819
training/10-david.txt,150,0.25,0.10,0.70,50,2,4,2819,1.28642,1.286,2819
training/10-david.txt,150,0.25,0.10,0.70,100,2,0,2819,1.28997,1.286,2819
training/10-david.txt,150,0.25,0.10,0.70,100,2,1,2819,1.28762,1.286,2819
training/10-david.txt,150,0.25,0.10,0.70,100,2,2,2819,1.28829,1.286,2819
training/10-david.txt,150,0.25,0.10,0.70,100,2,3,2819,1.29017,1.286,2819
training/10-david.txt,150,0.25,0.10,0.70,100,2,4,2819,1.28891,1.286,2819
training/10-david.txt,150,0.25,0.10,0.80,50,1,0,2819,1.28825,1.286,2819
training/10-david.txt,150,0.25,0.10,0.80,50,1,1,2819,1.28703,1.286,2819
training/10-david.txt,150,0.25,0.10,0.80,50,1,2,2819,1.28857,1.286,2819
training/10-david.txt,150,0.25,0.10,0.80,50,1,3,2819,1.28716,1.286,2819
training/10-david.txt,150,0.25,0.10,0.80,50,1,4,2819,1.28664,1.286,2819
training/10-david.txt,150,0.25,0.10,0.80,100,1,0,2819,1.28751,1.286,2819
training/10-david.txt,150,0.25,0.10,0.80,100,1,1,2819,1.28981,1.286,2819
training/10-david.txt,150,0.25,0.10,0.80,100,1,2,2819,1.28657,1.286,2819
training/10-david.txt,150,0.25,0.10,0.80,100,1,3,2819,1.29075,1.286,2819
training/10-david.txt,150,0.25,0.10,0.80,100,1,4,2819,1.28824,1.286,2819
training/10-david.txt,150,0.25,0.10,0.80,50,2,0,2819,1.28777,1.286,2819
training/10-david.txt,150,0.25,0.10,0.80,50,2,1,2819,1.28782,1.286,2819
training/10-david.txt,150,0.25,0.10,0.80,50,2,2,2819,1.2874,1.286,2819
training/10-david.txt,150,0.25,0.10,0.80,50,2,3,2819,1.28816,1.286,2819
training/10-david.txt,150,0.25,0.10,0.80,50,2,4,2819,1.28705,1.286,2819
training/10-david.txt,150,0.25,0.10,0.80,100,2,0,2819,1.2891,1.286,2819
training/10-david.txt,150,0.25,0.10,0.80,100,2,1,2819,1.28777,1.286,2819
training/10-david.txt,150,0.25,0.10,0.80,100,2,2,2819,1.28849,1.286,2819
training/10-david.txt,150,0.25,0.10,0.80,100,2,3,2819,1.28951,1.286,2819
training/10-david.txt,150,0.25,0.10,0.80,100,2,4,2819,1.28805,1.286,2819
training/10-david.txt,150,0.25,0.20,0.70,50,1,0,2819,1.28772,1.286,2819
training/10-david.txt,150,0.25,0.20,0.70,50,1,1,2819,1.28744,1.286,2819
training/10-david.txt,150,0.25,0.20,0.70,50,1,2,2819,1.28861,1.286,2819
training/10-david.txt,150,0.25,0.20,0.70,50,1,3,2819,1.28651,1.286,2819
training/10-david.txt,150,0.25,0.20,0.70,50,1,4,2819,1.28674,1.286,2819
training/10-david.txt,150,0.25,0.20,0.70,100,1,0,2819,1.29035,1.286,2819
training/10-david.txt,150,0.25,0.20,0.70,100,1,1,2819,1.28606,1.286,2819
training/10-david.txt,150,0.25,0.20,0.70,100,1,2,2819,1.28697,1.286,2819
training/10-david.txt,150,0.25,0.20,0.70,100,1,3,2819,1.28909,1.286,2819
training/10-david.txt,150,0.25,0.20,0.70,100,1,4,2819,1.28654,1.286,2819
training/10-david.txt,150,0.25,0.20,0.70,50,2,0,2819,1.28961,1.286,2819
training/10-david.txt,150,0.25,0.20,0.70,50,2,1,2819,1.28808,1.286,2819
training/10-david.txt,150,0.25,0.20,0.70,50,2,2,2819,1.28819,1.286,2819
training/10-david.txt,150,0.25,0.20,0.70,50,2,3,2819,1.2891,1.286,2819
training/10-david.txt,150,0.25,0.20,0.70,50,2,4,2819,1.28629,1.286,2819
training/10-david.txt,150,0.25,0.20,0.70,100,2,0,2819,1.28997,1.286,2819
training/10-david.txt,150,0.25,0.20,0.70,100,2,1,2819,1.28651,1.286,2819
training/10-david.txt,150,0.25,0.20,0.70,100,2,2,2819,1.28635,1.286,2819
training/10-david.txt,150,0.25,0.20,0.70,100,2,3,2819,1.2866,1.286,2819
training/10-david.txt,150,0.25,0.20,0.70,100,2,4,2819,1.28935,1.286,2819
training/10-david.txt,150,0.25,0.20,0.80,50,1,0,2819,1.29018,1.286,2819
training/10-david.txt,150,0.25,0.20,0.80,50,1,1,2819,1.29065,1.286,2819
training/10-david.txt,150,0.25,0.20,0.80,50,1,2,2819,1.28905,1.286,2819
training/10-david.txt,150,0.25,0.20,0.80,50,1,3,2819,1.28917,1.286,2819
training/10-david.txt,150,0.25,0.20,0.80,50,1,4,2819,1.28886,1.286,2819
training/10-david.txt,150,0.25,0.20,0.80,100,1,0,2819,1.28919,1.286,2819
training/10-david.txt,150,0.25,0.20,0.80,100,1,1,2819,1.28765,1.286,2819
training/10-david.txt,150,0.25,0.20,0.80,100,1,2,2819,1.28789,1.286,2819
training/10-david.txt,150,0.25,0.20,0.80,100,1,3,2819,1.289,1.286,2819
training/10-david.txt,150,0.25,0.20,0.80,100,1,4,2819,1.28916,1.286,2819
training/10-david.txt,150,0.25,0.20,0.80,50,2,0,2819,1.29054,1.286,2819
training/10-david.txt,150,0.25,0.20,0.80,50,2,1,2819,1.28963,1.286,2819
training/10-david.txt,150,0.25,0.20,0.80,50,2,2,2819,1.28822,1.286,2819
training/10-david.txt,150,0.25,0.20,0.80,50,2,3,2819,1.28746,1.286,2819
training/10-david.txt,150,0.25,0.20,0.80,50,2,4,2819,1.28845,1.286,2819
training/10-david.txt,150,0.25,0.20,0.80,100,2,0,2819,1.28669,1.286,2819
training/10-david.txt,150,0.25,0.20,0.80,100,2,1,2819,1.28866,1.286,2819
training/10-david.txt,150,0.25,0.20,0.80,100,2,2,2819,1.28733,1.286,2819
training/10-david.txt,150,0.25,0.20,0.80,100,2,3,2819,1.28666,1.286,2819
training/10-david.txt,150,0.25,0.20,0.80,100,2,4,2819,1.28754,1.286,2819
training/10-david.txt,200,0.20,0.10,0.70,50,1,0,2819,1.29224,1.286,2819
training/10-david.txt,200,0.20,0.10,0.70,50,1,1,2819,1.29156,1.286,2819
training/10-david.txt,200,0.20,0.10,0.70,50,1,2,2819,1.29501,1.286,2819
training/10-david.txt,200,0.20,0.10,0.70,50,1,3,2819,1.29363,1.286,2819
training/10-david.txt,200,0.20,0.10,0.70,50,1,4,2819,1.29032,1.286,2819
training/10-david.txt,200,0.20,0.10,0.70,100,1,0,2819,1.28681,1.286,2819
training/10-david.txt,200,0.20,0.10,0.70,100,1,1,2819,1.28746,1.286,2819
training/10-david.txt,200,0.20,0.10,0.70,100,1,2,2819,1.28963,1.286,2819
training/10-david.txt,200,0.20,0.10,0.70,100,1,3,2819,1.28632,1.286,2819
training/10-david.txt,200,0.20,0.10,0.70,100,1,4,2819,1.28975,1.286,2819
training/10-david.txt,200,0.20,0.10,0.70,50,2,0,2819,1.28809,1.286,2819
training/10-david.txt,200,0.20,0.10,0.70,50,2,1,2819,1.29238,1.286,2819
training/10-david.txt,200,0.20,0.10,0.70,50,2,2,2819,1.29275,1.286,2819
training/10-david.txt,200,0.20,0.10,0.70,50,2,3,2819,1.29099,1.286,2819
training/10-david.txt,200,0.20,0.10,0.70,50,2,4,2819,1.29799,1.286,2819
training/10-david.txt,200,0.20,0.10,0.70,100,2,0,2819,1.28908,1.286,2819
training/10-david.txt,200,0.20,0.10,0.70,100,2,1,2819,1.28608,1.286,2819
training/10-david.txt,200,0.20,0.10,0.70,100,2,2,2819,1.28612,1.286,2819
training/10-david.txt,200,0.20,0.10,0.70,100,2,3,2819,1.28633,1.286,2819
training/10-david.txt,200,0.20,0.10,0.70,100,2,4,2819,1.28796,1.286,2819
training/10-david.txt,200,0.20,0.10,0.80,50,1,0,2819,1.28796,1.286,2819
training/10-david.txt,200,0.20,0.10,0.80,50,1,1,2819,1.28969,1.286,2819
training/10-david.txt,200,0.20,0.10,0.80,50,1,2,2819,1.28807,1.286,2819
training/10-david.txt,200,0.20,0.10,0.80,50,1,3,2819,1.28885,1.286,2819
training/10-david.txt,200,0.20,0.10,0.80,50,1,4,2819,1.29174,1.286,2819
training/10-david.txt,200,0.20,0.10,0.80,100,1,0,2819,1.28975,1.286,2819
training/10-david.txt,200,0.20,0.10,0.80,100,1,1,2819,1.28702,1.286,2819
training/10-david.txt,200,0.20,0.10,0.80,100,1,2,2819,1.28635,1.286,2819
training/10-david.txt,200,0.20,0.10,0.80,100,1,3,2819,1.28672,1.286,2819
training/10-david.txt,200,0.20,0.10,0.80,100,1,4,2833,1.29125,1.286,2819
training/10-david.txt,200,0.20,0.10,0.80,50,2,0,2819,1.28905,1.286,2819
training/10-david.txt,200,0.20,0.10,0.80,50,2,1,2819,1.29101,1.286,2819
training/10-david.txt,200,0.20,0.10,0.80,50,2,2,2819,1.29378,1.286,2819
training/10-david.txt,200,0.20,0.10,0.80,50,2,3,2819,1.29088,1.286,2819
training/10-david.txt,200,0.20,0.10,0.80,50,2,4,2819,1.28635,1.286,2819
training/10-david.txt,200,0.20,0.10,0.80,100,2,0,2819,1.2914,1.286,2819
training/10-david.txt,200,0.20,0.10,0.80,100,2,1,2834,1.28806,1.286,2819
training/10-david.txt,200,0.20,0.10,0.80,100,2,2,2819,1.28605,1.286,2819
training/10-david.txt,200,0.20,0.10,0.80,100,2,3,2819,1.28735,1.286,2819
training/10-david.txt,200,0.20,0.10,0.80,100,2,4,2833,1.28657,1.286,2819
training/10-david.txt,200,0.20,0.20,0.70,50,1,0,2819,1.28788,1.286,2819
training/10-david.txt,200,0.20,0.20,0.70,50,1,1,2819,1.2874,1.286,2819
training/10-david.txt,200,0.20,0.20,0.70,50,1,2,2819,1.29472,1.286,2819
training/10-david.txt,200,0.20,0.20,0.70,50,1,3,2819,1.28756,1.286,2819
training/10-david.txt,200,0.20,0.20,0.70,50,1,4,2819,1.29179,1.286,2819
training/10-david.txt,200,0.20,0.20,0.70,100,1,0,2819,1.28775,1.286,2819
training/10-david.txt,200,0.20,0.20,0.70,100,1,1,2819,1.29021,1.286,2819
training/10-david.txt,200,0.20,0.20,0.70,100,1,2,2819,1.2982,1.286,2819
training/10-david.txt,200,0.20,0.20,0.70,100,1,3,2819,1.28744,1.286,2819
training/10-david.txt,200,0.20,0.20,0.70,100,1,4,2819,1.28947,1.286,2819
training/10-david.txt,200,0.20,0.20,0.70,50,2,0,2819,1.28909,1.286,2819
training/10-david.txt,200,0.20,0.20,0.70,50,2,1,2819,1.29781,1.286,2819
training/10-david.txt,200,0.20,0.20,0.70,50,2,2,2819,1.2973,1.286,2819
training/10-david.txt,200,0.20,0.20,0.70,50,2,3,2819,1.28809,1.286,2819
training/10-david.txt,200,0.20,0.20,0.70,50,2,4,2819,1.28741,1.286,2819
training/10-david.txt,200,0.20,0.20,0.70,100,2,0,2819,1.28847,1.286,2819
training/10-david.txt,200,0.20,0.20,0.70,100,2,1,2819,1.2891,1.286,2819
training/10-david.txt,200,0.20,0.20,0.70,100,2,2,2819,1.29741,1.286,2819
training/10-david.txt,200,0.20,0.20,0.70,100,2,3,2819,1.28989,1.286,2819
training/10-david.txt,200,0.20,0.20,0.70,100,2,4,2819,1.28806,1.286,2819
training/10-david.txt,200,0.20,0.20,0.80,50,1,0,2819,1.29163,1.286,2819
training/10-david.txt,200,0.20,0.20,0.80,50,1,1,2819,1.2896,1.286,2819
training/10-david.txt,200,0.20,0.20,0.80,50,1,2,2819,1.28805,1.286,2819
training/10-david.txt,200,0.20,0.20,0.80,50,1,3,2819,1.28847,1.286,2819
training/10-david.txt,200,0.20,0.20,0.80,50,1,4,2819,1.28742,1.286,2819
training/10-david.txt,200,0.20,0.20,0.80,100,1,0,2819,1.28836,1.286,2819
training/10-david.txt,200,0.20,0.20,0.80,100,1,1,2819,1.29205,1.286,2819
training/10-david.txt,200,0.20,0.20,0.80,100,1,2,2819,1.28997,1.286,2819
training/10-david.txt,200,0.20,0.20,0.80,100,1,3,2819,1.28723,1.286,2819
training/10-david.txt,200,0.20,0.20,0.80,100,1,4,2819,1.29518,1.286,2819
training/10-david.txt,200,0.20,0.20,0.80,50,2,0,2819,1.29852,1.286,2819
training/10-david.txt,200,0.20,0.20,0.80,50,2,1,2819,1.29506,1.286,2819
training/10-david.txt,200,0.20,0.20,0.80,50,2,2,2819,1.2878,1.286,2819
training/10-david.txt,200,0.20,0.20,0.80,50,2,3,2819,1.28682,1.286,2819
training/10-david.txt,200,0.20,0.20,0.80,50,2,4,2819,1.29213,1.286,2819
training/10-david.txt,200,0.20,0.20,0.80,100,2,0,2819,1.2862,1.286,2819
training/10-david.txt,200,0.20,0.20,0.80,100,2,1,2819,1.29212,1.286,2819
training/10-david.txt,200,0.20,0.20,0.80,100,2,2,2819,1.28686,1.286,2819
training/10-david.txt,200,0.20,0.20,0.80,100,2,3,2819,1.28633,1.286,2819
training/10-david.txt,200,0.20,0.20,0.80,100,2,4,2819,1.28948,1.286,2819
training/10-david.txt,200,0.25,0.10,0.70,50,1,0,2819,1.28823,1.286,2819
training/10-david.txt,200,0.25,0.10,0.70,50,1,1,2819,1.28946,1.286,2819
training/10-david.txt,200,0.25,0.10,0.70,50,1,2,2819,1.28606,1.286,2819
training/10-david.txt,200,0.25,0.10,0.70,50,1,3,2819,1.29142,1.286,2819
training/10-david.txt,200,0.25,0.10,0.70,50,1,4,2819,1.28757,1.286,2819
training/10-david.txt,200,0.25,0.10,0.70,100,1,0,2819,1.29126,1.286,2819
training/10-david.txt,200,0.25,0.10,0.70,100,1,1,2819,1.29199,1.286,2819
training/10-david.txt,200,0.25,0.10,0.70,100,1,2,2819,1.28631,1.286,2819
training/10-david.txt,200,0.25,0.10,0.70,100,1,3,2819,1.29094,1.286,2819
training/10-david.txt,200,0.25,0.10,0.70,100,1,4,2819,1.28719,1.286,2819
training/10-david.txt,200,0.25,0.10,0.70,50,2,0,2819,1.28658,1.286,2819
training/10-david.txt,200,0.25,0.10,0.70,50,2,1,2819,1.28837,1.286,2819
training/10-david.txt,200,0.25,0.10,0.70,50,2,2,2819,1.28904,1.286,2819
training/10-david.txt,200,0.25,0.10,0.70,50,2,3,2819,1.29164,1.286,2819
training/10-david.txt,200,0.25,0.10,0.70,50,2,4,2819,1.29046,1.286,2819
training/10-david.txt,200,0.25,0.10,0.70,100,2,0,2819,1.28738,1.286,2819
training/10-david.txt,200,0.25,0.10,0.70,100,2,1,2819,1.29061,1.286,2819
training/10-david.txt,200,0.25,0.10,0.70,100,2,2,2819,1.2898,1.286,2819
training/10-david.txt,200,0.25,0.10,0.70,100,2,3,2819,1.29022,1.286,2819
training/10-david.txt,200,0.25,0.10,0.70,100,2,4,2819,1.29148,1.286,2819
training/10-david.txt,200,0.25,0.10,0.80,50,1,0,2819,1.28863,1.286,2819
training/10-david.txt,200,0.25,0.10,0.80,50,1,1,2819,1.29101,1.286,2819
training/10-david.txt,200,0.25,0.10,0.80,50,1,2,2819,1.29104,1.286,2819
training/10-david.txt,200,0.25,0.10,0.80,50,1,3,2819,1.29047,1.286,2819
training/10-david.txt,200,0.25,0.10,0.80,50,1,4,2819,1.28796,1.286,2819
training/10-david.txt,200,0.25,0.10,0.80,100,1,0,2819,1.28863,1.286,2819
training/10-david.txt,200,0.25,0.10,0.80,100,1,1,2833,1.28847,1.286,2819
training/10-david.txt,200,0.25,0.10,0.80,100,1,2,2819,1.28604,1.286,2819
training/10-david.txt,200,0.25,0.10,0.80,100,1,3,2819,1.28623,1.286,2819
training/10-david.txt,200,0.25,0.10,0.80,100,1,4,2819,1.29183,1.286,2819
training/10-david.txt,200,0.25,0.10,0.80,50,2,0,2819,1.2887,1.286,2819
training/10-david.txt,200,0.25,0.10,0.80,50,2,1,2819,1.28886,1.286,2819
training/10-david.txt,200,0.25,0.10,0.80,50,2,2,2819,1.28814,1.286,2819
training/10-david.txt,200,0.25,0.10,0.80,50,2,3,2819,1.29044,1.286,2819
training/10-david.txt,200,0.25,0.10,0.80,50,2,4,2819,1.2883,1.286,2819
training/10-david.txt,200,0.25,0.10,0.80,100,2,0,2819,1.28978,1.286,2819
training/10-david.txt,200,0.25,0.10,0.80,100,2,1,2819,1.28638,1.286,2819
training/10-david.txt,200,0.25,0.10,0.80,100,2,2,2819,1.28631,1.286,2819
training/10-david.txt,200,0.25,0.10,0.80,100,2,3,2819,1.29091,1.286,2819
training/10-david.txt,200,0.25,0.10,0.80,100,2,4,2819,1.28987,1.286,2819
training/10-david.txt,200,0.25,0.20,0.70,50,1,0,2819,1.28679,1.286,2819
training/10-david.txt,200,0.25,0.20,0.70,50,1,1,2819,1.29653,1.286,2819
training/10-david.txt,200,0.25,0.20,0.70,50,1,2,2819,1.29003,1.286,2819
training/10-david.txt,200,0.25,0.20,0.70,50,1,3,2819,1.28962,1.286,2819
training/10-david.txt,200,0.25,0.20,0.70,50,1,4,2819,1.28872,1.286,2819
training/10-david.txt,200,0.25,0.20,0.70,100,1,0,2819,1.28877,1.286,2819
training/10-david.txt,200,0.25,0.20,0.70,100,1,1,2819,1.28649,1.286,2819
training/10-david.txt,200,0.25,0.20,0.70,100,1,2,2819,1.28973,1.286,2819
training/10-david.txt,200,0.25,0.20,0.70,100,1,3,2819,1.2886,1.286,2819
training/10-david.txt,200,0.25,0.20,0.70,100,1,4,2819,1.2917,1.286,2819
training/10-david.txt,200,0.25,0.20,0.70,50,2,0,2819,1.28887,1.286,2819
training/10-david.txt,200,0.25,0.20,0.70,50,2,1,2819,1.29116,1.286,2819
training/10-david.txt,200,0.25,0.20,0.70,50,2,2,2819,1.29208,1.286,2819
training/10-david.txt,200,0.25,0.20,0.70,50,2,3,2819,1.28896,1.286,2819
training/10-david.txt,200,0.25,0.20,0.70,50,2,4,2819,1.29172,1.286,2819
training/10-david.txt,200,0.25,0.20,0.70,100,2,0,2819,1.29058,1.286,2819
training/10-david.txt,200,0.25,0.20,0.70,100,2,1,2819,1.28891,1.286,2819
training/10-david.txt,200,0.25,0.20,0.70,100,2,2,2819,1.28824,1.286,2819
training/10-david.txt,200,0.25,0.20,0.70,100,2,3,2819,1.28927,1.286,2819
training/10-david.txt,200,0.25,0.20,0.70,100,2,4,2819,1.28669,1.286,2819
training/10-david.txt,200,0.25,0.20,0.80,50,1,0,2819,1.28707,1.286,2819
training/10-david.txt,200,0.25,0.20,0.80,50,1,1,2819,1.28953,1.286,2819
training/10-david.txt,200,0.25,0.20,0.80,50,1,2,2819,1.29192,1.286,2819
training/10-david.txt,200,0.25,0.20,0.80,50,1,3,2833,1.2906,1.286,2819
training/10-david.txt,200,0.25,0.20,0.80,50,1,4,2819,1.28838,1.286,2819
training/10-david.txt,200,0.25,0.20,0.80,100,1,0,2819,1.28938,1.286,2819
training/10-david.txt,200,0.25,0.20,0.80,100,1,1,2819,1.2873,1.286,2819
training/10-david.txt,200,0.25,0.20,0.80,100,1,2,2819,1.28612,1.286,2819
training/10-david.txt,200,0.25,0.20,0.80,100,1,3,2819,1.28891,1.286,2819
training/10-david.txt,200,0.25,0.20,0.80,100,1,4,2819,1.28834,1.286,2819
training/10-david.txt,200,0.25,0.20,0.80,50,2,0,2819,1.28745,1.286,2819
training/10-david.txt,200,0.25,0.20,0.80,50,2,1,2819,1.29621,1.286,2819
training/10-david.txt,200,0.25,0.20,0.80,50,2,2,2819,1.28629,1.286,2819
training/10-david.txt,200,0.25,0.20,0.80,50,2,3,2819,1.28874,1.286,2819
training/10-david.txt,200,0.25,0.20,0.80,50,2,4,2819,1.29139,1.286,2819
training/10-david.txt,200,0.25,0.20,0.80,100,2,0,2819,1.29182,1.286,2819
training/10-david.txt,200,0.25,0.20,0.80,100,2,1,2819,1.29135,1.286,2819
training/10-david.txt,200,0.25,0.20,0.80,100,2,2,2819,1.28663,1.286,2819
training/10-david.txt,200,0.25,0.20,0.80,100,2,3,2819,1.29175,1.286,2819
training/10-david.txt,200,0.25,0.20,0.80,100,2,4,2819,1.28607,1.286,2819
training/11-myciel6.txt,100,0.20,0.10,0.70,50,1,0,1657,2.03477,2.033,1657
training/11-myciel6.txt,100,0.20,0.10,0.70,50,1,1,1657,2.0377,2.033,1657
training/11-myciel6.txt,100,0.20,0.10,0.70,50,1,2,1657,2.03616,2.033,1657
training/11-myciel6.txt,100,0.20,0.10,0.70,50,1,3,1657,2.03694,2.033,1657
training/11-myciel6.txt,100,0.20,0.10,0.70,50,1,4,1657,2.03802,2.033,1657
training/11-myciel6.txt,100,0.20,0.10,0.70,100,1,0,1657,2.03532,2.033,1657
training/11-myciel6.txt,100,0.20,0.10,0.70,100,1,1,1657,2.03583,2.033,1657
training/11-myciel6.txt,100,0.20,0.10,0.70,100,1,2,1657,2.03475,2.033,1657
training/11-myciel6.txt,100,0.20,0.10,0.70,100,1,3,1657,2.03398,2.033,1657
training/11-myciel6.txt,100,0.20,0.10,0.70,100,1,4,1657,2.03443,2.033,1657
training/11-myciel6.txt,100,0.20,0.10,0.70,50,2,0,1657,2.03595,2.033,1657
training/11-myciel6.txt,100,0.20,0.10,0.70,50,2,1,1657,2.03391,2.033,1657
training/11-myciel6.txt,100,0.20,0.10,0.70,50,2,2,1657,2.03545,2.033,1657
training/11-myciel6.txt,100,0.20,0.10,0.70,50,2,3,1657,2.03721,2.033,1657
training/11-myciel6.txt,100,0.20,0.10,0.70,50,2,4,1657,2.03464,2.033,1657
training/11-myciel6.txt,100,0.20,0.10,0.70,100,2,0,1657,2.03989,2.033,1657
training/11-myciel6.txt,100,0.20,0.10,0.70,100,2,1,1657,2.03408,2.033,1657
training/11-myciel6.txt,100,0.20,0.10,0.70,100,2,2,1657,2.0381,2.033,1657
training/11-myciel6.txt,100,0.20,0.10,0.70,100,2,3,1657,2.03553,2.033,1657
training/11-myciel6.txt,100,0.20,0.10,0.70,100,2,4,1657,2.03645,2.033,1657
training/11-myciel6.txt,100,0.20,0.10,0.80,50,1,0,1657,2.03333,2.033,1657
training/11-myciel6.txt,100,0.20,0.10,0.80,50,1,1,1657,2.03486,2.033,1657
training/11-myciel6.txt,100,0.20,0.10,0.80,50,1,2,1657,2.03386,2.033,1657
training/11-myciel6.txt,100,0.20,0.10,0.80,50,1,3,1657,2.03653,2.033,1657
training/11-myciel6.txt,100,0.20,0.10,0.80,50,1,4,1657,2.03562,2.033,1657
training/11-myciel6.txt,100,0.20,0.10,0.80,100,1,0,1657,2.03481,2.033,1657
training/11-myciel6.txt,100,0.20,0.10,0.80,100,1,1,1657,2.03468,2.033,1657
training/11-myciel6.txt,100,0.20,0.10,0.80,100,1,2,1657,2.04036,2.033,1657
training/11-myciel6.txt,100,0.20,0.10,0.80,100,1,3,1657,2.03524,2.033,1657
training/11-myciel6.txt,100,0.20,0.10,0.80,100,1,4,1657,2.03688,2.033,1657
training/11-myciel6.txt,100,0.20,0.10,0.80,50,2,0,1657,2.03379,2.033,1657
training/11-myciel6.txt,100,0.20,0.10,0.80,50,2,1,1657,2.04463,2.033,1657
training/11-myciel6.txt,100,0.20,0.10,0.80,50,2,2,1657,2.03578,2.033,1657
training/11-myciel6.txt,100,0.20,0.10,0.80,50,2,3,1657,2.03632,2.033,1657
training/11-myciel6.txt,100,0.20,0.10,0.80,50,2,4,1657,2.0374,2.033,1657
training/11-myciel6.txt,100,0.20,0.10,0.80,100,2,0,1657,2.03617,2.033,1657
training/11-myciel6.txt,100,0.20,0.10,0.80,100,2,1,1657,2.03471,2.033,1657
training/11-myciel6.txt,100,0.20,0.10,0.80,100,2,2,1657,2.03603,2.033,1657
training/11-myciel6.txt,100,0.20,0.10,0.80,100,2,3,1657,2.03483,2.033,1657
training/11-myciel6.txt,100,0.20,0.10,0.80,100,2,4,1657,2.03516,2.033,1657
training/11-myciel6.txt,100,0.20,0.20,0.70,50,1,0,1657,2.03697,2.033,1657
training/11-myciel6.txt,100,0.20,0.20,0.70,50,1,1,1657,2.03739,2.033,1657
training/11-myciel6.txt,100,0.20,0.20,0.70,50,1,2,1657,2.03607,2.033,1657
training/11-myciel6.txt,100,0.20,0.20,0.70,50,1,3,1657,2.03405,2.033,1657
training/11-myciel6.txt,100,0.20,0.20,0.70,50,1,4,1657,2.0349,2.033,1657
training/11-myciel6.txt,100,0.20,0.20,0.70,100,1,0,1657,2.0343,2.033,1657
training/11-myciel6.txt,100,0.20,0.20,0.70,100,1,1,1657,2.03455,2.033,1657
training/11-myciel6.txt,100,0.20,0.20,0.70,100,1,2,1657,2.03316,2.033,1657
training/11-myciel6.txt,100,0.20,0.20,0.70,100,1,3,1657,2.03662,2.033,1657
training/11-myciel6.txt,100,0.20,0.20,0.70,100,1,4,1657,2.03483,2.033,1657
training/11-myciel6.txt,100,0.20,0.20,0.70,50,2,0,1657,2.03662,2.033,1657
training/11-myciel6.txt,100,0.20,0.20,0.70,50,2,1,1657,2.03638,2.033,1657
training/11-myciel6.txt,100,0.20,0.20,0.70,50,2,2,1657,2.03805,2.033,1657
training/11-myciel6.txt,100,0.20,0.20,0.70,50,2,3,1657,2.03447,2.033,1657
training/11-myciel6.txt,100,0.20,0.20,0.70,50,2,4,1657,2.03796,2.033,1657
training/11-myciel6.txt,100,0.20,0.20,0.70,100,2,0,1657,2.03396,2.033,1657
training/11-myciel6.txt,100,0.20,0.20,0.70,100,2,1,1657,2.03705,2.033,1657
training/11-myciel6.txt,100,0.20,0.20,0.70,100,2,2,1657,2.03603,2.033,1657
training/11-myciel6.txt,100,0.20,0.20,0.70,100,2,3,1657,2.03388,2.033,1657
training/11-myciel6.txt,100,0.20,0.20,0.70,100,2,4,1657,2.03392,2.033,1657
training/11-myciel6.txt,100,0.20,0.20,0.80,50,1,0,1657,2.03385,2.033,1657
training/11-myciel6.txt,100,0.20,0.20,0.80,50,1,1,1657,2.03685,2.033,1657
training/11-myciel6.txt,100,0.20,0.20,0.80,50,1,2,1657,2.03457,2.033,1657
training/11-myciel6.txt,100,0.20,0.20,0.80,50,1,3,1657,2.03677,2.033,1657
training/11-myciel6.txt,100,0.20,0.20,0.80,50,1,4,1657,2.03575,2.033,1657
training/11-myciel6.txt,100,0.20,0.20,0.80,100,1,0,1657,2.0374,2.033,1657
training/11-myciel6.txt,100,0.20,0.20,0.80,100,1,1,1657,2.0334,2.033,1657
training/11-myciel6.txt,100,0.20,0.20,0.80,100,1,2,1657,2.03582,2.033,1657
training/11-myciel6.txt,100,0.20,0.20,0.80,100,1,3,1657,2.03322,2.033,1657
training/11-myciel6.txt,100,0.20,0.20,0.80,100,1,4,1657,2.03787,2.033,1657
training/11-myciel6.txt,100,0.20,0.20,0.80,50,2,0,1657,2.0359,2.033,1657
training/11-myciel6.txt,100,0.20,0.20,0.80,50,2,1,1657,2.03439,2.033,1657
training/11-myciel6.txt,100,0.20,0.20,0.80,50,2,2,1657,2.03593,2.033,1657
training/11-myciel6.txt,100,0.20,0.20,0.80,50,2,3,1657,2.03727,2.033,1657
training/11-myciel6.txt,100,0.20,0.20,0.80,50,2,4,1657,2.03549,2.033,1657
training/11-myciel6.txt,100,0.20,0.20,0.80,100,2,0,1657,2.0332,2.033,1657
training/11-myciel6.txt,100,0.20,0.20,0.80,100,2,1,1657,2.03416,2.033,1657
training/11-myciel6.txt,100,0.20,0.20,0.80,100,2,2,1657,2.03539,2.033,1657
training/11-myciel6.txt,100,0.20,0.20,0.80,100,2,3,1657,2.03384,2.033,1657
training/11-myciel6.txt,100,0.20,0.20,0.80,100,2,4,1657,2.03639,2.033,1657
training/11-myciel6.txt,100,0.25,0.10,0.70,50,1,0,1657,2.0373,2.033,1657
training/11-myciel6.txt,100,0.25,0.10,0.70,50,1,1,1657,2.03446,2.033,1657
training/11-myciel6.txt,100,0.25,0.10,0.70,50,1,2,1657,2.03532,2.033,1657
training/11-myciel6.txt,100,0.25,0.10,0.70,50,1,3,1657,2.03681,2.033,1657
training/11-myciel6.txt,100,0.25,0.10,0.70,50,1,4,1657,2.0351,2.033,1657
training/11-myciel6.txt,100,0.25,0.10,0.70,100,1,0,1657,2.0353,2.033,1657
training/11-myciel6.txt,100,0.25,0.10,0.70,100,1,1,1657,2.03473,2.033,1657
training/11-myciel6.txt,100,0.25,0.10,0.70,100,1,2,1657,2.03397,2.033,1657
training/11-myciel6.txt,100,0.25,0.10,0.70,100,1,3,1657,2.03596,2.033,1657
training/11-myciel6.txt,100,0.25,0.10,0.70,100,1,4,1657,2.03623,2.033,1657
training/11-myciel6.txt,100,0.25,0.10,0.70,50,2,0,1657,2.03696,2.033,1657
training/11-myciel6.txt,100,0.25,0.10,0.70,50,2,1,1657,2.03961,2.033,1657
training/11-myciel6.txt,100,0.25,0.10,0.70,50,2,2,1657,2.03732,2.033,1657
training/11-myciel6.txt,100,0.25,0.10,0.70,50,2,3,1657,2.03438,2.033,1657
training/11-myciel6.txt,100,0.25,0.10,0.70,50,2,4,1657,2.03389,2.033,1657
training/11-myciel6.txt,100,0.25,0.10,0.70,100,2,0,1657,2.03503,2.033,1657
training/11-myciel6.txt,100,0.25,0.10,0.70,100,2,1,1657,2.03322,2.033,1657
training/11-myciel6.txt,100,0.25,0.10,0.70,100,2,2,1657,2.03733,2.033,1657
training/11-myciel6.txt,100,0.25,0.10,0.70,100,2,3,1657,2.03367,2.033,1657
training/11-myciel6.txt,100,0.25,0.10,0.70,100,2,4,1657,2.03657,2.033,1657
training/11-myciel6.txt,100,0.25,0.10,0.80,50,1,0,1657,2.03348,2.033,1657
training/11-myciel6.txt,100,0.25,0.10,0.80,50,1,1,1657,2.03601,2.033,1657
training/11-myciel6.txt,100,0.25,0.10,0.80,50,1,2,1657,2.03575,2.033,1657
training/11-myciel6.txt,100,0.25,0.10,0.80,50,1,3,1657,2.0362,2.033,1657
training/11-myciel6.txt,100,0.25,0.10,0.80,50,1,4,1657,2.03628,2.033,1657
training/11-myciel6.txt,100,0.25,0.10,0.80,100,1,0,1657,2.03693,2.033,1657
training/11-myciel6.txt,100,0.25,0.10,0.80,100,1,1,1657,2.03336,2.033,1657
training/11-myciel6.txt,100,0.25,0.10,0.80,100,1,2,1657,2.0361,2.033,1657
training/11-myciel6.txt,100,0.25,0.10,0.80,100,1,3,1657,2.03809,2.033,1657
training/11-myciel6.txt,100,0.25,0.10,0.80,100,1,4,1657,2.03487,2.033,1657
training/11-myciel6.txt,100,0.25,0.10,0.80,50,2,0,1657,2.0344,2.033,1657
training/11-myciel6.txt,100,0.25,0.10,0.80,50,2,1,1657,2.03498,2.033,1657
training/11-myciel6.txt,100,0.25,0.10,0.80,50,2,2,1657,2.03418,2.033,1657
training/11-myciel6.txt,100,0.25,0.10,0.80,50,2,3,1657,2.03586,2.033,1657
training/11-myciel6.txt,100,0.25,0.10,0.80,50,2,4,1657,2.03328,2.033,1657
training/11-myciel6.txt,100,0.25,0.10,0.80,100,2,0,1657,2.03704,2.033,1657
training/11-myciel6.txt,100,0.25,0.10,0.80,100,2,1,1657,2.03523,2.033,1657
training/11-myciel6.txt,100,0.25,0.10,0.80,100,2,2,1657,2.03428,2.033,1657
training/11-myciel6.txt,100,0.25,0.10,0.80,100,2,3,1657,2.03325,2.033,1657
training/11-myciel6.txt,100,0.25,0.10,0.80,100,2,4,1657,2.03755,2.033,1657
training/11-myciel6.txt,100,0.25,0.20,0.70,50,1,0,1657,2.0343,2.033,1657
training/11-myciel6.txt,100,0.25,0.20,0.70,50,1,1,1657,2.03759,2.033,1657
training/11-myciel6.txt,100,0.25,0.20,0.70,50,1,2,1657,2.0363,2.033,1657
training/11-myciel6.txt,100,0.25,0.20,0.70,50,1,3,1657,2.03809,2.033,1657
training/11-myciel6.txt,100,0.25,0.20,0.70,50,1,4,1657,2.03309,2.033,1657
training/11-myciel6.txt,100,0.25,0.20,0.70,100,1,0,1657,2.03323,2.033,1657
training/11-myciel6.txt,100,0.25,0.20,0.70,100,1,1,1657,2.03471,2.033,1657
training/11-myciel6.txt,100,0.25,0.20,0.70,100,1,2,1657,2.03347,2.033,1657
training/11-myciel6.txt,100,0.25,0.20,0.70,100,1,3,1657,2.03311,2.033,1657
training/11-myciel6.txt,100,0.25,0.20,0.70,100,1,4,1657,2.03562,2.033,1657
training/11-myciel6.txt,100,0.25,0.20,0.70,50,2,0,1657,2.0365,2.033,1657
training/11-myciel6.txt,100,0.25,0.20,0.70,50,2,1,1657,2.03688,2.033,1657
training/11-myciel6.txt,100,0.25,0.20,0.70,50,2,2,1657,2.03718,2.033,1657
training/11-myciel6.txt,100,0.25,0.20,0.70,50,2,3,1657,2.03308,2.033,1657
training/11-myciel6.txt,100,0.25,0.20,0.70,50,2,4,1657,2.03625,2.033,1657
training/11-myciel6.txt,100,0.25,0.20,0.70,100,2,0,1657,2.03744,2.033,1657
training/11-myciel6.txt,100,0.25,0.20,0.70,100,2,1,1657,2.03605,2.033,1657
training/11-myciel6.txt,100,0.25,0.20,0.70,100,2,2,1657,2.03521,2.033,1657
training/11-myciel6.txt,100,0.25,0.20,0.70,100,2,3,1657,2.03482,2.033,1657
training/11-myciel6.txt,100,0.25,0.20,0.70,100,2,4,1657,2.03525,2.033,1657
training/11-myciel6.txt,100,0.25,0.20,0.80,50,1,0,1657,2.03411,2.033,1657
training/11-myciel6.txt,100,0.25,0.20,0.80,50,1,1,1657,2.03559,2.033,1657
training/11-myciel6.txt,100,0.25,0.20,0.80,50,1,2,1657,2.03764,2.033,1657
training/11-myciel6.txt,100,0.25,0.20,0.80,50,1,3,1657,2.03774,2.033,1657
training/11-myciel6.txt,100,0.25,0.20,0.80,50,1,4,1657,2.03577,2.033,1657
training/11-myciel6.txt,100,0.25,0.20,0.80,100,1,0,1657,2.03592,2.033,1657
training/11-myciel6.txt,100,0.25,0.20,0.80,100,1,1,1657,2.03402,2.033,1657
training/11-myciel6.txt,100,0.25,0.20,0.80,100,1,2,1657,2.0377,2.033,1657
training/11-myciel6.txt,100,0.25,0.20,0.80,100,1,3,1657,2.03508,2.033,1657
training/11-myciel6.txt,100,0.25,0.20,0.80,100,1,4,1657,2.03633,2.033,1657
training/11-myciel6.txt,100,0.25,0.20,0.80,50,2,0,1657,2.03581,2.033,1657
training/11-myciel6.txt,100,0.25,0.20,0.80,50,2,1,1657,2.03365,2.033,1657
training/11-myciel6.txt,100,0.25,0.20,0.80,50,2,2,1657,2.0362,2.033,1657
training/11-myciel6.txt,100,0.25,0.20,0.80,50,2,3,1657,2.03471,2.033,1657
training/11-myciel6.txt,100,0.25,0.20,0.80,50,2,4,1657,2.03668,2.033,1657
training/11-myciel6.txt,100,0.25,0.20,0.80,100,2,0,1657,2.03489,2.033,1657
training/11-myciel6.txt,100,0.25,0.20,0.80,100,2,1,1657,2.03784,2.033,1657
training/11-myciel6.txt,100,0.25,0.20,0.80,100,2,2,1657,2.03768,2.033,1657
training/11-myciel6.txt,100,0.25,0.20,0.80,100,2,3,1657,2.03435,2.033,1657
training/11-myciel6.txt,100,0.25,0.20,0.80,100,2,4,1657,2.03614,2.033,1657
training/11-myciel6.txt,150,0.20,0.10,0.70,50,1,0,1657,2.03775,2.033,1657
training/11-myciel6.txt,150,0.20,0.10,0.70,50,1,1,1657,2.04027,2.033,1657
training/11-myciel6.txt,150,0.20,0.10,0.70,50,1,2,1657,2.03396,2.033,1657
training/11-myciel6.txt,150,0.20,0.10,0.70,50,1,3,1657,2.04001,2.033,1657
training/11-myciel6.txt,150,0.20,0.10,0.70,50,1,4,1657,2.03633,2.033,1657
training/11-myciel6.txt,150,0.20,0.10,0.70,100,1,0,1657,2.03445,2.033,1657
training/11-myciel6.txt,150,0.20,0.10,0.70,100,1,1,1657,2.03574,2.033,1657
training/11-myciel6.txt,150,0.20,0.10,0.70,100,1,2,1657,2.03477,2.033,1657
training/11-myciel6.txt,150,0.20,0.10,0.70,100,1,3,1657,2.0331,2.033,1657
training/11-myciel6.txt,150,0.20,0.10,0.70,100,1,4,1657,2.03995,2.033,1657
training/11-myciel6.txt,150,0.20,0.10,0.70,50,2,0,1657,2.03818,2.033,1657
training/11-myciel6.txt,150,0.20,0.10,0.70,50,2,1,1657,2.03813,2.033,1657
training/11-myciel6.txt,150,0.20,0.10,0.70,50,2,2,1657,2.03857,2.033,1657
training/11-myciel6.txt,150,0.20,0.10,0.70,50,2,3,1657,2.03361,2.033,1657
training/11-myciel6.txt,150,0.20,0.10,0.70,50,2,4,1657,2.03896,2.033,1657
training/11-myciel6.txt,150,0.20,0.10,0.70,100,2,0,1657,2.03357,2.033,1657
training/11-myciel6.txt,150,0.20,0.10,0.70,100,2,1,1657,2.03425,2.033,1657
training/11-myciel6.txt,150,0.20,0.10,0.70,100,2,2,1657,2.03928,2.033,1657
training/11-myciel6.txt,150,0.20,0.10,0.70,100,2,3,1657,2.03651,2.033,1657
training/11-myciel6.txt,150,0.20,0.10,0.70,100,2,4,1657,2.03597,2.033,1657
training/11-myciel6.txt,150,0.20,0.10,0.80,50,1,0,1657,2.03891,2.033,1657
training/11-myciel6.txt,150,0.20,0.10,0.80,50,1,1,1657,2.03472,2.033,1657
training/11-myciel6.txt,150,0.20,0.10,0.80,50,1,2,1657,2.03757,2.033,1657
training/11-myciel6.txt,150,0.20,0.10,0.80,50,1,3,1657,2.04238,2.033,1657
training/11-myciel6.txt,150,0.20,0.10,0.80,50,1,4,1657,2.03601,2.033,1657
training/11-myciel6.txt,150,0.20,0.10,0.80,100,1,0,1657,2.03714,2.033,1657
training/11-myciel6.txt,150,0.20,0.10,0.80,100,1,1,1657,2.04004,2.033,1657
training/11-myciel6.txt,150,0.20,0.10,0.80,100,1,2,1657,2.03602,2.033,1657
training/11-myciel6.txt,150,0.20,0.10,0.80,100,1,3,1657,2.03436,2.033,1657
training/11-myciel6.txt,150,0.20,0.10,0.80,100,1,4,1657,2.03491,2.033,1657
training/11-myciel6.txt,150,0.20,0.10,0.80,50,2,0,1657,2.0403,2.033,1657
training/11-myciel6.txt,150,0.20,0.10,0.80,50,2,1,1657,2.03379,2.033,1657
training/11-myciel6.txt,150,0.20,0.10,0.80,50,2,2,1657,2.03467,2.033,1657
training/11-myciel6.txt,150,0.20,0.10,0.80,50,2,3,1657,2.0357,2.033,1657
training/11-myciel6.txt,150,0.20,0.10,0.80,50,2,4,1657,2.03503,2.033,1657
training/11-myciel6.txt,150,0.20,0.10,0.80,100,2,0,1657,2.03722,2.033,1657
training/11-myciel6.txt,150,0.20,0.10,0.80,100,2,1,1657,2.03765,2.033,1657
training/11-myciel6.txt,150,0.20,0.10,0.80,100,2,2,1657,2.03622,2.033,1657
training/11-myciel6.txt,150,0.20,0.10,0.80,100,2,3,1657,2.04019,2.033,1657
training/11-myciel6.txt,150,0.20,0.10,0.80,100,2,4,1657,2.03992,2.033,1657
training/11-myciel6.txt,150,0.20,0.20,0.70,50,1,0,1657,2.03819,2.033,1657
training/11-myciel6.txt,150,0.20,0.20,0.70,50,1,1,1657,2.03347,2.033,1657
training/11-myciel6.txt,150,0.20,0.20,0.70,50,1,2,1657,2.03395,2.033,1657
training/11-myciel6.txt,150,0.20,0.20,0.70,50,1,3,1657,2.03657,2.033,1657
training/11-myciel6.txt,150,0.20,0.20,0.70,50,1,4,1657,2.04024,2.033,1657
training/11-myciel6.txt,150,0.20,0.20,0.70,100,1,0,1657,2.03868,2.033,1657
training/11-myciel6.txt,150,0.20,0.20,0.70,100,1,1,1657,2.03732,2.033,1657
training/11-myciel6.txt,150,0.20,0.20,0.70,100,1,2,1657,2.03803,2.033,1657
training/11-myciel6.txt,150,0.20,0.20,0.70,100,1,3,1657,2.03714,2.033,1657
training/11-myciel6.txt,150,0.20,0.20,0.70,100,1,4,1657,2.04067,2.033,1657
training/11-myciel6.txt,150,0.20,0.20,0.70,50,2,0,1657,2.04909,2.033,1657
training/11-myciel6.txt,150,0.20,0.20,0.70,50,2,1,1657,2.03591,2.033,1657
training/11-myciel6.txt,150,0.20,0.20,0.70,50,2,2,1657,2.03748,2.033,1657
training/11-myciel6.txt,150,0.20,0.20,0.70,50,2,3,1657,2.03668,2.033,1657
training/11-myciel6.txt,150,0.20,0.20,0.70,50,2,4,1657,2.04069,2.033,1657
training/11-myciel6.txt,150,0.20,0.20,0.70,100,2,0,1657,2.03451,2.033,1657
training/11-myciel6.txt,150,0.20,0.20,0.70,100,2,1,1657,2.04191,2.033,1657
training/11-myciel6.txt,150,0.20,0.20,0.70,100,2,2,1657,2.03772,2.033,1657
training/11-myciel6.txt,150,0.20,0.20,0.70,100,2,3,1657,2.03665,2.033,1657
training/11-myciel6.txt,150,0.20,0.20,0.70,100,2,4,1657,2.03489,2.033,1657
training/11-myciel6.txt,150,0.20,0.20,0.80,50,1,0,1657,2.03904,2.033,1657
training/11-myciel6.txt,150,0.20,0.20,0.80,50,1,1,1657,2.04177,2.033,1657
training/11-myciel6.txt,150,0.20,0.20,0.80,50,1,2,1657,2.04003,2.033,1657
training/11-myciel6.txt,150,0.20,0.20,0.80,50,1,3,1657,2.0364,2.033,1657
training/11-myciel6.txt,150,0.20,0.20,0.80,50,1,4,1657,2.0378,2.033,1657
training/11-myciel6.txt,150,0.20,0.20,0.80,100,1,0,1657,2.03994,2.033,1657
training/11-myciel6.txt,150,0.20,0.20,0.80,100,1,1,1657,2.03925,2.033,1657
training/11-myciel6.txt,150,0.20,0.20,0.80,100,1,2,1657,2.03674,2.033,1657
training/11-myciel6.txt,150,0.20,0.20,0.80,100,1,3,1657,2.04008,2.033,1657
training/11-myciel6.txt,150,0.20,0.20,0.80,100,1,4,1657,2.03591,2.033,1657
training/11-myciel6.txt,150,0.20,0.20,0.80,50,2,0,1657,2.03634,2.033,1657
training/11-myciel6.txt,150,0.20,0.20,0.80,50,2,1,1657,2.03571,2.033,1657
training/11-myciel6.txt,150,0.20,0.20,0.80,50,2,2,1657,2.03521,2.033,1657
training/11-myciel6.txt,150,0.20,0.20,0.80,50,2,3,1657,2.03707,2.033,1657
training/11-myciel6.txt,150,0.20,0.20,0.80,50,2,4,1657,2.03477,2.033,1657
training/11-myciel6.txt,150,0.20,0.20,0.80,100,2,0,1657,2.03776,2.033,1657
training/11-myciel6.txt,150,0.20,0.20,0.80,100,2,1,1657,2.03674,2.033,1657
training/11-myciel6.txt,150,0.20,0.20,0.80,100,2,2,1657,2.04031,2.033,1657
training/11-myciel6.txt,150,0.20,0.20,0.80,100,2,3,1657,2.04012,2.033,1657
training/11-myciel6.txt,150,0.20,0.20,0.80,100,2,4,1657,2.03425,2.033,1657
training/11-myciel6.txt,150,0.25,0.10,0.70,50,1,0,1657,2.03861,2.033,1657
training/11-myciel6.txt,150,0.25,0.10,0.70,50,1,1,1657,2.03871,2.033,1657
training/11-myciel6.txt,150,0.25,0.10,0.70,50,1,2,1657,2.03642,2.033,1657
training/11-myciel6.txt,150,0.25,0.10,0.70,50,1,3,1657,2.03813,2.033,1657
training/11-myciel6.txt,150,0.25,0.10,0.70,50,1,4,1657,2.04011,2.033,1657
training/11-myciel6.txt,150,0.25,0.10,0.70,100,1,0,1657,2.03412,2.033,1657
training/11-myciel6.txt,150,0.25,0.10,0.70,100,1,1,1657,2.03971,2.033,1657
training/11-myciel6.txt,150,0.25,0.10,0.70,100,1,2,1657,2.03453,2.033,1657
training/11-myciel6.txt,150,0.25,0.10,0.70,100,1,3,1657,2.03747,2.033,1657
training/11-myciel6.txt,150,0.25,0.10,0.70,100,1,4,1657,2.03631,2.033,1657
training/11-myciel6.txt,150,0.25,0.10,0.70,50,2,0,1657,2.03532,2.033,1657
training/11-myciel6.txt,150,0.25,0.10,0.70,50,2,1,1657,2.03462,2.033,1657
training/11-myciel6.txt,150,0.25,0.10,0.70,50,2,2,1657,2.03517,2.033,1657
training/11-myciel6.txt,150,0.25,0.10,0.70,50,2,3,1657,2.0403,2.033,1657
training/11-myciel6.txt,150,0.25,0.10,0.70,50,2,4,1657,2.03689,2.033,1657
training/11-myciel6.txt,150,0.25,0.10,0.70,100,2,0,1657,2.03487,2.033,1657
training/11-myciel6.txt,150,0.25,0.10,0.70,100,2,1,1657,2.03873,2.033,1657
training/11-myciel6.txt,150,0.25,0.10,0.70,100,2,2,1657,2.03851,2.033,1657
training/11-myciel6.txt,150,0.25,0.10,0.70,100,2,3,1657,2.03439,2.033,1657
training/11-myciel6.txt,150,0.25,0.10,0.70,100,2,4,1657,2.03361,2.033,1657
training/11-myciel6.txt,150,0.25,0.10,0.80,50,1,0,1657,2.03733,2.033,1657
training/11-myciel6.txt,150,0.25,0.10,0.80,50,1,1,1657,2.03885,2.033,1657
training/11-myciel6.txt,150,0.25,0.10,0.80,50,1,2,1657,2.03826,2.033,1657
training/11-myciel6.txt,150,0.25,0.10,0.80,50,1,3,1657,2.03559,2.033,1657
training/11-myciel6.txt,150,0.25,0.10,0.80,50,1,4,1657,2.03607,2.033,1657
training/11-myciel6.txt,150,0.25,0.10,0.80,100,1,0,1657,2.03391,2.033,1657
training/11-myciel6.txt,150,0.25,0.10,0.80,100,1,1,1657,2.0355,2.033,1657
training/11-myciel6.txt,150,0.25,0.10,0.80,100,1,2,1657,2.03841,2.033,1657
training/11-myciel6.txt,150,0.25,0.10,0.80,100,1,3,1657,2.03937,2.033,1657
training/11-myciel6.txt,150,0.25,0.10,0.80,100,1,4,1657,2.03875,2.033,1657
training/11-myciel6.txt,150,0.25,0.10,0.80,50,2,0,1657,2.03905,2.033,1657
training/11-myciel6.txt,150,0.25,0.10,0.80,50,2,1,1657,2.03891,2.033,1657
training/11-myciel6.txt,150,0.25,0.10,0.80,50,2,2,1657,2.03822,2.033,1657
training/11-myciel6.txt,150,0.25,0.10,0.80,50,2,3,1657,2.03661,2.033,1657
training/11-myciel6.txt,150,0.25,0.10,0.80,50,2,4,1657,2.03658,2.033,1657
training/11-myciel6.txt,150,0.25,0.10,0.80,100,2,0,1657,2.03503,2.033,1657
training/11-myciel6.txt,150,0.25,0.10,0.80,100,2,1,1657,2.03983,2.033,1657
training/11-myciel6.txt,150,0.25,0.10,0.80,100,2,2,1657,2.0335,2.033,1657
training/11-myciel6.txt,150,0.25,0.10,0.80,100,2,3,1657,2.04019,2.033,1657
training/11-myciel6.txt,150,0.25,0.10,0.80,100,2,4,1657,2.03999,2.033,1657
training/11-myciel6.txt,150,0.25,0.20,0.70,50,1,0,1657,2.03589,2.033,1657
training/11-myciel6.txt,150,0.25,0.20,0.70,50,1,1,1657,2.03885,2.033,1657
training/11-myciel6.txt,150,0.25,0.20,0.70,50,1,2,1657,2.03904,2.033,1657
training/11-myciel6.txt,150,0.25,0.20,0.70,50,1,3,1657,2.03556,2.033,1657
training/11-myciel6.txt,150,0.25,0.20,0.70,50,1,4,1657,2.03562,2.033,1657
training/11-myciel6.txt,150,0.25,0.20,0.70,100,1,0,1657,2.03581,2.033,1657
training/11-myciel6.txt,150,0.25,0.20,0.70,100,1,1,1657,2.03534,2.033,1657
training/11-myciel6.txt,150,0.25,0.20,0.70,100,1,2,1657,2.03978,2.033,1657
training/11-myciel6.txt,150,0.25,0.20,0.70,100,1,3,1657,2.03606,2.033,1657
training/11-myciel6.txt,150,0.25,0.20,0.70,100,1,4,1657,2.03532,2.033,1657
training/11-myciel6.txt,150,0.25,0.20,0.70,50,2,0,1657,2.04021,2.033,1657
training/11-myciel6.txt,150,0.25,0.20,0.70,50,2,1,1657,2.04036,2.033,1657
training/11-myciel6.txt,150,0.25,0.20,0.70,50,2,2,1657,2.03708,2.033,1657
training/11-myciel6.txt,150,0.25,0.20,0.70,50,2,3,1657,2.03953,2.033,1657
training/11-myciel6.txt,150,0.25,0.20,0.70,50,2,4,1657,2.034,2.033,1657
training/11-myciel6.txt,150,0.25,0.20,0.70,100,2,0,1657,2.0376,2.033,1657
training/11-myciel6.txt,150,0.25,0.20,0.70,100,2,1,1657,2.03423,2.033,1657
training/11-myciel6.txt,150,0.25,0.20,0.70,100,2,2,1657,2.03715,2.033,1657
training/11-myciel6.txt,150,0.25,0.20,0.70,100,2,3,1657,2.03368,2.033,1657
training/11-myciel6.txt,150,0.25,0.20,0.70,100,2,4,1657,2.03431,2.033,1657
training/11-myciel6.txt,150,0.25,0.20,0.80,50,1,0,1657,2.0355,2.033,1657
training/11-myciel6.txt,150,0.25,0.20,0.80,50,1,1,1657,2.0377,2.033,1657
training/11-myciel6.txt,150,0.25,0.20,0.80,50,1,2,1657,2.03736,2.033,1657
training/11-myciel6.txt,150,0.25,0.20,0.80,50,1,3,1657,2.03693,2.033,1657
training/11-myciel6.txt,150,0.25,0.20,0.80,50,1,4,1657,2.03688,2.033,1657
training/11-myciel6.txt,150,0.25,0.20,0.80,100,1,0,1657,2.03352,2.033,1657
training/11-myciel6.txt,150,0.25,0.20,0.80,100,1,1,1657,2.03976,2.033,1657
training/11-myciel6.txt,150,0.25,0.20,0.80,100,1,2,1657,2.03672,2.033,1657
training/11-myciel6.txt,150,0.25,0.20,0.80,100,1,3,1657,2.03418,2.033,1657
training/11-myciel6.txt,150,0.25,0.20,0.80,100,1,4,1657,2.03368,2.033,1657
training/11-myciel6.txt,150,0.25,0.20,0.80,50,2,0,1657,2.03663,2.033,1657
training/11-myciel6.txt,150,0.25,0.20,0.80,50,2,1,1657,2.03865,2.033,1657
training/11-myciel6.txt,150,0.25,0.20,0.80,50,2,2,1657,2.03489,2.033,1657
training/11-myciel6.txt,150,0.25,0.20,0.80,50,2,3,1657,2.03606,2.033,1657
training/11-myciel6.txt,150,0.25,0.20,0.80,50,2,4,1657,2.03455,2.033,1657
training/11-myciel6.txt,150,0.25,0.20,0.80,100,2,0,1657,2.03711,2.033,1657
training/11-myciel6.txt,150,0.25,0.20,0.80,100,2,1,1657,2.0338,2.033,1657
training/11-myciel6.txt,150,0.25,0.20,0.80,100,2,2,1657,2.0376,2.033,1657
training/11-myciel6.txt,150,0.25,0.20,0.80,100,2,3,1657,2.03472,2.033,1657
training/11-myciel6.txt,150,0.25,0.20,0.80,100,2,4,1657,2.03642,2.033,1657
training/11-myciel6.txt,200,0.20,0.10,0.70,50,1,0,1657,2.04301,2.033,1657
training/11-myciel6.txt,200,0.20,0.10,0.70,50,1,1,1657,2.03989,2.033,1657
training/11-myciel6.txt,200,0.20,0.10,0.70,50,1,2,1657,2.03477,2.033,1657
training/11-myciel6.txt,200,0.20,0.10,0.70,50,1,3,1657,2.03347,2.033,1657
training/11-myciel6.txt,200,0.20,0.10,0.70,50,1,4,1657,2.03618,2.033,1657
training/11-myciel6.txt,200,0.20,0.10,0.70,100,1,0,1657,2.03466,2.033,1657
training/11-myciel6.txt,200,0.20,0.10,0.70,100,1,1,1657,2.03596,2.033,1657
training/11-myciel6.txt,200,0.20,0.10,0.70,100,1,2,1657,2.03382,2.033,1657
training/11-myciel6.txt,200,0.20,0.10,0.70,100,1,3,1657,2.03695,2.033,1657
training/11-myciel6.txt,200,0.20,0.10,0.70,100,1,4,1657,2.03657,2.033,1657
training/11-myciel6.txt,200,0.20,0.10,0.70,50,2,0,1657,2.03607,2.033,1657
training/11-myciel6.txt,200,0.20,0.10,0.70,50,2,1,1657,2.03997,2.033,1657
training/11-myciel6.txt,200,0.20,0.10,0.70,50,2,2,1657,2.0355,2.033,1657
training/11-myciel6.txt,200,0.20,0.10,0.70,50,2,3,1657,2.04151,2.033,1657
training/11-myciel6.txt,200,0.20,0.10,0.70,50,2,4,1657,2.03773,2.033,1657
training/11-myciel6.txt,200,0.20,0.10,0.70,100,2,0,1657,2.04066,2.033,1657
training/11-myciel6.txt,200,0.20,0.10,0.70,100,2,1,1657,2.03354,2.033,1657
training/11-myciel6.txt,200,0.20,0.10,0.70,100,2,2,1657,2.03584,2.033,1657
training/11-myciel6.txt,200,0.20,0.10,0.70,100,2,3,1657,2.0336,2.033,1657
training/11-myciel6.txt,200,0.20,0.10,0.70,100,2,4,1657,2.0374,2.033,1657
training/11-myciel6.txt,200,0.20,0.10,0.80,50,1,0,1657,2.03777,2.033,1657
training/11-myciel6.txt,200,0.20,0.10,0.80,50,1,1,1657,2.03479,2.033,1657
training/11-myciel6.txt,200,0.20,0.10,0.80,50,1,2,1657,2.03899,2.033,1657
training/11-myciel6.txt,200,0.20,0.10,0.80,50,1,3,1657,2.04012,2.033,1657
training/11-myciel6.txt,200,0.20,0.10,0.80,50,1,4,1657,2.03695,2.033,1657
training/11-myciel6.txt,200,0.20,0.10,0.80,100,1,0,1657,2.03859,2.033,1657
training/11-myciel6.txt,200,0.20,0.10,0.80,100,1,1,1657,2.04049,2.033,1657
training/11-myciel6.txt,200,0.20,0.10,0.80,100,1,2,1657,2.03595,2.033,1657
training/11-myciel6.txt,200,0.20,0.10,0.80,100,1,3,1657,2.04207,2.033,1657
training/11-myciel6.txt,200,0.20,0.10,0.80,100,1,4,1657,2.03312,2.033,1657
training/11-myciel6.txt,200,0.20,0.10,0.80,50,2,0,1657,2.03747,2.033,1657
training/11-myciel6.txt,200,0.20,0.10,0.80,50,2,1,1657,2.03779,2.033,1657
training/11-myciel6.txt,200,0.20,0.10,0.80,50,2,2,1657,2.04077,2.033,1657
training/11-myciel6.txt,200,0.20,0.10,0.80,50,2,3,1657,2.03565,2.033,1657
training/11-myciel6.txt,200,0.20,0.10,0.80,50,2,4,1657,2.04185,2.033,1657
training/11-myciel6.txt,200,0.20,0.10,0.80,100,2,0,1657,2.04303,2.033,1657
training/11-myciel6.txt,200,0.20,0.10,0.80,100,2,1,1657,2.04249,2.033,1657
training/11-myciel6.txt,200,0.20,0.10,0.80,100,2,2,1657,2.04184,2.033,1657
training/11-myciel6.txt,200,0.20,0.10,0.80,100,2,3,1657,2.04069,2.033,1657
training/11-myciel6.txt,200,0.20,0.10,0.80,100,2,4,1657,2.03811,2.033,1657
training/11-myciel6.txt,200,0.20,0.20,0.70,50,1,0,1657,2.04167,2.033,1657
training/11-myciel6.txt,200,0.20,0.20,0.70,50,1,1,1657,2.03726,2.033,1657
training/11-myciel6.txt,200,0.20,0.20,0.70,50,1,2,1657,2.03729,2.033,1657
training/11-myciel6.txt,200,0.20,0.20,0.70,50,1,3,1657,2.03687,2.033,1657
training/11-myciel6.txt,200,0.20,0.20,0.70,50,1,4,1657,2.04213,2.033,1657
training/11-myciel6.txt,200,0.20,0.20,0.70,100,1,0,1657,2.03383,2.033,1657
training/11-myciel6.txt,200,0.20,0.20,0.70,100,1,1,1657,2.03505,2.033,1657
training/11-myciel6.txt,200,0.20,0.20,0.70,100,1,2,1657,2.04803,2.033,1657
training/11-myciel6.txt,200,0.20,0.20,0.70,100,1,3,1657,2.04024,2.033,1657
training/11-myciel6.txt,200,0.20,0.20,0.70,100,1,4,1657,2.04169,2.033,1657
training/11-myciel6.txt,200,0.20,0.20,0.70,50,2,0,1657,2.03939,2.033,1657
training/11-myciel6.txt,200,0.20,0.20,0.70,50,2,1,1657,2.03465,2.033,1657
training/11-myciel6.txt,200,0.20,0.20,0.70,50,2,2,1657,2.03637,2.033,1657
training/11-myciel6.txt,200,0.20,0.20,0.70,50,2,3,1657,2.03789,2.033,1657
training/11-myciel6.txt,200,0.20,0.20,0.70,50,2,4,1657,2.03432,2.033,1657
training/11-myciel6.txt,200,0.20,0.20,0.70,100,2,0,1657,2.05253,2.033,1657
training/11-myciel6.txt,200,0.20,0.20,0.70,100,2,1,1657,2.04639,2.033,1657
training/11-myciel6.txt,200,0.20,0.20,0.70,100,2,2,1657,2.03375,2.033,1657
training/11-myciel6.txt,200,0.20,0.20,0.70,100,2,3,1657,2.03531,2.033,1657
training/11-myciel6.txt,200,0.20,0.20,0.70,100,2,4,1657,2.04362,2.033,1657
training/11-myciel6.txt,200,0.20,0.20,0.80,50,1,0,1657,2.03875,2.033,1657
training/11-myciel6.txt,200,0.20,0.20,0.80,50,1,1,1657,2.03818,2.033,1657
training/11-myciel6.txt,200,0.20,0.20,0.80,50,1,2,1657,2.03371,2.033,1657
training/11-myciel6.txt,200,0.20,0.20,0.80,50,1,3,1657,2.03975,2.033,1657
training/11-myciel6.txt,200,0.20,0.20,0.80,50,1,4,1657,2.03461,2.033,1657
training/11-myciel6.txt,200,0.20,0.20,0.80,100,1,0,1657,2.04357,2.033,1657
training/11-myciel6.txt,200,0.20,0.20,0.80,100,1,1,1657,2.03387,2.033,1657
training/11-myciel6.txt,200,0.20,0.20,0.80,100,1,2,1657,2.03864,2.033,1657
training/11-myciel6.txt,200,0.20,0.20,0.80,100,1,3,1657,2.03808,2.033,1657
training/11-myciel6.txt,200,0.20,0.20,0.80,100,1,4,1657,2.03716,2.033,1657
training/11-myciel6.txt,200,0.20,0.20,0.80,50,2,0,1657,2.04292,2.033,1657
training/11-myciel6.txt,200,0.20,0.20,0.80,50,2,1,1657,2.04039,2.033,1657
training/11-myciel6.txt,200,0.20,0.20,0.80,50,2,2,1657,2.03507,2.033,1657
training/11-myciel6.txt,200,0.20,0.20,0.80,50,2,3,1657,2.03342,2.033,1657
training/11-myciel6.txt,200,0.20,0.20,0.80,50,2,4,1657,2.03801,2.033,1657
training/11-myciel6.txt,200,0.20,0.20,0.80,100,2,0,1657,2.03662,2.033,1657
training/11-myciel6.txt,200,0.20,0.20,0.80,100,2,1,1657,2.03322,2.033,1657
training/11-myciel6.txt,200,0.20,0.20,0.80,100,2,2,1657,2.03491,2.033,1657
training/11-myciel6.txt,200,0.20,0.20,0.80,100,2,3,1657,2.04189,2.033,1657
training/11-myciel6.txt,200,0.20,0.20,0.80,100,2,4,1657,2.03827,2.033,1657
training/11-myciel6.txt,200,0.25,0.10,0.70,50,1,0,1657,2.04084,2.033,1657
training/11-myciel6.txt,200,0.25,0.10,0.70,50,1,1,1657,2.04221,2.033,1657
training/11-myciel6.txt,200,0.25,0.10,0.70,50,1,2,1657,2.03368,2.033,1657
training/11-myciel6.txt,200,0.25,0.10,0.70,50,1,3,1657,2.03351,2.033,1657
training/11-myciel6.txt,200,0.25,0.10,0.70,50,1,4,1657,2.04767,2.033,1657
training/11-myciel6.txt,200,0.25,0.10,0.70,100,1,0,1657,2.04216,2.033,1657
training/11-myciel6.txt,200,0.25,0.10,0.70,100,1,1,1657,2.03404,2.033,1657
training/11-myciel6.txt,200,0.25,0.10,0.70,100,1,2,1657,2.03323,2.033,1657
training/11-myciel6.txt,200,0.25,0.10,0.70,100,1,3,1657,2.03885,2.033,1657
training/11-myciel6.txt,200,0.25,0.10,0.70,100,1,4,1657,2.036,2.033,1657
training/11-myciel6.txt,200,0.25,0.10,0.70,50,2,0,1657,2.03711,2.033,1657
training/11-myciel6.txt,200,0.25,0.10,0.70,50,2,1,1657,2.0345,2.033,1657
training/11-myciel6.txt,200,0.25,0.10,0.70,50,2,2,1657,2.04116,2.033,1657
training/11-myciel6.txt,200,0.25,0.10,0.70,50,2,3,1657,2.03809,2.033,1657
training/11-myciel6.txt,200,0.25,0.10,0.70,50,2,4,1657,2.04866,2.033,1657
training/11-myciel6.txt,200,0.25,0.10,0.70,100,2,0,1657,2.04173,2.033,1657
training/11-myciel6.txt,200,0.25,0.10,0.70,100,2,1,1657,2.03849,2.033,1657
training/11-myciel6.txt,200,0.25,0.10,0.70,100,2,2,1657,2.04093,2.033,1657
training/11-myciel6.txt,200,0.25,0.10,0.70,100,2,3,1657,2.03842,2.033,1657
training/11-myciel6.txt,200,0.25,0.10,0.70,100,2,4,1657,2.03914,2.033,1657
training/11-myciel6.txt,200,0.25,0.10,0.80,50,1,0,1657,2.04151,2.033,1657
training/11-myciel6.txt,200,0.25,0.10,0.80,50,1,1,1657,2.03697,2.033,1657
training/11-myciel6.txt,200,0.25,0.10,0.80,50,1,2,1657,2.03954,2.033,1657
training/11-myciel6.txt,200,0.25,0.10,0.80,50,1,3,1657,2.03343,2.033,1657
training/11-myciel6.txt,200,0.25,0.10,0.80,50,1,4,1657,2.03857,2.033,1657
training/11-myciel6.txt,200,0.25,0.10,0.80,100,1,0,1657,2.03486,2.033,1657
training/11-myciel6.txt,200,0.25,0.10,0.80,100,1,1,1657,2.03923,2.033,1657
training/11-myciel6.txt,200,0.25,0.10,0.80,100,1,2,1657,2.03876,2.033,1657
training/11-myciel6.txt,200,0.25,0.10,0.80,100,1,3,1657,2.03406,2.033,1657
training/11-myciel6.txt,200,0.25,0.10,0.80,100,1,4,1657,2.03709,2.033,1657
training/11-myciel6.txt,200,0.25,0.10,0.80,50,2,0,1657,2.03307,2.033,1657
training/11-myciel6.txt,200,0.25,0.10,0.80,50,2,1,1657,2.03736,2.033,1657
training/11-myciel6.txt,200,0.25,0.10,0.80,50,2,2,1657,2.03574,2.033,1657
training/11-myciel6.txt,200,0.25,0.10,0.80,50,2,3,1657,2.03522,2.033,1657
training/11-myciel6.txt,200,0.25,0.10,0.80,50,2,4,1657,2.03479,2.033,1657
training/11-myciel6.txt,200,0.25,0.10,0.80,100,2,0,1657,2.03834,2.033,1657
training/11-myciel6.txt,200,0.25,0.10,0.80,100,2,1,1657,2.03881,2.033,1657
training/11-myciel6.txt,200,0.25,0.10,0.80,100,2,2,1657,2.03457,2.033,1657
training/11-myciel6.txt,200,0.25,0.10,0.80,100,2,3,1657,2.03322,2.033,1657
training/11-myciel6.txt,200,0.25,0.10,0.80,100,2,4,1657,2.03882,2.033,1657
training/11-myciel6.txt,200,0.25,0.20,0.70,50,1,0,1657,2.03316,2.033,1657
training/11-myciel6.txt,200,0.25,0.20,0.70,50,1,1,1657,2.03882,2.033,1657
training/11-myciel6.txt,200,0.25,0.20,0.70,50,1,2,1657,2.04553,2.033,1657
training/11-myciel6.txt,200,0.25,0.20,0.70,50,1,3,1657,2.04922,2.033,1657
training/11-myciel6.txt,200,0.25,0.20,0.70,50,1,4,1657,2.0385,2.033,1657
training/11-myciel6.txt,200,0.25,0.20,0.70,100,1,0,1657,2.03982,2.033,1657
training/11-myciel6.txt,200,0.25,0.20,0.70,100,1,1,1657,2.03602,2.033,1657
training/11-myciel6.txt,200,0.25,0.20,0.70,100,1,2,1657,2.03476,2.033,1657
training/11-myciel6.txt,200,0.25,0.20,0.70,100,1,3,1657,2.03385,2.033,1657
training/11-myciel6.txt,200,0.25,0.20,0.70,100,1,4,1657,2.03461,2.033,1657
training/11-myciel6.txt,200,0.25,0.20,0.70,50,2,0,1657,2.03645,2.033,1657
training/11-myciel6.txt,200,0.25,0.20,0.70,50,2,1,1657,2.03537,2.033,1657
training/11-myciel6.txt,200,0.25,0.20,0.70,50,2,2,1657,2.03982,2.033,1657
training/11-myciel6.txt,200,0.25,0.20,0.70,50,2,3,1657,2.04019,2.033,1657
training/11-myciel6.txt,200,0.25,0.20,0.70,50,2,4,1657,2.04009,2.033,1657
training/11-myciel6.txt,200,0.25,0.20,0.70,100,2,0,1657,2.03554,2.033,1657
training/11-myciel6.txt,200,0.25,0.20,0.70,100,2,1,1657,2.04067,2.033,1657
training/11-myciel6.txt,200,0.25,0.20,0.70,100,2,2,1657,2.03748,2.033,1657
training/11-myciel6.txt,200,0.25,0.20,0.70,100,2,3,1657,2.04197,2.033,1657
training/11-myciel6.txt,200,0.25,0.20,0.70,100,2,4,1657,2.03804,2.033,1657
training/11-myciel6.txt,200,0.25,0.20,0.80,50,1,0,1657,2.04168,2.033,1657
training/11-myciel6.txt,200,0.25,0.20,0.80,50,1,1,1657,2.04141,2.033,1657
training/11-myciel6.txt,200,0.25,0.20,0.80,50,1,2,1657,2.03698,2.033,1657
training/11-myciel6.txt,200,0.25,0.20,0.80,50,1,3,1657,2.03939,2.033,1657
training/11-myciel6.txt,200,0.25,0.20,0.80,50,1,4,1657,2.04075,2.033,1657
training/11-myciel6.txt,200,0.25,0.20,0.80,100,1,0,1657,2.04174,2.033,1657
training/11-myciel6.txt,200,0.25,0.20,0.80,100,1,1,1657,2.04183,2.033,1657
training/11-myciel6.txt,200,0.25,0.20,0.80,100,1,2,1657,2.03637,2.033,1657
training/11-myciel6.txt,200,0.25,0.20,0.80,100,1,3,1657,2.03814,2.033,1657
training/11-myciel6.txt,200,0.25,0.20,0.80,100,1,4,1657,2.03978,2.033,1657
training/11-myciel6.txt,200,0.25,0.20,0.80,50,2,0,1657,2.03432,2.033,1657
training/11-myciel6.txt,200,0.25,0.20,0.80,50,2,1,1657,2.04156,2.033,1657
training/11-myciel6.txt,200,0.25,0.20,0.80,50,2,2,1657,2.03545,2.033,1657
training/11-myciel6.txt,200,0.25,0.20,0.80,50,2,3,1657,2.03719,2.033,1657
training/11-myciel6.txt,200,0.25,0.20,0.80,50,2,4,1657,2.04178,2.033,1657
training/11-myciel6.txt,200,0.25,0.20,0.80,100,2,0,1657,2.03525,2.033,1657
training/11-myciel6.txt,200,0.25,0.20,0.80,100,2,1,1657,2.03722,2.033,1657
training/11-myciel6.txt,200,0.25,0.20,0.80,100,2,2,1657,2.03978,2.033,1657
training/11-myciel6.txt,200,0.25,0.20,0.80,100,2,3,1657,2.03328,2.033,1657
training/11-myciel6.txt,200,0.25,0.20,0.80,100,2,4,1657,2.03978,2.033,1657
training/12-mug100_25.txt,100,0.20,0.10,0.70,50,1,0,3177,0.942162,0.940,3177
training/12-mug100_25.txt,100,0.20,0.10,0.70,50,1,1,3177,0.941228,0.940,3177
training/12-mug100_25.txt,100,0.20,0.10,0.70,50,1,2,3177,0.941463,0.940,3177
training/12-mug100_25.txt,100,0.20,0.10,0.70,50,1,3,3177,0.940129,0.940,3177
training/12-mug100_25.txt,100,0.20,0.10,0.70,50,1,4,3177,0.941844,0.940,3177
training/12-mug100_25.txt,100,0.20,0.10,0.70,100,1,0,3177,0.940994,0.940,3177
training/12-mug100_25.txt,100,0.20,0.10,0.70,100,1,1,3177,0.941922,0.940,3177
training/12-mug100_25.txt,100,0.20,0.10,0.70,100,1,2,3177,0.941096,0.940,3177
training/12-mug100_25.txt,100,0.20,0.10,0.70,100,1,3,3177,0.942131,0.940,3177
training/12-mug100_25.txt,100,0.20,0.10,0.70,100,1,4,3177,0.940616,0.940,3177
training/12-mug100_25.txt,100,0.20,0.10,0.70,50,2,0,3177,0.942253,0.940,3177
training/12-mug100_25.txt,100,0.20,0.10,0.70,50,2,1,3177,0.94203,0.940,3177
training/12-mug100_25.txt,100,0.20,0.10,0.70,50,2,2,3177,0.941546,0.940,3177
training/12-mug100_25.txt,100,0.20,0.10,0.70,50,2,3,3177,0.941212,0.940,3177
training/12-mug100_25.txt,100,0.20,0.10,0.70,50,2,4,3177,0.941648,0.940,3177
training/12-mug100_25.txt,100,0.20,0.10,0.70,100,2,0,3177,0.941878,0.940,3177
training/12-mug100_25.txt,100,0.20,0.10,0.70,100,2,1,3177,0.94038,0.940,3177
training/12-mug100_25.txt,100,0.20,0.10,0.70,100,2,2,3177,0.941717,0.940,3177
training/12-mug100_25.txt,100,0.20,0.10,0.70,100,2,3,3177,0.94033,0.940,3177
training/12-mug100_25.txt,100,0.20,0.10,0.70,100,2,4,3177,0.94099,0.940,3177
training/12-mug100_25.txt,100,0.20,0.10,0.80,50,1,0,3177,0.942024,0.940,3177
training/12-mug100_25.txt,100,0.20,0.10,0.80,50,1,1,3177,0.941112,0.940,3177
training/12-mug100_25.txt,100,0.20,0.10,0.80,50,1,2,3177,0.941777,0.940,3177
training/12-mug100_25.txt,100,0.20,0.10,0.80,50,1,3,3177,0.942428,0.940,3177
training/12-mug100_25.txt,100,0.20,0.10,0.80,50,1,4,3177,0.941334,0.940,3177
training/12-mug100_25.txt,100,0.20,0.10,0.80,100,1,0,3177,0.940228,0.940,3177
training/12-mug100_25.txt,100,0.20,0.10,0.80,100,1,1,3177,0.942228,0.940,3177
training/12-mug100_25.txt,100,0.20,0.10,0.80,100,1,2,3177,0.940314,0.940,3177
training/12-mug100_25.txt,100,0.20,0.10,0.80,100,1,3,3177,0.940049,0.940,3177
training/12-mug100_25.txt,100,0.20,0.10,0.80,100,1,4,3177,0.941378,0.940,3177
training/12-mug100_25.txt,100,0.20,0.10,0.80,50,2,0,3177,0.942054,0.940,3177
training/12-mug100_25.txt,100,0.20,0.10,0.80,50,2,1,3178,0.940579,0.940,3177
training/12-mug100_25.txt,100,0.20,0.10,0.80,50,2,2,3177,0.941679,0.940,3177
training/12-mug100_25.txt,100,0.20,0.10,0.80,50,2,3,3177,0.940339,0.940,3177
training/12-mug100_25.txt,100,0.20,0.10,0.80,50,2,4,3177,0.940233,0.940,3177
training/12-mug100_25.txt,100,0.20,0.10,0.80,100,2,0,3177,0.940278,0.940,3177
training/12-mug100_25.txt,100,0.20,0.10,0.80,100,2,1,3177,0.941872,0.940,3177
training/12-mug100_25.txt,100,0.20,0.10,0.80,100,2,2,3177,0.942066,0.940,3177
training/12-mug100_25.txt,100,0.20,0.10,0.80,100,2,3,3177,0.941782,0.940,3177
training/12-mug100_25.txt,100,0.20,0.10,0.80,100,2,4,3177,0.941681,0.940,3177
training/12-mug100_25.txt,100,0.20,0.20,0.70,50,1,0,3177,0.940873,0.940,3177
training/12-mug100_25.txt,100,0.20,0.20,0.70,50,1,1,3177,0.940678,0.940,3177
training/12-mug100_25.txt,100,0.20,0.20,0.70,50,1,2,3177,0.940936,0.940,3177
training/12-mug100_25.txt,100,0.20,0.20,0.70,50,1,3,3177,0.940214,0.940,3177
training/12-mug100_25.txt,100,0.20,0.20,0.70,50,1,4,3177,0.940465,0.940,3177
training/12-mug100_25.txt,100,0.20,0.20,0.70,100,1,0,3177,0.940713,0.940,3177
training/12-mug100_25.txt,100,0.20,0.20,0.70,100,1,1,3177,0.941037,0.940,3177
training/12-mug100_25.txt,100,0.20,0.20,0.70,100,1,2,3177,0.941456,0.940,3177
training/12-mug100_25.txt,100,0.20,0.20,0.70,100,1,3,3177,0.940743,0.940,3177
training/12-mug100_25.txt,100,0.20,0.20,0.70,100,1,4,3177,0.940318,0.940,3177
training/12-mug100_25.txt,100,0.20,0.20,0.70,50,2,0,3177,0.940927,0.940,3177
training/12-mug100_25.txt,100,0.20,0.20,0.70,50,2,1,3177,0.942041,0.940,3177
training/12-mug100_25.txt,100,0.20,0.20,0.70,50,2,2,3177,0.942586,0.940,3177
training/12-mug100_25.txt,100,0.20,0.20,0.70,50,2,3,3177,0.940285,0.940,3177
training/12-mug100_25.txt,100,0.20,0.20,0.70,50,2,4,3177,0.941667,0.940,3177
training/12-mug100_25.txt,100,0.20,0.20,0.70,100,2,0,3177,0.941121,0.940,3177
training/12-mug100_25.txt,100,0.20,0.20,0.70,100,2,1,3177,0.94206,0.940,3177
training/12-mug100_25.txt,100,0.20,0.20,0.70,100,2,2,3177,0.940543,0.940,3177
training/12-mug100_25.txt,100,0.20,0.20,0.70,100,2,3,3177,0.940588,0.940,3177
training/12-mug100_25.txt,100,0.20,0.20,0.70,100,2,4,3177,0.941317,0.940,3177
training/12-mug100_25.txt,100,0.20,0.20,0.80,50,1,0,3177,0.941454,0.940,3177
training/12-mug100_25.txt,100,0.20,0.20,0.80,50,1,1,3177,0.940891,0.940,3177
training/12-mug100_25.txt,100,0.20,0.20,0.80,50,1,2,3177,0.94088,0.940,3177
training/12-mug100_25.txt,100,0.20,0.20,0.80,50,1,3,3177,0.941524,0.940,3177
training/12-mug100_25.txt,100,0.20,0.20,0.80,50,1,4,3177,0.940615,0.940,3177
training/12-mug100_25.txt,100,0.20,0.20,0.80,100,1,0,3177,0.941104,0.940,3177
training/12-mug100_25.txt,100,0.20,0.20,0.80,100,1,1,3177,0.941028,0.940,3177
training/12-mug100_25.txt,100,0.20,0.20,0.80,100,1,2,3177,0.942173,0.940,3177
training/12-mug100_25.txt,100,0.20,0.20,0.80,100,1,3,3177,0.940388,0.940,3177
training/12-mug100_25.txt,100,0.20,0.20,0.80,100,1,4,3177,0.940029,0.940,3177
training/12-mug100_25.txt,100,0.20,0.20,0.80,50,2,0,3177,0.941989,0.940,3177
training/12-mug100_25.txt,100,0.20,0.20,0.80,50,2,1,3177,0.940178,0.940,3177
training/12-mug100_25.txt,100,0.20,0.20,0.80,50,2,2,3177,0.941775,0.940,3177
training/12-mug100_25.txt,100,0.20,0.20,0.80,50,2,3,3177,0.94111,0.940,3177
training/12-mug100_25.txt,100,0.20,0.20,0.80,50,2,4,3177,0.940991,0.940,3177
training/12-mug100_25.txt,100,0.20,0.20,0.80,100,2,0,3177,0.940356,0.940,3177
training/12-mug100_25.txt,100,0.20,0.20,0.80,100,2,1,3177,0.941876,0.940,3177
training/12-mug100_25.txt,100,0.20,0.20,0.80,100,2,2,3177,0.940398,0.940,3177
training/12-mug100_25.txt,100,0.20,0.20,0.80,100,2,3,3177,0.940798,0.940,3177
training/12-mug100_25.txt,100,0.20,0.20,0.80,100,2,4,3177,0.941257,0.940,3177
training/12-mug100_25.txt,100,0.25,0.10,0.70,50,1,0,3177,0.941521,0.940,3177
training/12-mug100_25.txt,100,0.25,0.10,0.70,50,1,1,3177,0.940841,0.940,3177
training/12-mug100_25.txt,100,0.25,0.10,0.70,50,1,2,3177,0.941136,0.940,3177
training/12-mug100_25.txt,100,0.25,0.10,0.70,50,1,3,3177,0.941348,0.940,3177
training/12-mug100_25.txt,100,0.25,0.10,0.70,50,1,4,3177,0.942002,0.940,3177
training/12-mug100_25.txt,100,0.25,0.10,0.70,100,1,0,3177,0.940608,0.940,3177
training/12-mug100_25.txt,100,0.25,0.10,0.70,100,1,1,3177,0.94219,0.940,3177
training/12-mug100_25.txt,100,0.25,0.10,0.70,100,1,2,3177,0.94228,0.940,3177
training/12-mug100_25.txt,100,0.25,0.10,0.70,100,1,3,3177,0.940562,0.940,3177
training/12-mug100_25.txt,100,0.25,0.10,0.70,100,1,4,3177,0.941341,0.940,3177
training/12-mug100_25.txt,100,0.25,0.10,0.70,50,2,0,3177,0.940369,0.940,3177
training/12-mug100_25.txt,100,0.25,0.10,0.70,50,2,1,3177,0.942189,0.940,3177
training/12-mug100_25.txt,100,0.25,0.10,0.70,50,2,2,3177,0.941838,0.940,3177
training/12-mug100_25.txt,100,0.25,0.10,0.70,50,2,3,3177,0.942016,0.940,3177
training/12-mug100_25.txt,100,0.25,0.10,0.70,50,2,4,3177,0.940237,0.940,3177
training/12-mug100_25.txt,100,0.25,0.10,0.70,100,2,0,3177,0.941315,0.940,3177
training/12-mug100_25.txt,100,0.25,0.10,0.70,100,2,1,3177,0.940493,0.940,3177
training/12-mug100_25.txt,100,0.25,0.10,0.70,100,2,2,3177,0.942707,0.940,3177
training/12-mug100_25.txt,100,0.25,0.10,0.70,100,2,3,3177,0.94069,0.940,3177
training/12-mug100_25.txt,100,0.25,0.10,0.70,100,2,4,3177,0.940382,0.940,3177
training/12-mug100_25.txt,100,0.25,0.10,0.80,50,1,0,3177,0.941395,0.940,3177
training/12-mug100_25.txt,100,0.25,0.10,0.80,50,1,1,3177,0.940933,0.940,3177
training/12-mug100_25.txt,100,0.25,0.10,0.80,50,1,2,3177,0.942161,0.940,3177
training/12-mug100_25.txt,100,0.25,0.10,0.80,50,1,3,3177,0.941491,0.940,3177
training/12-mug100_25.txt,100,0.25,0.10,0.80,50,1,4,3177,0.943493,0.940,3177
training/12-mug100_25.txt,100,0.25,0.10,0.80,100,1,0,3177,0.940322,0.940,3177
training/12-mug100_25.txt,100,0.25,0.10,0.80,100,1,1,3177,0.941509,0.940,3177
training/12-mug100_25.txt,100,0.25,0.10,0.80,100,1,2,3177,0.940038,0.940,3177
training/12-mug100_25.txt,100,0.25,0.10,0.80,100,1,3,3177,0.941001,0.940,3177
training/12-mug100_25.txt,100,0.25,0.10,0.80,100,1,4,3177,0.941398,0.940,3177
training/12-mug100_25.txt,100,0.25,0.10,0.80,50,2,0,3177,0.94071,0.940,3177
training/12-mug100_25.txt,100,0.25,0.10,0.80,50,2,1,3177,0.941287,0.940,3177
training/12-mug100_25.txt,100,0.25,0.10,0.80,50,2,2,3177,0.940732,0.940,3177
training/12-mug100_25.txt,100,0.25,0.10,0.80,50,2,3,3177,0.941112,0.940,3177
training/12-mug100_25.txt,100,0.25,0.10,0.80,50,2,4,3177,0.941031,0.940,3177
training/12-mug100_25.txt,100,0.25,0.10,0.80,100,2,0,3177,0.940553,0.940,3177
training/12-mug100_25.txt,100,0.25,0.10,0.80,100,2,1,3177,0.940396,0.940,3177
training/12-mug100_25.txt,100,0.25,0.10,0.80,100,2,2,3177,0.940209,0.940,3177
training/12-mug100_25.txt,100,0.25,0.10,0.80,100,2,3,3177,0.940091,0.940,3177
training/12-mug100_25.txt,100,0.25,0.10,0.80,100,2,4,3177,0.94203,0.940,3177
training/12-mug100_25.txt,100,0.25,0.20,0.70,50,1,0,3177,0.94085,0.940,3177
training/12-mug100_25.txt,100,0.25,0.20,0.70,50,1,1,3177,0.941716,0.940,3177
training/12-mug100_25.txt,100,0.25,0.20,0.70,50,1,2,3177,0.941619,0.940,3177
training/12-mug100_25.txt,100,0.25,0.20,0.70,50,1,3,3177,0.940812,0.940,3177
training/12-mug100_25.txt,100,0.25,0.20,0.70,50,1,4,3177,0.940863,0.940,3177
training/12-mug100_25.txt,100,0.25,0.20,0.70,100,1,0,3177,0.940951,0.940,3177
training/12-mug100_25.txt,100,0.25,0.20,0.70,100,1,1,3177,0.941558,0.940,3177
training/12-mug100_25.txt,100,0.25,0.20,0.70,100,1,2,3177,0.941932,0.940,3177
training/12-mug100_25.txt,100,0.25,0.20,0.70,100,1,3,3177,0.9404,0.940,3177
training/12-mug100_25.txt,100,0.25,0.20,0.70,100,1,4,3177,0.940754,0.940,3177
training/12-mug100_25.txt,100,0.25,0.20,0.70,50,2,0,3178,0.940522,0.940,3177
training/12-mug100_25.txt,100,0.25,0.20,0.70,50,2,1,3177,0.942064,0.940,3177
training/12-mug100_25.txt,100,0.25,0.20,0.70,50,2,2,3177,0.941427,0.940,3177
training/12-mug100_25.txt,100,0.25,0.20,0.70,50,2,3,3177,0.940338,0.940,3177
training/12-mug100_25.txt,100,0.25,0.20,0.70,50,2,4,3177,0.941672,0.940,3177
training/12-mug100_25.txt,100,0.25,0.20,0.70,100,2,0,3177,0.941354,0.940,3177
training/12-mug100_25.txt,100,0.25,0.20,0.70,100,2,1,3177,0.940182,0.940,3177
training/12-mug100_25.txt,100,0.25,0.20,0.70,100,2,2,3177,0.941349,0.940,3177
training/12-mug100_25.txt,100,0.25,0.20,0.70,100,2,3,3177,0.940108,0.940,3177
training/12-mug100_25.txt,100,0.25,0.20,0.70,100,2,4,3177,0.941579,0.940,3177
training/12-mug100_25.txt,100,0.25,0.20,0.80,50,1,0,3177,0.942271,0.940,3177
training/12-mug100_25.txt,100,0.25,0.20,0.80,50,1,1,3177,0.942182,0.940,3177
training/12-mug100_25.txt,100,0.25,0.20,0.80,50,1,2,3177,0.941713,0.940,3177
training/12-mug100_25.txt,100,0.25,0.20,0.80,50,1,3,3177,0.941809,0.940,3177
training/12-mug100_25.txt,100,0.25,0.20,0.80,50,1,4,3177,0.941904,0.940,3177
training/12-mug100_25.txt,100,0.25,0.20,0.80,100,1,0,3177,0.941093,0.940,3177
training/12-mug100_25.txt,100,0.25,0.20,0.80,100,1,1,3177,0.940779,0.940,3177
training/12-mug100_25.txt,100,0.25,0.20,0.80,100,1,2,3177,0.940573,0.940,3177
training/12-mug100_25.txt,100,0.25,0.20,0.80,100,1,3,3177,0.941359,0.940,3177
training/12-mug100_25.txt,100,0.25,0.20,0.80,100,1,4,3177,0.940962,0.940,3177
training/12-mug100_25.txt,100,0.25,0.20,0.80,50,2,0,3177,0.9403,0.940,3177
training/12-mug100_25.txt,100,0.25,0.20,0.80,50,2,1,3177,0.94108,0.940,3177
training/12-mug100_25.txt,100,0.25,0.20,0.80,50,2,2,3177,0.941666,0.940,3177
training/12-mug100_25.txt,100,0.25,0.20,0.80,50,2,3,3177,0.941598,0.940,3177
training/12-mug100_25.txt,100,0.25,0.20,0.80,50,2,4,3177,0.940822,0.940,3177
training/12-mug100_25.txt,100,0.25,0.20,0.80,100,2,0,3177,0.940145,0.940,3177
training/12-mug100_25.txt,100,0.25,0.20,0.80,100,2,1,3177,0.940422,0.940,3177
training/12-mug100_25.txt,100,0.25,0.20,0.80,100,2,2,3177,0.941207,0.940,3177
training/12-mug100_25.txt,100,0.25,0.20,0.80,100,2,3,3177,0.941603,0.940,3177
training/12-mug100_25.txt,100,0.25,0.20,0.80,100,2,4,3177,0.941663,0.940,3177
training/12-mug100_25.txt,150,0.20,0.10,0.70,50,1,0,3177,0.945143,0.940,3177
training/12-mug100_25.txt,150,0.20,0.10,0.70,50,1,1,3177,0.942975,0.940,3177
training/12-mug100_25.txt,150,0.20,0.10,0.70,50,1,2,3177,0.94086,0.940,3177
training/12-mug100_25.txt,150,0.20,0.10,0.70,50,1,3,3177,0.941616,0.940,3177
training/12-mug100_25.txt,150,0.20,0.10,0.70,50,1,4,3177,0.94236,0.940,3177
training/12-mug100_25.txt,150,0.20,0.10,0.70,100,1,0,3177,0.940525,0.940,3177
training/12-mug100_25.txt,150,0.20,0.10,0.70,100,1,1,3177,0.94035,0.940,3177
training/12-mug100_25.txt,150,0.20,0.10,0.70,100,1,2,3177,0.943112,0.940,3177
training/12-mug100_25.txt,150,0.20,0.10,0.70,100,1,3,3177,0.942286,0.940,3177
training/12-mug100_25.txt,150,0.20,0.10,0.70,100,1,4,3177,0.942194,0.940,3177
training/12-mug100_25.txt,150,0.20,0.10,0.70,50,2,0,3177,0.941938,0.940,3177
training/12-mug100_25.txt,150,0.20,0.10,0.70,50,2,1,3177,0.944429,0.940,3177
training/12-mug100_25.txt,150,0.20,0.10,0.70,50,2,2,3177,0.943198,0.940,3177
training/12-mug100_25.txt,150,0.20,0.10,0.70,50,2,3,3177,0.947024,0.940,3177
training/12-mug100_25.txt,150,0.20,0.10,0.70,50,2,4,3177,0.943383,0.940,3177
training/12-mug100_25.txt,150,0.20,0.10,0.70,100,2,0,3177,0.94016,0.940,3177
training/12-mug100_25.txt,150,0.20,0.10,0.70,100,2,1,3177,0.94246,0.940,3177
training/12-mug100_25.txt,150,0.20,0.10,0.70,100,2,2,3177,0.940517,0.940,3177
training/12-mug100_25.txt,150,0.20,0.10,0.70,100,2,3,3177,0.943018,0.940,3177
training/12-mug100_25.txt,150,0.20,0.10,0.70,100,2,4,3177,0.943363,0.940,3177
training/12-mug100_25.txt,150,0.20,0.10,0.80,50,1,0,3177,0.943206,0.940,3177
training/12-mug100_25.txt,150,0.20,0.10,0.80,50,1,1,3177,0.942191,0.940,3177
training/12-mug100_25.txt,150,0.20,0.10,0.80,50,1,2,3177,0.947641,0.940,3177
training/12-mug100_25.txt,150,0.20,0.10,0.80,50,1,3,3177,0.943353,0.940,3177
training/12-mug100_25.txt,150,0.20,0.10,0.80,50,1,4,3177,0.94336,0.940,3177
training/12-mug100_25.txt,150,0.20,0.10,0.80,100,1,0,3177,0.942161,0.940,3177
training/12-mug100_25.txt,150,0.20,0.10,0.80,100,1,1,3177,0.942152,0.940,3177
training/12-mug100_25.txt,150,0.20,0.10,0.80,100,1,2,3177,0.941466,0.940,3177
training/12-mug100_25.txt,150,0.20,0.10,0.80,100,1,3,3177,0.941081,0.940,3177
training/12-mug100_25.txt,150,0.20,0.10,0.80,100,1,4,3177,0.942692,0.940,3177
training/12-mug100_25.txt,150,0.20,0.10,0.80,50,2,0,3177,0.943027,0.940,3177
training/12-mug100_25.txt,150,0.20,0.10,0.80,50,2,1,3177,0.940456,0.940,3177
training/12-mug100_25.txt,150,0.20,0.10,0.80,50,2,2,3177,0.946965,0.940,3177
training/12-mug100_25.txt,150,0.20,0.10,0.80,50,2,3,3177,0.942604,0.940,3177
training/12-mug100_25.txt,150,0.20,0.10,0.80,50,2,4,3177,0.942467,0.940,3177
training/12-mug100_25.txt,150,0.20,0.10,0.80,100,2,0,3177,0.941357,0.940,3177
training/12-mug100_25.txt,150,0.20,0.10,0.80,100,2,1,3177,0.943196,0.940,3177
training/12-mug100_25.txt,150,0.20,0.10,0.80,100,2,2,3177,0.941828,0.940,3177
training/12-mug100_25.txt,150,0.20,0.10,0.80,100,2,3,3177,0.940732,0.940,3177
training/12-mug100_25.txt,150,0.20,0.10,0.80,100,2,4,3177,0.943549,0.940,3177
training/12-mug100_25.txt,150,0.20,0.20,0.70,50,1,0,3177,0.940347,0.940,3177
training/12-mug100_25.txt,150,0.20,0.20,0.70,50,1,1,3177,0.941863,0.940,3177
training/12-mug100_25.txt,150,0.20,0.20,0.70,50,1,2,3177,0.941235,0.940,3177
training/12-mug100_25.txt,150,0.20,0.20,0.70,50,1,3,3178,0.943204,0.940,3177
training/12-mug100_25.txt,150,0.20,0.20,0.70,50,1,4,3177,0.942419,0.940,3177
training/12-mug100_25.txt,150,0.20,0.20,0.70,100,1,0,3177,0.943114,0.940,3177
training/12-mug100_25.txt,150,0.20,0.20,0.70,100,1,1,3178,0.940559,0.940,3177
training/12-mug100_25.txt,150,0.20,0.20,0.70,100,1,2,3177,0.942517,0.940,3177
training/12-mug100_25.txt,150,0.20,0.20,0.70,100,1,3,3177,0.94255,0.940,3177
training/12-mug100_25.txt,150,0.20,0.20,0.70,100,1,4,3177,0.943625,0.940,3177
training/12-mug100_25.txt,150,0.20,0.20,0.70,50,2,0,3177,0.943466,0.940,3177
training/12-mug100_25.txt,150,0.20,0.20,0.70,50,2,1,3177,0.941708,0.940,3177
training/12-mug100_25.txt,150,0.20,0.20,0.70,50,2,2,3177,0.943091,0.940,3177
training/12-mug100_25.txt,150,0.20,0.20,0.70,50,2,3,3177,0.940601,0.940,3177
training/12-mug100_25.txt,150,0.20,0.20,0.70,50,2,4,3177,0.942986,0.940,3177
training/12-mug100_25.txt,150,0.20,0.20,0.70,100,2,0,3177,0.943019,0.940,3177
training/12-mug100_25.txt,150,0.20,0.20,0.70,100,2,1,3177,0.940225,0.940,3177
training/12-mug100_25.txt,150,0.20,0.20,0.70,100,2,2,3177,0.942793,0.940,3177
training/12-mug100_25.txt,150,0.20,0.20,0.70,100,2,3,3177,0.941033,0.940,3177
training/12-mug100_25.txt,150,0.20,0.20,0.70,100,2,4,3177,0.942123,0.940,3177
training/12-mug100_25.txt,150,0.20,0.20,0.80,50,1,0,3177,0.943135,0.940,3177
training/12-mug100_25.txt,150,0.20,0.20,0.80,50,1,1,3177,0.942338,0.940,3177
training/12-mug100_25.txt,150,0.20,0.20,0.80,50,1,2,3177,0.940706,0.940,3177
training/12-mug100_25.txt,150,0.20,0.20,0.80,50,1,3,3177,0.940652,0.940,3177
training/12-mug100_25.txt,150,0.20,0.20,0.80,50,1,4,3177,0.942525,0.940,3177
training/12-mug100_25.txt,150,0.20,0.20,0.80,100,1,0,3177,0.942787,0.940,3177
training/12-mug100_25.txt,150,0.20,0.20,0.80,100,1,1,3177,0.940074,0.940,3177
training/12-mug100_25.txt,150,0.20,0.20,0.80,100,1,2,3177,0.942627,0.940,3177
training/12-mug100_25.txt,150,0.20,0.20,0.80,100,1,3,3177,0.942361,0.940,3177
training/12-mug100_25.txt,150,0.20,0.20,0.80,100,1,4,3177,0.940974,0.940,3177
training/12-mug100_25.txt,150,0.20,0.20,0.80,50,2,0,3177,0.942736,0.940,3177
training/12-mug100_25.txt,150,0.20,0.20,0.80,50,2,1,3177,0.943151,0.940,3177
training/12-mug100_25.txt,150,0.20,0.20,0.80,50,2,2,3177,0.94034,0.940,3177
training/12-mug100_25.txt,150,0.20,0.20,0.80,50,2,3,3177,0.943209,0.940,3177
training/12-mug100_25.txt,150,0.20,0.20,0.80,50,2,4,3177,0.941869,0.940,3177
training/12-mug100_25.txt,150,0.20,0.20,0.80,100,2,0,3177,0.943195,0.940,3177
training/12-mug100_25.txt,150,0.20,0.20,0.80,100,2,1,3177,0.942571,0.940,3177
training/12-mug100_25.txt,150,0.20,0.20,0.80,100,2,2,3177,0.940709,0.940,3177
training/12-mug100_25.txt,150,0.20,0.20,0.80,100,2,3,3177,0.94366,0.940,3177
training/12-mug100_25.txt,150,0.20,0.20,0.80,100,2,4,3177,0.940169,0.940,3177
training/12-mug100_25.txt,150,0.25,0.10,0.70,50,1,0,3177,0.942492,0.940,3177
training/12-mug100_25.txt,150,0.25,0.10,0.70,50,1,1,3177,0.943177,0.940,3177
training/12-mug100_25.txt,150,0.25,0.10,0.70,50,1,2,3177,0.943303,0.940,3177
training/12-mug100_25.txt,150,0.25,0.10,0.70,50,1,3,3177,0.94051,0.940,3177
training/12-mug100_25.txt,150,0.25,0.10,0.70,50,1,4,3177,0.942505,0.940,3177
training/12-mug100_25.txt,150,0.25,0.10,0.70,100,1,0,3177,0.940803,0.940,3177
training/12-mug100_25.txt,150,0.25,0.10,0.70,100,1,1,3177,0.941652,0.940,3177
training/12-mug100_25.txt,150,0.25,0.10,0.70,100,1,2,3177,0.941281,0.940,3177
training/12-mug100_25.txt,150,0.25,0.10,0.70,100,1,3,3177,0.943017,0.940,3177
training/12-mug100_25.txt,150,0.25,0.10,0.70,100,1,4,3177,0.943268,0.940,3177
training/12-mug100_25.txt,150,0.25,0.10,0.70,50,2,0,3177,0.940033,0.940,3177
training/12-mug100_25.txt,150,0.25,0.10,0.70,50,2,1,3177,0.941114,0.940,3177
training/12-mug100_25.txt,150,0.25,0.10,0.70,50,2,2,3177,0.942497,0.940,3177
training/12-mug100_25.txt,150,0.25,0.10,0.70,50,2,3,3177,0.941807,0.940,3177
training/12-mug100_25.txt,150,0.25,0.10,0.70,50,2,4,3177,0.940947,0.940,3177
training/12-mug100_25.txt,150,0.25,0.10,0.70,100,2,0,3177,0.943448,0.940,3177
training/12-mug100_25.txt,150,0.25,0.10,0.70,100,2,1,3177,0.940855,0.940,3177
training/12-mug100_25.txt,150,0.25,0.10,0.70,100,2,2,3177,0.942405,0.940,3177
training/12-mug100_25.txt,150,0.25,0.10,0.70,100,2,3,3177,0.942148,0.940,3177
training/12-mug100_25.txt,150,0.25,0.10,0.70,100,2,4,3177,0.940067,0.940,3177
training/12-mug100_25.txt,150,0.25,0.10,0.80,50,1,0,3177,0.943256,0.940,3177
training/12-mug100_25.txt,150,0.25,0.10,0.80,50,1,1,3177,0.943209,0.940,3177
training/12-mug100_25.txt,150,0.25,0.10,0.80,50,1,2,3177,0.942889,0.940,3177
training/12-mug100_25.txt,150,0.25,0.10,0.80,50,1,3,3177,0.942605,0.940,3177
training/12-mug100_25.txt,150,0.25,0.10,0.80,50,1,4,3177,0.9434,0.940,3177
training/12-mug100_25.txt,150,0.25,0.10,0.80,100,1,0,3177,0.940731,0.940,3177
training/12-mug100_25.txt,150,0.25,0.10,0.80,100,1,1,3177,0.942789,0.940,3177
training/12-mug100_25.txt,150,0.25,0.10,0.80,100,1,2,3177,0.943016,0.940,3177
training/12-mug100_25.txt,150,0.25,0.10,0.80,100,1,3,3177,0.941575,0.940,3177
training/12-mug100_25.txt,150,0.25,0.10,0.80,100,1,4,3177,0.941717,0.940,3177
training/12-mug100_25.txt,150,0.25,0.10,0.80,50,2,0,3177,0.940998,0.940,3177
training/12-mug100_25.txt,150,0.25,0.10,0.80,50,2,1,3177,0.94076,0.940,3177
training/12-mug100_25.txt,150,0.25,0.10,0.80,50,2,2,3177,0.941488,0.940,3177
training/12-mug100_25.txt,150,0.25,0.10,0.80,50,2,3,3177,0.941796,0.940,3177
training/12-mug100_25.txt,150,0.25,0.10,0.80,50,2,4,3177,0.942122,0.940,3177
training/12-mug100_25.txt,150,0.25,0.10,0.80,100,2,0,3177,0.942119,0.940,3177
training/12-mug100_25.txt,150,0.25,0.10,0.80,100,2,1,3177,0.942988,0.940,3177
training/12-mug100_25.txt,150,0.25,0.10,0.80,100,2,2,3177,0.943364,0.940,3177
training/12-mug100_25.txt,150,0.25,0.10,0.80,100,2,3,3177,0.940911,0.940,3177
training/12-mug100_25.txt,150,0.25,0.10,0.80,100,2,4,3177,0.943006,0.940,3177
training/12-mug100_25.txt,150,0.25,0.20,0.70,50,1,0,3177,0.941007,0.940,3177
training/12-mug100_25.txt,150,0.25,0.20,0.70,50,1,1,3177,0.943139,0.940,3177
training/12-mug100_25.txt,150,0.25,0.20,0.70,50,1,2,3178,0.940553,0.940,3177
training/12-mug100_25.txt,150,0.25,0.20,0.70,50,1,3,3177,0.941735,0.940,3177
training/12-mug100_25.txt,150,0.25,0.20,0.70,50,1,4,3177,0.941374,0.940,3177
training/12-mug100_25.txt,150,0.25,0.20,0.70,100,1,0,3177,0.943335,0.940,3177
training/12-mug100_25.txt,150,0.25,0.20,0.70,100,1,1,3177,0.942777,0.940,3177
training/12-mug100_25.txt,150,0.25,0.20,0.70,100,1,2,3177,0.940903,0.940,3177
training/12-mug100_25.txt,150,0.25,0.20,0.70,100,1,3,3177,0.940505,0.940,3177
training/12-mug100_25.txt,150,0.25,0.20,0.70,100,1,4,3177,0.943601,0.940,3177
training/12-mug100_25.txt,150,0.25,0.20,0.70,50,2,0,3177,0.940388,0.940,3177
training/12-mug100_25.txt,150,0.25,0.20,0.70,50,2,1,3177,0.942172,0.940,3177
training/12-mug100_25.txt,150,0.25,0.20,0.70,50,2,2,3177,0.942767,0.940,3177
training/12-mug100_25.txt,150,0.25,0.20,0.70,50,2,3,3177,0.941067,0.940,3177
training/12-mug100_25.txt,150,0.25,0.20,0.70,50,2,4,3177,0.941883,0.940,3177
training/12-mug100_25.txt,150,0.25,0.20,0.70,100,2,0,3177,0.942621,0.940,3177
training/12-mug100_25.txt,150,0.25,0.20,0.70,100,2,1,3177,0.940274,0.940,3177
training/12-mug100_25.txt,150,0.25,0.20,0.70,100,2,2,3177,0.941435,0.940,3177
training/12-mug100_25.txt,150,0.25,0.20,0.70,100,2,3,3177,0.941674,0.940,3177
training/12-mug100_25.txt,150,0.25,0.20,0.70,100,2,4,3177,0.940093,0.940,3177
training/12-mug100_25.txt,150,0.25,0.20,0.80,50,1,0,3177,0.943194,0.940,3177
training/12-mug100_25.txt,150,0.25,0.20,0.80,50,1,1,3177,0.940971,0.940,3177
training/12-mug100_25.txt,150,0.25,0.20,0.80,50,1,2,3177,0.942674,0.940,3177
training/12-mug100_25.txt,150,0.25,0.20,0.80,50,1,3,3177,0.942979,0.940,3177
training/12-mug100_25.txt,150,0.25,0.20,0.80,50,1,4,3177,0.941252,0.940,3177
training/12-mug100_25.txt,150,0.25,0.20,0.80,100,1,0,3177,0.943027,0.940,3177
training/12-mug100_25.txt,150,0.25,0.20,0.80,100,1,1,3177,0.942406,0.940,3177
training/12-mug100_25.txt,150,0.25,0.20,0.80,100,1,2,3177,0.941991,0.940,3177
training/12-mug100_25.txt,150,0.25,0.20,0.80,100,1,3,3177,0.943126,0.940,3177
training/12-mug100_25.txt,150,0.25,0.20,0.80,100,1,4,3177,0.940039,0.940,3177
training/12-mug100_25.txt,150,0.25,0.20,0.80,50,2,0,3177,0.942487,0.940,3177
training/12-mug100_25.txt,150,0.25,0.20,0.80,50,2,1,3177,0.941375,0.940,3177
training/12-mug100_25.txt,150,0.25,0.20,0.80,50,2,2,3177,0.943201,0.940,3177
training/12-mug100_25.txt,150,0.25,0.20,0.80,50,2,3,3177,0.943105,0.940,3177
training/12-mug100_25.txt,150,0.25,0.20,0.80,50,2,4,3177,0.942414,0.940,3177
training/12-mug100_25.txt,150,0.25,0.20,0.80,100,2,0,3177,0.94154,0.940,3177
training/12-mug100_25.txt,150,0.25,0.20,0.80,100,2,1,3177,0.940411,0.940,3177
training/12-mug100_25.txt,150,0.25,0.20,0.80,100,2,2,3177,0.940628,0.940,3177
training/12-mug100_25.txt,150,0.25,0.20,0.80,100,2,3,3177,0.941566,0.940,3177
training/12-mug100_25.txt,150,0.25,0.20,0.80,100,2,4,3177,0.942978,0.940,3177
training/12-mug100_25.txt,200,0.20,0.10,0.70,50,1,0,3177,0.940289,0.940,3177
training/12-mug100_25.txt,200,0.20,0.10,0.70,50,1,1,3177,0.94123,0.940,3177
training/12-mug100_25.txt,200,0.20,0.10,0.70,50,1,2,3177,0.941221,0.940,3177
training/12-mug100_25.txt,200,0.20,0.10,0.70,50,1,3,3177,0.940217,0.940,3177
training/12-mug100_25.txt,200,0.20,0.10,0.70,50,1,4,3177,0.940632,0.940,3177
training/12-mug100_25.txt,200,0.20,0.10,0.70,100,1,0,3177,0.943405,0.940,3177
training/12-mug100_25.txt,200,0.20,0.10,0.70,100,1,1,3177,0.942206,0.940,3177
training/12-mug100_25.txt,200,0.20,0.10,0.70,100,1,2,3177,0.940349,0.940,3177
training/12-mug100_25.txt,200,0.20,0.10,0.70,100,1,3,3177,0.944559,0.940,3177
training/12-mug100_25.txt,200,0.20,0.10,0.70,100,1,4,3177,0.941774,0.940,3177
training/12-mug100_25.txt,200,0.20,0.10,0.70,50,2,0,3177,0.944623,0.940,3177
training/12-mug100_25.txt,200,0.20,0.10,0.70,50,2,1,3177,0.943104,0.940,3177
training/12-mug100_25.txt,200,0.20,0.10,0.70,50,2,2,3177,0.943918,0.940,3177
training/12-mug100_25.txt,200,0.20,0.10,0.70,50,2,3,3177,0.941824,0.940,3177
training/12-mug100_25.txt,200,0.20,0.10,0.70,50,2,4,3177,0.943563,0.940,3177
training/12-mug100_25.txt,200,0.20,0.10,0.70,100,2,0,3177,0.942934,0.940,3177
training/12-mug100_25.txt,200,0.20,0.10,0.70,100,2,1,3177,0.943617,0.940,3177
training/12-mug100_25.txt,200,0.20,0.10,0.70,100,2,2,3177,0.943881,0.940,3177
training/12-mug100_25.txt,200,0.20,0.10,0.70,100,2,3,3177,0.943341,0.940,3177
training/12-mug100_25.txt,200,0.20,0.10,0.70,100,2,4,3177,0.942471,0.940,3177
training/12-mug100_25.txt,200,0.20,0.10,0.80,50,1,0,3177,0.943504,0.940,3177
training/12-mug100_25.txt,200,0.20,0.10,0.80,50,1,1,3177,0.944574,0.940,3177
training/12-mug100_25.txt,200,0.20,0.10,0.80,50,1,2,3177,0.940393,0.940,3177
training/12-mug100_25.txt,200,0.20,0.10,0.80,50,1,3,3177,0.944114,0.940,3177
training/12-mug100_25.txt,200,0.20,0.10,0.80,50,1,4,3177,0.94192,0.940,3177
training/12-mug100_25.txt,200,0.20,0.10,0.80,100,1,0,3177,0.944228,0.940,3177
training/12-mug100_25.txt,200,0.20,0.10,0.80,100,1,1,3177,0.944302,0.940,3177
training/12-mug100_25.txt,200,0.20,0.10,0.80,100,1,2,3177,0.944302,0.940,3177
training/12-mug100_25.txt,200,0.20,0.10,0.80,100,1,3,3177,0.94131,0.940,3177
training/12-mug100_25.txt,200,0.20,0.10,0.80,100,1,4,3177,0.941101,0.940,3177
training/12-mug100_25.txt,200,0.20,0.10,0.80,50,2,0,3177,0.940664,0.940,3177
training/12-mug100_25.txt,200,0.20,0.10,0.80,50,2,1,3177,0.941638,0.940,3177
training/12-mug100_25.txt,200,0.20,0.10,0.80,50,2,2,3177,0.942568,0.940,3177
training/12-mug100_25.txt,200,0.20,0.10,0.80,50,2,3,3177,0.942667,0.940,3177
training/12-mug100_25.txt,200,0.20,0.10,0.80,50,2,4,3177,0.940603,0.940,3177
training/12-mug100_25.txt,200,0.20,0.10,0.80,100,2,0,3177,0.941948,0.940,3177
training/12-mug100_25.txt,200,0.20,0.10,0.80,100,2,1,3177,0.943173,0.940,3177
training/12-mug100_25.txt,200,0.20,0.10,0.80,100,2,2,3177,0.942284,0.940,3177
training/12-mug100_25.txt,200,0.20,0.10,0.80,100,2,3,3177,0.944846,0.940,3177
training/12-mug100_25.txt,200,0.20,0.10,0.80,100,2,4,3177,0.944794,0.940,3177
training/12-mug100_25.txt,200,0.20,0.20,0.70,50,1,0,3177,0.943713,0.940,3177
training/12-mug100_25.txt,200,0.20,0.20,0.70,50,1,1,3177,0.943422,0.940,3177
training/12-mug100_25.txt,200,0.20,0.20,0.70,50,1,2,3177,0.941229,0.940,3177
training/12-mug100_25.txt,200,0.20,0.20,0.70,50,1,3,3177,0.943534,0.940,3177
training/12-mug100_25.txt,200,0.20,0.20,0.70,50,1,4,3177,0.942408,0.940,3177
training/12-mug100_25.txt,200,0.20,0.20,0.70,100,1,0,3177,0.942351,0.940,3177
training/12-mug100_25.txt,200,0.20,0.20,0.70,100,1,1,3177,0.944161,0.940,3177
training/12-mug100_25.txt,200,0.20,0.20,0.70,100,1,2,3177,0.943096,0.940,3177
training/12-mug100_25.txt,200,0.20,0.20,0.70,100,1,3,3177,0.943407,0.940,3177
training/12-mug100_25.txt,200,0.20,0.20,0.70,100,1,4,3177,0.942964,0.940,3177
training/12-mug100_25.txt,200,0.20,0.20,0.70,50,2,0,3177,0.943015,0.940,3177
training/12-mug100_25.txt,200,0.20,0.20,0.70,50,2,1,3177,0.943129,0.940,3177
training/12-mug100_25.txt,200,0.20,0.20,0.70,50,2,2,3177,0.943209,0.940,3177
training/12-mug100_25.txt,200,0.20,0.20,0.70,50,2,3,3177,0.944433,0.940,3177
training/12-mug100_25.txt,200,0.20,0.20,0.70,50,2,4,3177,0.940744,0.940,3177
training/12-mug100_25.txt,200,0.20,0.20,0.70,100,2,0,3177,0.940745,0.940,3177
training/12-mug100_25.txt,200,0.20,0.20,0.70,100,2,1,3177,0.941519,0.940,3177
training/12-mug100_25.txt,200,0.20,0.20,0.70,100,2,2,3177,0.940205,0.940,3177
training/12-mug100_25.txt,200,0.20,0.20,0.70,100,2,3,3177,0.940573,0.940,3177
training/12-mug100_25.txt,200,0.20,0.20,0.70,100,2,4,3177,0.942861,0.940,3177
training/12-mug100_25.txt,200,0.20,0.20,0.80,50,1,0,3177,0.940189,0.940,3177
training/12-mug100_25.txt,200,0.20,0.20,0.80,50,1,1,3177,0.941504,0.940,3177
training/12-mug100_25.txt,200,0.20,0.20,0.80,50,1,2,3177,0.941019,0.940,3177
training/12-mug100_25.txt,200,0.20,0.20,0.80,50,1,3,3177,0.941154,0.940,3177
training/12-mug100_25.txt,200,0.20,0.20,0.80,50,1,4,3177,0.941322,0.940,3177
training/12-mug100_25.txt,200,0.20,0.20,0.80,100,1,0,3177,0.943472,0.940,3177
training/12-mug100_25.txt,200,0.20,0.20,0.80,100,1,1,3177,0.943833,0.940,3177
training/12-mug100_25.txt,200,0.20,0.20,0.80,100,1,2,3177,0.940184,0.940,3177
training/12-mug100_25.txt,200,0.20,0.20,0.80,100,1,3,3177,0.941643,0.940,3177
training/12-mug100_25.txt,200,0.20,0.20,0.80,100,1,4,3177,0.943214,0.940,3177
training/12-mug100_25.txt,200,0.20,0.20,0.80,50,2,0,3177,0.942104,0.940,3177
training/12-mug100_25.txt,200,0.20,0.20,0.80,50,2,1,3177,0.942901,0.940,3177
training/12-mug100_25.txt,200,0.20,0.20,0.80,50,2,2,3177,0.943641,0.940,3177
training/12-mug100_25.txt,200,0.20,0.20,0.80,50,2,3,3177,0.941898,0.940,3177
training/12-mug100_25.txt,200,0.20,0.20,0.80,50,2,4,3177,0.941512,0.940,3177
training/12-mug100_25.txt,200,0.20,0.20,0.80,100,2,0,3177,0.942596,0.940,3177
training/12-mug100_25.txt,200,0.20,0.20,0.80,100,2,1,3177,0.943846,0.940,3177
training/12-mug100_25.txt,200,0.20,0.20,0.80,100,2,2,3177,0.940688,0.940,3177
training/12-mug100_25.txt,200,0.20,0.20,0.80,100,2,3,3177,0.942836,0.940,3177
training/12-mug100_25.txt,200,0.20,0.20,0.80,100,2,4,3177,0.940304,0.940,3177
training/12-mug100_25.txt,200,0.25,0.10,0.70,50,1,0,3177,0.941314,0.940,3177
training/12-mug100_25.txt,200,0.25,0.10,0.70,50,1,1,3177,0.946068,0.940,3177
training/12-mug100_25.txt,200,0.25,0.10,0.70,50,1,2,3177,0.941941,0.940,3177
training/12-mug100_25.txt,200,0.25,0.10,0.70,50,1,3,3178,0.944347,0.940,3177
training/12-mug100_25.txt,200,0.25,0.10,0.70,50,1,4,3177,0.94401,0.940,3177
training/12-mug100_25.txt,200,0.25,0.10,0.70,100,1,0,3177,0.940913,0.940,3177
training/12-mug100_25.txt,200,0.25,0.10,0.70,100,1,1,3177,0.940577,0.940,3177
training/12-mug100_25.txt,200,0.25,0.10,0.70,100,1,2,3177,0.941478,0.940,3177
training/12-mug100_25.txt,200,0.25,0.10,0.70,100,1,3,3177,0.943433,0.940,3177
training/12-mug100_25.txt,200,0.25,0.10,0.70,100,1,4,3177,0.943808,0.940,3177
training/12-mug100_25.txt,200,0.25,0.10,0.70,50,2,0,3177,0.940755,0.940,3177
training/12-mug100_25.txt,200,0.25,0.10,0.70,50,2,1,3177,0.942766,0.940,3177
training/12-mug100_25.txt,200,0.25,0.10,0.70,50,2,2,3177,0.941102,0.940,3177
training/12-mug100_25.txt,200,0.25,0.10,0.70,50,2,3,3177,0.940567,0.940,3177
training/12-mug100_25.txt,200,0.25,0.10,0.70,50,2,4,3177,0.940898,0.940,3177
training/12-mug100_25.txt,200,0.25,0.10,0.70,100,2,0,3177,0.940799,0.940,3177
training/12-mug100_25.txt,200,0.25,0.10,0.70,100,2,1,3177,0.942523,0.940,3177
training/12-mug100_25.txt,200,0.25,0.10,0.70,100,2,2,3177,0.943855,0.940,3177
training/12-mug100_25.txt,200,0.25,0.10,0.70,100,2,3,3177,0.943127,0.940,3177
training/12-mug100_25.txt,200,0.25,0.10,0.70,100,2,4,3177,0.942292,0.940,3177
training/12-mug100_25.txt,200,0.25,0.10,0.80,50,1,0,3177,0.94327,0.940,3177
training/12-mug100_25.txt,200,0.25,0.10,0.80,50,1,1,3177,0.941333,0.940,3177
training/12-mug100_25.txt,200,0.25,0.10,0.80,50,1,2,3177,0.941266,0.940,3177
training/12-mug100_25.txt,200,0.25,0.10,0.80,50,1,3,3177,0.941448,0.940,3177
training/12-mug100_25.txt,200,0.25,0.10,0.80,50,1,4,3177,0.940872,0.940,3177
training/12-mug100_25.txt,200,0.25,0.10,0.80,100,1,0,3177,0.94102,0.940,3177
training/12-mug100_25.txt,200,0.25,0.10,0.80,100,1,1,3177,0.942008,0.940,3177
training/12-mug100_25.txt,200,0.25,0.10,0.80,100,1,2,3177,0.942604,0.940,3177
training/12-mug100_25.txt,200,0.25,0.10,0.80,100,1,3,3177,0.944178,0.940,3177
training/12-mug100_25.txt,200,0.25,0.10,0.80,100,1,4,3177,0.94179,0.940,3177
training/12-mug100_25.txt,200,0.25,0.10,0.80,50,2,0,3177,0.942362,0.940,3177
training/12-mug100_25.txt,200,0.25,0.10,0.80,50,2,1,3177,0.94012,0.940,3177
training/12-mug100_25.txt,200,0.25,0.10,0.80,50,2,2,3177,0.943075,0.940,3177
training/12-mug100_25.txt,200,0.25,0.10,0.80,50,2,3,3177,0.941917,0.940,3177
training/12-mug100_25.txt,200,0.25,0.10,0.80,50,2,4,3177,0.943592,0.940,3177
training/12-mug100_25.txt,200,0.25,0.10,0.80,100,2,0,3177,0.941356,0.940,3177
training/12-mug100_25.txt,200,0.25,0.10,0.80,100,2,1,3177,0.943708,0.940,3177
training/12-mug100_25.txt,200,0.25,0.10,0.80,100,2,2,3177,0.943494,0.940,3177
training/12-mug100_25.txt,200,0.25,0.10,0.80,100,2,3,3178,0.943406,0.940,3177
training/12-mug100_25.txt,200,0.25,0.10,0.80,100,2,4,3177,0.94184,0.940,3177
training/12-mug100_25.txt,200,0.25,0.20,0.70,50,1,0,3177,0.943772,0.940,3177
training/12-mug100_25.txt,200,0.25,0.20,0.70,50,1,1,3177,0.94067,0.940,3177
training/12-mug100_25.txt,200,0.25,0.20,0.70,50,1,2,3177,0.942275,0.940,3177
training/12-mug100_25.txt,200,0.25,0.20,0.70,50,1,3,3177,0.940069,0.940,3177
training/12-mug100_25.txt,200,0.25,0.20,0.70,50,1,4,3177,0.941211,0.940,3177
training/12-mug100_25.txt,200,0.25,0.20,0.70,100,1,0,3177,0.941136,0.940,3177
training/12-mug100_25.txt,200,0.25,0.20,0.70,100,1,1,3177,0.942188,0.940,3177
training/12-mug100_25.txt,200,0.25,0.20,0.70,100,1,2,3177,0.941647,0.940,3177
training/12-mug100_25.txt,200,0.25,0.20,0.70,100,1,3,3177,0.943116,0.940,3177
training/12-mug100_25.txt,200,0.25,0.20,0.70,100,1,4,3177,0.940083,0.940,3177
training/12-mug100_25.txt,200,0.25,0.20,0.70,50,2,0,3177,0.940957,0.940,3177
training/12-mug100_25.txt,200,0.25,0.20,0.70,50,2,1,3177,0.941051,0.940,3177
training/12-mug100_25.txt,200,0.25,0.20,0.70,50,2,2,3178,0.94359,0.940,3177
training/12-mug100_25.txt,200,0.25,0.20,0.70,50,2,3,3177,0.942817,0.940,3177
training/12-mug100_25.txt,200,0.25,0.20,0.70,50,2,4,3177,0.944457,0.940,3177
training/12-mug100_25.txt,200,0.25,0.20,0.70,100,2,0,3177,0.942236,0.940,3177
training/12-mug100_25.txt,200,0.25,0.20,0.70,100,2,1,3177,0.941075,0.940,3177
training/12-mug100_25.txt,200,0.25,0.20,0.70,100,2,2,3177,0.944134,0.940,3177
training/12-mug100_25.txt,200,0.25,0.20,0.70,100,2,3,3177,0.940208,0.940,3177
training/12-mug100_25.txt,200,0.25,0.20,0.70,100,2,4,3177,0.942819,0.940,3177
training/12-mug100_25.txt,200,0.25,0.20,0.80,50,1,0,3177,0.940358,0.940,3177
training/12-mug100_25.txt,200,0.25,0.20,0.80,50,1,1,3177,0.940871,0.940,3177
training/12-mug100_25.txt,200,0.25,0.20,0.80,50,1,2,3177,0.944088,0.940,3177
training/12-mug100_25.txt,200,0.25,0.20,0.80,50,1,3,3177,0.942967,0.940,3177
training/12-mug100_25.txt,200,0.25,0.20,0.80,50,1,4,3177,0.941707,0.940,3177
training/12-mug100_25.txt,200,0.25,0.20,0.80,100,1,0,3177,0.942694,0.940,3177
training/12-mug100_25.txt,200,0.25,0.20,0.80,100,1,1,3177,0.944339,0.940,3177
training/12-mug100_25.txt,200,0.25,0.20,0.80,100,1,2,3177,0.942465,0.940,3177
training/12-mug100_25.txt,200,0.25,0.20,0.80,100,1,3,3177,0.943371,0.940,3177
training/12-mug100_25.txt,200,0.25,0.20,0.80,100,1,4,3177,0.945237,0.940,3177
training/12-mug100_25.txt,200,0.25,0.20,0.80,50,2,0,3177,0.941706,0.940,3177
training/12-mug100_25.txt,200,0.25,0.20,0.80,50,2,1,3177,0.940786,0.940,3177
training/12-mug100_25.txt,200,0.25,0.20,0.80,50,2,2,3177,0.941758,0.940,3177
training/12-mug100_25.txt,200,0.25,0.20,0.80,50,2,3,3177,0.944421,0.940,3177
training/12-mug100_25.txt,200,0.25,0.20,0.80,50,2,4,3177,0.940921,0.940,3177
training/12-mug100_25.txt,200,0.25,0.20,0.80,100,2,0,3177,0.940645,0.940,3177
training/12-mug100_25.txt,200,0.25,0.20,0.80,100,2,1,3177,0.941099,0.940,3177
training/12-mug100_25.txt,200,0.25,0.20,0.80,100,2,2,3177,0.941315,0.940,3177
training/12-mug100_25.txt,200,0.25,0.20,0.80,100,2,3,3177,0.945807,0.940,3177
training/12-mug100_25.txt,200,0.25,0.20,0.80,100,2,4,3177,0.940333,0.940,3177
training/13-huck.txt,100,0.20,0.10,0.70,50,1,0,1967,0.930017,0.929,1967
training/13-huck.txt,100,0.20,0.10,0.70,50,1,1,1967,0.930461,0.929,1967
training/13-huck.txt,100,0.20,0.10,0.70,50,1,2,1967,0.929907,0.929,1967
training/13-huck.txt,100,0.20,0.10,0.70,50,1,3,1967,0.930479,0.929,1967
training/13-huck.txt,100,0.20,0.10,0.70,50,1,4,1967,0.929449,0.929,1967
training/13-huck.txt,100,0.20,0.10,0.70,100,1,0,1967,0.931061,0.929,1967
training/13-huck.txt,100,0.20,0.10,0.70,100,1,1,1967,0.930413,0.929,1967
training/13-huck.txt,100,0.20,0.10,0.70,100,1,2,1967,0.930296,0.929,1967
training/13-huck.txt,100,0.20,0.10,0.70,100,1,3,1967,0.929614,0.929,1967
training/13-huck.txt,100,0.20,0.10,0.70,100,1,4,1967,0.92977,0.929,1967
training/13-huck.txt,100,0.20,0.10,0.70,50,2,0,1967,0.931256,0.929,1967
training/13-huck.txt,100,0.20,0.10,0.70,50,2,1,1967,0.93048,0.929,1967
training/13-huck.txt,100,0.20,0.10,0.70,50,2,2,1967,0.931632,0.929,1967
training/13-huck.txt,100,0.20,0.10,0.70,50,2,3,1967,0.930736,0.929,1967
training/13-huck.txt,100,0.20,0.10,0.70,50,2,4,1967,0.930945,0.929,1967
training/13-huck.txt,100,0.20,0.10,0.70,100,2,0,1967,0.929267,0.929,1967
training/13-huck.txt,100,0.20,0.10,0.70,100,2,1,1967,0.929537,0.929,1967
training/13-huck.txt,100,0.20,0.10,0.70,100,2,2,1967,0.929831,0.929,1967
training/13-huck.txt,100,0.20,0.10,0.70,100,2,3,1967,0.930456,0.929,1967
training/13-huck.txt,100,0.20,0.10,0.70,100,2,4,1967,0.93107,0.929,1967
training/13-huck.txt,100,0.20,0.10,0.80,50,1,0,1967,0.931174,0.929,1967
training/13-huck.txt,100,0.20,0.10,0.80,50,1,1,1967,0.930312,0.929,1967
training/13-huck.txt,100,0.20,0.10,0.80,50,1,2,1967,0.930173,0.929,1967
training/13-huck.txt,100,0.20,0.10,0.80,50,1,3,1967,0.929182,0.929,1967
training/13-huck.txt,100,0.20,0.10,0.80,50,1,4,1967,0.929675,0.929,1967
training/13-huck.txt,100,0.20,0.10,0.80,100,1,0,1967,0.92913,0.929,1967
training/13-huck.txt,100,0.20,0.10,0.80,100,1,1,1967,0.93085,0.929,1967
training/13-huck.txt,100,0.20,0.10,0.80,100,1,2,1967,0.930766,0.929,1967
training/13-huck.txt,100,0.20,0.10,0.80,100,1,3,1967,0.930074,0.929,1967
training/13-huck.txt,100,0.20,0.10,0.80,100,1,4,1967,0.930724,0.929,1967
training/13-huck.txt,100,0.20,0.10,0.80,50,2,0,1967,0.929084,0.929,1967
training/13-huck.txt,100,0.20,0.10,0.80,50,2,1,1967,0.929357,0.929,1967
training/13-huck.txt,100,0.20,0.10,0.80,50,2,2,1967,0.929517,0.929,1967
training/13-huck.txt,100,0.20,0.10,0.80,50,2,3,1967,0.929599,0.929,1967
training/13-huck.txt,100,0.20,0.10,0.80,50,2,4,1967,0.929723,0.929,1967
training/13-huck.txt,100,0.20,0.10,0.80,100,2,0,1967,0.930602,0.929,1967
training/13-huck.txt,100,0.20,0.10,0.80,100,2,1,1967,0.929844,0.929,1967
training/13-huck.txt,100,0.20,0.10,0.80,100,2,2,1967,0.929241,0.929,1967
training/13-huck.txt,100,0.20,0.10,0.80,100,2,3,1967,0.930738,0.929,1967
training/13-huck.txt,100,0.20,0.10,0.80,100,2,4,1967,0.930607,0.929,1967
training/13-huck.txt,100,0.20,0.20,0.70,50,1,0,1967,0.930345,0.929,1967
training/13-huck.txt,100,0.20,0.20,0.70,50,1,1,1967,0.93251,0.929,1967
training/13-huck.txt,100,0.20,0.20,0.70,50,1,2,1967,0.9309,0.929,1967
training/13-huck.txt,100,0.20,0.20,0.70,50,1,3,1967,0.929163,0.929,1967
training/13-huck.txt,100,0.20,0.20,0.70,50,1,4,1967,0.930507,0.929,1967
training/13-huck.txt,100,0.20,0.20,0.70,100,1,0,1967,0.929189,0.929,1967
training/13-huck.txt,100,0.20,0.20,0.70,100,1,1,1967,0.931123,0.929,1967
training/13-huck.txt,100,0.20,0.20,0.70,100,1,2,1967,0.929345,0.929,1967
training/13-huck.txt,100,0.20,0.20,0.70,100,1,3,1967,0.931097,0.929,1967
training/13-huck.txt,100,0.20,0.20,0.70,100,1,4,1967,0.929972,0.929,1967
training/13-huck.txt,100,0.20,0.20,0.70,50,2,0,1967,0.930374,0.929,1967
training/13-huck.txt,100,0.20,0.20,0.70,50,2,1,1967,0.931157,0.929,1967
training/13-huck.txt,100,0.20,0.20,0.70,50,2,2,1967,0.929378,0.929,1967
training/13-huck.txt,100,0.20,0.20,0.70,50,2,3,1967,0.929576,0.929,1967
training/13-huck.txt,100,0.20,0.20,0.70,50,2,4,1967,0.93015,0.929,1967
training/13-huck.txt,100,0.20,0.20,0.70,100,2,0,1967,0.929216,0.929,1967
training/13-huck.txt,100,0.20,0.20,0.70,100,2,1,1967,0.92999,0.929,1967
training/13-huck.txt,100,0.20,0.20,0.70,100,2,2,1967,0.929278,0.929,1967
training/13-huck.txt,100,0.20,0.20,0.70,100,2,3,1967,0.929509,0.929,1967
training/13-huck.txt,100,0.20,0.20,0.70,100,2,4,1967,0.929348,0.929,1967
training/13-huck.txt,100,0.20,0.20,0.80,50,1,0,1967,0.930146,0.929,1967
training/13-huck.txt,100,0.20,0.20,0.80,50,1,1,1967,0.929991,0.929,1967
training/13-huck.txt,100,0.20,0.20,0.80,50,1,2,1967,0.931027,0.929,1967
training/13-huck.txt,100,0.20,0.20,0.80,50,1,3,1967,0.930684,0.929,1967
training/13-huck.txt,100,0.20,0.20,0.80,50,1,4,1967,0.930921,0.929,1967
training/13-huck.txt,100,0.20,0.20,0.80,100,1,0,1967,0.92993,0.929,1967
training/13-huck.txt,100,0.20,0.20,0.80,100,1,1,1967,0.929557,0.929,1967
training/13-huck.txt,100,0.20,0.20,0.80,100,1,2,1967,0.930848,0.929,1967
training/13-huck.txt,100,0.20,0.20,0.80,100,1,3,1967,0.929379,0.929,1967
training/13-huck.txt,100,0.20,0.20,0.80,100,1,4,1967,0.930822,0.929,1967
training/13-huck.txt,100,0.20,0.20,0.80,50,2,0,1967,0.930544,0.929,1967
training/13-huck.txt,100,0.20,0.20,0.80,50,2,1,1967,0.930188,0.929,1967
training/13-huck.txt,100,0.20,0.20,0.80,50,2,2,1967,0.931135,0.929,1967
training/13-huck.txt,100,0.20,0.20,0.80,50,2,3,1967,0.930388,0.929,1967
training/13-huck.txt,100,0.20,0.20,0.80,50,2,4,1967,0.931097,0.929,1967
training/13-huck.txt,100,0.20,0.20,0.80,100,2,0,1967,0.930303,0.929,1967
training/13-huck.txt,100,0.20,0.20,0.80,100,2,1,1967,0.929219,0.929,1967
training/13-huck.txt,100,0.20,0.20,0.80,100,2,2,1967,0.929421,0.929,1967
training/13-huck.txt,100,0.20,0.20,0.80,100,2,3,1967,0.929597,0.929,1967
training/13-huck.txt,100,0.20,0.20,0.80,100,2,4,1967,0.929246,0.929,1967
training/13-huck.txt,100,0.25,0.10,0.70,50,1,0,1967,0.930267,0.929,1967
training/13-huck.txt,100,0.25,0.10,0.70,50,1,1,1967,0.93011,0.929,1967
training/13-huck.txt,100,0.25,0.10,0.70,50,1,2,1967,0.92931,0.929,1967
training/13-huck.txt,100,0.25,0.10,0.70,50,1,3,1967,0.929418,0.929,1967
training/13-huck.txt,100,0.25,0.10,0.70,50,1,4,1967,0.93062,0.929,1967
training/13-huck.txt,100,0.25,0.10,0.70,100,1,0,1967,0.929179,0.929,1967
training/13-huck.txt,100,0.25,0.10,0.70,100,1,1,1967,0.930391,0.929,1967
training/13-huck.txt,100,0.25,0.10,0.70,100,1,2,1967,0.930769,0.929,1967
training/13-huck.txt,100,0.25,0.10,0.70,100,1,3,1967,0.930104,0.929,1967
training/13-huck.txt,100,0.25,0.10,0.70,100,1,4,1967,0.930104,0.929,1967
training/13-huck.txt,100,0.25,0.10,0.70,50,2,0,1967,0.930901,0.929,1967
training/13-huck.txt,100,0.25,0.10,0.70,50,2,1,1967,0.929667,0.929,1967
training/13-huck.txt,100,0.25,0.10,0.70,50,2,2,1967,0.930346,0.929,1967
training/13-huck.txt,100,0.25,0.10,0.70,50,2,3,1967,0.929967,0.929,1967
training/13-huck.txt,100,0.25,0.10,0.70,50,2,4,1967,0.93004,0.929,1967
training/13-huck.txt,100,0.25,0.10,0.70,100,2,0,1967,0.930519,0.929,1967
training/13-huck.txt,100,0.25,0.10,0.70,100,2,1,1967,0.929601,0.929,1967
training/13-huck.txt,100,0.25,0.10,0.70,100,2,2,1967,0.930241,0.929,1967
training/13-huck.txt,100,0.25,0.10,0.70,100,2,3,1967,0.930849,0.929,1967
training/13-huck.txt,100,0.25,0.10,0.70,100,2,4,1967,0.929747,0.929,1967
training/13-huck.txt,100,0.25,0.10,0.80,50,1,0,1967,0.929452,0.929,1967
training/13-huck.txt,100,0.25,0.10,0.80,50,1,1,1967,0.929272,0.929,1967
training/13-huck.txt,100,0.25,0.10,0.80,50,1,2,1967,0.930283,0.929,1967
training/13-huck.txt,100,0.25,0.10,0.80,50,1,3,1967,0.931006,0.929,1967
training/13-huck.txt,100,0.25,0.10,0.80,50,1,4,1967,0.930063,0.929,1967
training/13-huck.txt,100,0.25,0.10,0.80,100,1,0,1967,0.930308,0.929,1967
training/13-huck.txt,100,0.25,0.10,0.80,100,1,1,1967,0.929499,0.929,1967
training/13-huck.txt,100,0.25,0.10,0.80,100,1,2,1967,0.929785,0.929,1967
training/13-huck.txt,100,0.25,0.10,0.80,100,1,3,1967,0.930087,0.929,1967
training/13-huck.txt,100,0.25,0.10,0.80,100,1,4,1967,0.929895,0.929,1967
training/13-huck.txt,100,0.25,0.10,0.80,50,2,0,1967,0.929833,0.929,1967
training/13-huck.txt,100,0.25,0.10,0.80,50,2,1,1967,0.930309,0.929,1967
training/13-huck.txt,100,0.25,0.10,0.80,50,2,2,1967,0.930696,0.929,1967
training/13-huck.txt,100,0.25,0.10,0.80,50,2,3,1967,0.929271,0.929,1967
training/13-huck.txt,100,0.25,0.10,0.80,50,2,4,1967,0.93007,0.929,1967
training/13-huck.txt,100,0.25,0.10,0.80,100,2,0,1967,0.929159,0.929,1967
training/13-huck.txt,100,0.25,0.10,0.80,100,2,1,1967,0.929039,0.929,1967
training/13-huck.txt,100,0.25,0.10,0.80,100,2,2,1967,0.929104,0.929,1967
training/13-huck.txt,100,0.25,0.10,0.80,100,2,3,1967,0.930307,0.929,1967
training/13-huck.txt,100,0.25,0.10,0.80,100,2,4,1967,0.930467,0.929,1967
training/13-huck.txt,100,0.25,0.20,0.70,50,1,0,1967,0.929258,0.929,1967
training/13-huck.txt,100,0.25,0.20,0.70,50,1,1,1967,0.929144,0.929,1967
training/13-huck.txt,100,0.25,0.20,0.70,50,1,2,1967,0.930214,0.929,1967
training/13-huck.txt,100,0.25,0.20,0.70,50,1,3,1967,0.929393,0.929,1967
training/13-huck.txt,100,0.25,0.20,0.70,50,1,4,1967,0.930197,0.929,1967
training/13-huck.txt,100,0.25,0.20,0.70,100,1,0,1967,0.929491,0.929,1967
training/13-huck.txt,100,0.25,0.20,0.70,100,1,1,1967,0.930995,0.929,1967
training/13-huck.txt,100,0.25,0.20,0.70,100,1,2,1967,0.929921,0.929,1967
training/13-huck.txt,100,0.25,0.20,0.70,100,1,3,1967,0.930932,0.929,1967
training/13-huck.txt,100,0.25,0.20,0.70,100,1,4,1967,0.929049,0.929,1967
training/13-huck.txt,100,0.25,0.20,0.70,50,2,0,1967,0.929698,0.929,1967
training/13-huck.txt,100,0.25,0.20,0.70,50,2,1,1967,0.929065,0.929,1967
training/13-huck.txt,100,0.25,0.20,0.70,50,2,2,1967,0.929815,0.929,1967
training/13-huck.txt,100,0.25,0.20,0.70,50,2,3,1967,0.930728,0.929,1967
training/13-huck.txt,100,0.25,0.20,0.70,50,2,4,1967,0.929084,0.929,1967
training/13-huck.txt,100,0.25,0.20,0.70,100,2,0,1967,0.929829,0.929,1967
training/13-huck.txt,100,0.25,0.20,0.70,100,2,1,1967,0.92937,0.929,1967
training/13-huck.txt,100,0.25,0.20,0.70,100,2,2,1967,0.929346,0.929,1967
training/13-huck.txt,100,0.25,0.20,0.70,100,2,3,1967,0.92965,0.929,1967
training/13-huck.txt,100,0.25,0.20,0.70,100,2,4,1967,0.930792,0.929,1967
training/13-huck.txt,100,0.25,0.20,0.80,50,1,0,1967,0.930189,0.929,1967
training/13-huck.txt,100,0.25,0.20,0.80,50,1,1,1967,0.930427,0.929,1967
training/13-huck.txt,100,0.25,0.20,0.80,50,1,2,1967,0.930696,0.929,1967
training/13-huck.txt,100,0.25,0.20,0.80,50,1,3,1967,0.929498,0.929,1967
training/13-huck.txt,100,0.25,0.20,0.80,50,1,4,1967,0.930123,0.929,1967
training/13-huck.txt,100,0.25,0.20,0.80,100,1,0,1967,0.929707,0.929,1967
training/13-huck.txt,100,0.25,0.20,0.80,100,1,1,1967,0.92934,0.929,1967
training/13-huck.txt,100,0.25,0.20,0.80,100,1,2,1967,0.930355,0.929,1967
training/13-huck.txt,100,0.25,0.20,0.80,100,1,3,1967,0.930314,0.929,1967
training/13-huck.txt,100,0.25,0.20,0.80,100,1,4,1967,0.929803,0.929,1967
training/13-huck.txt,100,0.25,0.20,0.80,50,2,0,1967,0.930759,0.929,1967
training/13-huck.txt,100,0.25,0.20,0.80,50,2,1,1967,0.929124,0.929,1967
training/13-huck.txt,100,0.25,0.20,0.80,50,2,2,1967,0.930879,0.929,1967
training/13-huck.txt,100,0.25,0.20,0.80,50,2,3,1967,0.932675,0.929,1967
training/13-huck.txt,100,0.25,0.20,0.80,50,2,4,1967,0.930808,0.929,1967
training/13-huck.txt,100,0.25,0.20,0.80,100,2,0,1967,0.929285,0.929,1967
training/13-huck.txt,100,0.25,0.20,0.80,100,2,1,1967,0.929191,0.929,1967
training/13-huck.txt,100,0.25,0.20,0.80,100,2,2,1967,0.930282,0.929,1967
training/13-huck.txt,100,0.25,0.20,0.80,100,2,3,1967,0.930987,0.929,1967
training/13-huck.txt,100,0.25,0.20,0.80,100,2,4,1967,0.930442,0.929,1967
training/13-huck.txt,150,0.20,0.10,0.70,50,1,0,1967,0.929944,0.929,1967
training/13-huck.txt,150,0.20,0.10,0.70,50,1,1,1967,0.929197,0.929,1967
training/13-huck.txt,150,0.20,0.10,0.70,50,1,2,1967,0.931278,0.929,1967
training/13-huck.txt,150,0.20,0.10,0.70,50,1,3,1967,0.929968,0.929,1967
training/13-huck.txt,150,0.20,0.10,0.70,50,1,4,1967,0.93091,0.929,1967
training/13-huck.txt,150,0.20,0.10,0.70,100,1,0,1967,0.929499,0.929,1967
training/13-huck.txt,150,0.20,0.10,0.70,100,1,1,1967,0.931062,0.929,1967
training/13-huck.txt,150,0.20,0.10,0.70,100,1,2,1967,0.929999,0.929,1967
training/13-huck.txt,150,0.20,0.10,0.70,100,1,3,1967,0.931892,0.929,1967
training/13-huck.txt,150,0.20,0.10,0.70,100,1,4,1967,0.931483,0.929,1967
training/13-huck.txt,150,0.20,0.10,0.70,50,2,0,1967,0.930275,0.929,1967
training/13-huck.txt,150,0.20,0.10,0.70,50,2,1,1967,0.930681,0.929,1967
training/13-huck.txt,150,0.20,0.10,0.70,50,2,2,1967,0.932286,0.929,1967
training/13-huck.txt,150,0.20,0.10,0.70,50,2,3,1967,0.931266,0.929,1967
training/13-huck.txt,150,0.20,0.10,0.70,50,2,4,1967,0.931992,0.929,1967
training/13-huck.txt,150,0.20,0.10,0.70,100,2,0,1967,0.930234,0.929,1967
training/13-huck.txt,150,0.20,0.10,0.70,100,2,1,1967,0.930019,0.929,1967
training/13-huck.txt,150,0.20,0.10,0.70,100,2,2,1967,0.931074,0.929,1967
training/13-huck.txt,150,0.20,0.10,0.70,100,2,3,1967,0.931181,0.929,1967
training/13-huck.txt,150,0.20,0.10,0.70,100,2,4,1967,0.930281,0.929,1967
training/13-huck.txt,150,0.20,0.10,0.80,50,1,0,1967,0.931764,0.929,1967
training/13-huck.txt,150,0.20,0.10,0.80,50,1,1,1967,0.932164,0.929,1967
training/13-huck.txt,150,0.20,0.10,0.80,50,1,2,1967,0.931023,0.929,1967
training/13-huck.txt,150,0.20,0.10,0.80,50,1,3,1967,0.929455,0.929,1967
training/13-huck.txt,150,0.20,0.10,0.80,50,1,4,1967,0.931427,0.929,1967
training/13-huck.txt,150,0.20,0.10,0.80,100,1,0,1967,0.930457,0.929,1967
training/13-huck.txt,150,0.20,0.10,0.80,100,1,1,1967,0.930596,0.929,1967
training/13-huck.txt,150,0.20,0.10,0.80,100,1,2,1967,0.931906,0.929,1967
training/13-huck.txt,150,0.20,0.10,0.80,100,1,3,1967,0.930889,0.929,1967
training/13-huck.txt,150,0.20,0.10,0.80,100,1,4,1967,0.929204,0.929,1967
training/13-huck.txt,150,0.20,0.10,0.80,50,2,0,1967,0.929312,0.929,1967
training/13-huck.txt,150,0.20,0.10,0.80,50,2,1,1967,0.930849,0.929,1967
training/13-huck.txt,150,0.20,0.10,0.80,50,2,2,1967,0.930024,0.929,1967
training/13-huck.txt,150,0.20,0.10,0.80,50,2,3,1967,0.931305,0.929,1967
training/13-huck.txt,150,0.20,0.10,0.80,50,2,4,1967,0.931906,0.929,1967
training/13-huck.txt,150,0.20,0.10,0.80,100,2,0,1967,0.929665,0.929,1967
training/13-huck.txt,150,0.20,0.10,0.80,100,2,1,1967,0.930927,0.929,1967
training/13-huck.txt,150,0.20,0.10,0.80,100,2,2,1967,0.931022,0.929,1967
training/13-huck.txt,150,0.20,0.10,0.80,100,2,3,1967,0.930491,0.929,1967
training/13-huck.txt,150,0.20,0.10,0.80,100,2,4,1967,0.931944,0.929,1967
training/13-huck.txt,150,0.20,0.20,0.70,50,1,0,1967,0.932133,0.929,1967
training/13-huck.txt,150,0.20,0.20,0.70,50,1,1,1967,0.931477,0.929,1967
training/13-huck.txt,150,0.20,0.20,0.70,50,1,2,1967,0.930293,0.929,1967
training/13-huck.txt,150,0.20,0.20,0.70,50,1,3,1967,0.930031,0.929,1967
training/13-huck.txt,150,0.20,0.20,0.70,50,1,4,1967,0.931566,0.929,1967
training/13-huck.txt,150,0.20,0.20,0.70,100,1,0,1967,0.930185,0.929,1967
training/13-huck.txt,150,0.20,0.20,0.70,100,1,1,1967,0.930146,0.929,1967
training/13-huck.txt,150,0.20,0.20,0.70,100,1,2,1967,0.92984,0.929,1967
training/13-huck.txt,150,0.20,0.20,0.70,100,1,3,1967,0.92906,0.929,1967
training/13-huck.txt,150,0.20,0.20,0.70,100,1,4,1967,0.931261,0.929,1967
training/13-huck.txt,150,0.20,0.20,0.70,50,2,0,1967,0.932098,0.929,1967
training/13-huck.txt,150,0.20,0.20,0.70,50,2,1,1967,0.930359,0.929,1967
training/13-huck.txt,150,0.20,0.20,0.70,50,2,2,1967,0.930628,0.929,1967
training/13-huck.txt,150,0.20,0.20,0.70,50,2,3,1967,0.930302,0.929,1967
training/13-huck.txt,150,0.20,0.20,0.70,50,2,4,1967,0.930369,0.929,1967
training/13-huck.txt,150,0.20,0.20,0.70,100,2,0,1967,0.930475,0.929,1967
training/13-huck.txt,150,0.20,0.20,0.70,100,2,1,1967,0.931979,0.929,1967
training/13-huck.txt,150,0.20,0.20,0.70,100,2,2,1967,0.929325,0.929,1967
training/13-huck.txt,150,0.20,0.20,0.70,100,2,3,1967,0.92955,0.929,1967
training/13-huck.txt,150,0.20,0.20,0.70,100,2,4,1967,0.930707,0.929,1967
training/13-huck.txt,150,0.20,0.20,0.80,50,1,0,1967,0.931693,0.929,1967
training/13-huck.txt,150,0.20,0.20,0.80,50,1,1,1967,0.931103,0.929,1967
training/13-huck.txt,150,0.20,0.20,0.80,50,1,2,1967,0.930276,0.929,1967
training/13-huck.txt,150,0.20,0.20,0.80,50,1,3,1967,0.930364,0.929,1967
training/13-huck.txt,150,0.20,0.20,0.80,50,1,4,1967,0.931497,0.929,1967
training/13-huck.txt,150,0.20,0.20,0.80,100,1,0,1967,0.929863,0.929,1967
training/13-huck.txt,150,0.20,0.20,0.80,100,1,1,1967,0.929486,0.929,1967
training/13-huck.txt,150,0.20,0.20,0.80,100,1,2,1967,0.930141,0.929,1967
training/13-huck.txt,150,0.20,0.20,0.80,100,1,3,1967,0.929637,0.929,1967
training/13-huck.txt,150,0.20,0.20,0.80,100,1,4,1967,0.931542,0.929,1967
training/13-huck.txt,150,0.20,0.20,0.80,50,2,0,1967,0.929887,0.929,1967
training/13-huck.txt,150,0.20,0.20,0.80,50,2,1,1967,0.931013,0.929,1967
training/13-huck.txt,150,0.20,0.20,0.80,50,2,2,1967,0.930602,0.929,1967
training/13-huck.txt,150,0.20,0.20,0.80,50,2,3,1967,0.931553,0.929,1967
training/13-huck.txt,150,0.20,0.20,0.80,50,2,4,1967,0.931076,0.929,1967
training/13-huck.txt,150,0.20,0.20,0.80,100,2,0,1967,0.930904,0.929,1967
training/13-huck.txt,150,0.20,0.20,0.80,100,2,1,1967,0.931477,0.929,1967
training/13-huck.txt,150,0.20,0.20,0.80,100,2,2,1967,0.929633,0.929,1967
training/13-huck.txt,150,0.20,0.20,0.80,100,2,3,1967,0.931271,0.929,1967
training/13-huck.txt,150,0.20,0.20,0.80,100,2,4,1967,0.929947,0.929,1967
training/13-huck.txt,150,0.25,0.10,0.70,50,1,0,1967,0.930415,0.929,1967
training/13-huck.txt,150,0.25,0.10,0.70,50,1,1,1967,0.930385,0.929,1967
training/13-huck.txt,150,0.25,0.10,0.70,50,1,2,1967,0.931539,0.929,1967
training/13-huck.txt,150,0.25,0.10,0.70,50,1,3,1967,0.929889,0.929,1967
training/13-huck.txt,150,0.25,0.10,0.70,50,1,4,1967,0.930647,0.929,1967
training/13-huck.txt,150,0.25,0.10,0.70,100,1,0,1967,0.929145,0.929,1967
training/13-huck.txt,150,0.25,0.10,0.70,100,1,1,1967,0.930598,0.929,1967
training/13-huck.txt,150,0.25,0.10,0.70,100,1,2,1967,0.930114,0.929,1967
training/13-huck.txt,150,0.25,0.10,0.70,100,1,3,1967,0.932121,0.929,1967
training/13-huck.txt,150,0.25,0.10,0.70,100,1,4,1967,0.931881,0.929,1967
training/13-huck.txt,150,0.25,0.10,0.70,50,2,0,1967,0.929484,0.929,1967
training/13-huck.txt,150,0.25,0.10,0.70,50,2,1,1967,0.932118,0.929,1967
training/13-huck.txt,150,0.25,0.10,0.70,50,2,2,1967,0.93182,0.929,1967
training/13-huck.txt,150,0.25,0.10,0.70,50,2,3,1967,0.931326,0.929,1967
training/13-huck.txt,150,0.25,0.10,0.70,50,2,4,1967,0.929968,0.929,1967
training/13-huck.txt,150,0.25,0.10,0.70,100,2,0,1967,0.929291,0.929,1967
training/13-huck.txt,150,0.25,0.10,0.70,100,2,1,1967,0.931934,0.929,1967
training/13-huck.txt,150,0.25,0.10,0.70,100,2,2,1967,0.929323,0.929,1967
training/13-huck.txt,150,0.25,0.10,0.70,100,2,3,1967,0.931601,0.929,1967
training/13-huck.txt,150,0.25,0.10,0.70,100,2,4,1967,0.930476,0.929,1967
training/13-huck.txt,150,0.25,0.10,0.80,50,1,0,1967,0.931193,0.929,1967
training/13-huck.txt,150,0.25,0.10,0.80,50,1,1,1967,0.929782,0.929,1967
training/13-huck.txt,150,0.25,0.10,0.80,50,1,2,1967,0.930205,0.929,1967
training/13-huck.txt,150,0.25,0.10,0.80,50,1,3,1967,0.929977,0.929,1967
training/13-huck.txt,150,0.25,0.10,0.80,50,1,4,1967,0.930573,0.929,1967
training/13-huck.txt,150,0.25,0.10,0.80,100,1,0,1967,0.930635,0.929,1967
training/13-huck.txt,150,0.25,0.10,0.80,100,1,1,1967,0.934554,0.929,1967
training/13-huck.txt,150,0.25,0.10,0.80,100,1,2,1967,0.929433,0.929,1967
training/13-huck.txt,150,0.25,0.10,0.80,100,1,3,1967,0.931103,0.929,1967
training/13-huck.txt,150,0.25,0.10,0.80,100,1,4,1967,0.929059,0.929,1967
training/13-huck.txt,150,0.25,0.10,0.80,50,2,0,1967,0.932119,0.929,1967
training/13-huck.txt,150,0.25,0.10,0.80,50,2,1,1967,0.931526,0.929,1967
training/13-huck.txt,150,0.25,0.10,0.80,50,2,2,1967,0.929091,0.929,1967
training/13-huck.txt,150,0.25,0.10,0.80,50,2,3,1967,0.93198,0.929,1967
training/13-huck.txt,150,0.25,0.10,0.80,50,2,4,1967,0.929935,0.929,1967
training/13-huck.txt,150,0.25,0.10,0.80,100,2,0,1967,0.929888,0.929,1967
training/13-huck.txt,150,0.25,0.10,0.80,100,2,1,1967,0.929536,0.929,1967
training/13-huck.txt,150,0.25,0.10,0.80,100,2,2,1967,0.931544,0.929,1967
training/13-huck.txt,150,0.25,0.10,0.80,100,2,3,1967,0.931972,0.929,1967
training/13-huck.txt,150,0.25,0.10,0.80,100,2,4,1967,0.930703,0.929,1967
training/13-huck.txt,150,0.25,0.20,0.70,50,1,0,1967,0.930139,0.929,1967
training/13-huck.txt,150,0.25,0.20,0.70,50,1,1,1967,0.931281,0.929,1967
training/13-huck.txt,150,0.25,0.20,0.70,50,1,2,1967,0.93124,0.929,1967
training/13-huck.txt,150,0.25,0.20,0.70,50,1,3,1967,0.930684,0.929,1967
training/13-huck.txt,150,0.25,0.20,0.70,50,1,4,1967,0.929627,0.929,1967
training/13-huck.txt,150,0.25,0.20,0.70,100,1,0,1967,0.929574,0.929,1967
training/13-huck.txt,150,0.25,0.20,0.70,100,1,1,1967,0.930488,0.929,1967
training/13-huck.txt,150,0.25,0.20,0.70,100,1,2,1967,0.931894,0.929,1967
training/13-huck.txt,150,0.25,0.20,0.70,100,1,3,1967,0.931214,0.929,1967
training/13-huck.txt,150,0.25,0.20,0.70,100,1,4,1967,0.930964,0.929,1967
training/13-huck.txt,150,0.25,0.20,0.70,50,2,0,1967,0.929221,0.929,1967
training/13-huck.txt,150,0.25,0.20,0.70,50,2,1,1967,0.931164,0.929,1967
training/13-huck.txt,150,0.25,0.20,0.70,50,2,2,1967,0.930378,0.929,1967
training/13-huck.txt,150,0.25,0.20,0.70,50,2,3,1967,0.931621,0.929,1967
training/13-huck.txt,150,0.25,0.20,0.70,50,2,4,1967,0.930441,0.929,1967
training/13-huck.txt,150,0.25,0.20,0.70,100,2,0,1967,0.931377,0.929,1967
training/13-huck.txt,150,0.25,0.20,0.70,100,2,1,1967,0.931334,0.929,1967
training/13-huck.txt,150,0.25,0.20,0.70,100,2,2,1967,0.932012,0.929,1967
training/13-huck.txt,150,0.25,0.20,0.70,100,2,3,1967,0.931635,0.929,1967
training/13-huck.txt,150,0.25,0.20,0.70,100,2,4,1967,0.931916,0.929,1967
training/13-huck.txt,150,0.25,0.20,0.80,50,1,0,1967,0.93008,0.929,1967
training/13-huck.txt,150,0.25,0.20,0.80,50,1,1,1967,0.930439,0.929,1967
training/13-huck.txt,150,0.25,0.20,0.80,50,1,2,1967,0.931965,0.929,1967
training/13-huck.txt,150,0.25,0.20,0.80,50,1,3,1967,0.92933,0.929,1967
training/13-huck.txt,150,0.25,0.20,0.80,50,1,4,1967,0.929341,0.929,1967
training/13-huck.txt,150,0.25,0.20,0.80,100,1,0,1967,0.92921,0.929,1967
training/13-huck.txt,150,0.25,0.20,0.80,100,1,1,1967,0.934201,0.929,1967
training/13-huck.txt,150,0.25,0.20,0.80,100,1,2,1967,0.929385,0.929,1967
training/13-huck.txt,150,0.25,0.20,0.80,100,1,3,1967,0.930609,0.929,1967
training/13-huck.txt,150,0.25,0.20,0.80,100,1,4,1967,0.930374,0.929,1967
training/13-huck.txt,150,0.25,0.20,0.80,50,2,0,1967,0.934026,0.929,1967
training/13-huck.txt,150,0.25,0.20,0.80,50,2,1,1967,0.929749,0.929,1967
training/13-huck.txt,150,0.25,0.20,0.80,50,2,2,1967,0.929126,0.929,1967
training/13-huck.txt,150,0.25,0.20,0.80,50,2,3,1967,0.931738,0.929,1967
training/13-huck.txt,150,0.25,0.20,0.80,50,2,4,1967,0.930388,0.929,1967
training/13-huck.txt,150,0.25,0.20,0.80,100,2,0,1967,0.929529,0.929,1967
training/13-huck.txt,150,0.25,0.20,0.80,100,2,1,1967,0.929267,0.929,1967
training/13-huck.txt,150,0.25,0.20,0.80,100,2,2,1967,0.931327,0.929,1967
training/13-huck.txt,150,0.25,0.20,0.80,100,2,3,1967,0.931702,0.929,1967
training/13-huck.txt,150,0.25,0.20,0.80,100,2,4,1967,0.931074,0.929,1967
training/13-huck.txt,200,0.20,0.10,0.70,50,1,0,1967,0.929866,0.929,1967
training/13-huck.txt,200,0.20,0.10,0.70,50,1,1,1967,0.932207,0.929,1967
training/13-huck.txt,200,0.20,0.10,0.70,50,1,2,1967,0.931375,0.929,1967
training/13-huck.txt,200,0.20,0.10,0.70,50,1,3,1967,0.931644,0.929,1967
training/13-huck.txt,200,0.20,0.10,0.70,50,1,4,1967,0.931302,0.929,1967
training/13-huck.txt,200,0.20,0.10,0.70,100,1,0,1967,0.929972,0.929,1967
training/13-huck.txt,200,0.20,0.10,0.70,100,1,1,1967,0.929782,0.929,1967
training/13-huck.txt,200,0.20,0.10,0.70,100,1,2,1967,0.931548,0.929,1967
training/13-huck.txt,200,0.20,0.10,0.70,100,1,3,1967,0.929224,0.929,1967
training/13-huck.txt,200,0.20,0.10,0.70,100,1,4,1967,0.929047,0.929,1967
training/13-huck.txt,200,0.20,0.10,0.70,50,2,0,1967,0.930724,0.929,1967
training/13-huck.txt,200,0.20,0.10,0.70,50,2,1,1967,0.932796,0.929,1967
training/13-huck.txt,200,0.20,0.10,0.70,50,2,2,1967,0.93282,0.929,1967
training/13-huck.txt,200,0.20,0.10,0.70,50,2,3,1967,0.930392,0.929,1967
training/13-huck.txt,200,0.20,0.10,0.70,50,2,4,1967,0.931098,0.929,1967
training/13-huck.txt,200,0.20,0.10,0.70,100,2,0,1967,0.931698,0.929,1967
training/13-huck.txt,200,0.20,0.10,0.70,100,2,1,1967,0.93153,0.929,1967
training/13-huck.txt,200,0.20,0.10,0.70,100,2,2,1967,0.93264,0.929,1967
training/13-huck.txt,200,0.20,0.10,0.70,100,2,3,1967,0.931468,0.929,1967
training/13-huck.txt,200,0.20,0.10,0.70,100,2,4,1967,0.932314,0.929,1967
training/13-huck.txt,200,0.20,0.10,0.80,50,1,0,1967,0.933773,0.929,1967
training/13-huck.txt,200,0.20,0.10,0.80,50,1,1,1967,0.931566,0.929,1967
training/13-huck.txt,200,0.20,0.10,0.80,50,1,2,1967,0.929985,0.929,1967
training/13-huck.txt,200,0.20,0.10,0.80,50,1,3,1967,0.932893,0.929,1967
training/13-huck.txt,200,0.20,0.10,0.80,50,1,4,1967,0.929083,0.929,1967
training/13-huck.txt,200,0.20,0.10,0.80,100,1,0,1967,0.930408,0.929,1967
training/13-huck.txt,200,0.20,0.10,0.80,100,1,1,1967,0.930614,0.929,1967
training/13-huck.txt,200,0.20,0.10,0.80,100,1,2,1967,0.930124,0.929,1967
training/13-huck.txt,200,0.20,0.10,0.80,100,1,3,1967,0.93753,0.929,1967
training/13-huck.txt,200,0.20,0.10,0.80,100,1,4,1967,0.929676,0.929,1967
training/13-huck.txt,200,0.20,0.10,0.80,50,2,0,1967,0.929673,0.929,1967
training/13-huck.txt,200,0.20,0.10,0.80,50,2,1,1967,0.93177,0.929,1967
training/13-huck.txt,200,0.20,0.10,0.80,50,2,2,1967,0.93197,0.929,1967
training/13-huck.txt,200,0.20,0.10,0.80,50,2,3,1967,0.931879,0.929,1967
training/13-huck.txt,200,0.20,0.10,0.80,50,2,4,1967,0.930983,0.929,1967
training/13-huck.txt,200,0.20,0.10,0.80,100,2,0,1967,0.929411,0.929,1967
training/13-huck.txt,200,0.20,0.10,0.80,100,2,1,1967,0.931149,0.929,1967
training/13-huck.txt,200,0.20,0.10,0.80,100,2,2,1967,0.930744,0.929,1967
training/13-huck.txt,200,0.20,0.10,0.80,100,2,3,1967,0.929431,0.929,1967
training/13-huck.txt,200,0.20,0.10,0.80,100,2,4,1967,0.929407,0.929,1967
training/13-huck.txt,200,0.20,0.20,0.70,50,1,0,1967,0.930311,0.929,1967
training/13-huck.txt,200,0.20,0.20,0.70,50,1,1,1967,0.93297,0.929,1967
training/13-huck.txt,200,0.20,0.20,0.70,50,1,2,1967,0.932214,0.929,1967
training/13-huck.txt,200,0.20,0.20,0.70,50,1,3,1967,0.930432,0.929,1967
training/13-huck.txt,200,0.20,0.20,0.70,50,1,4,1967,0.931409,0.929,1967
training/13-huck.txt,200,0.20,0.20,0.70,100,1,0,1967,0.933204,0.929,1967
training/13-huck.txt,200,0.20,0.20,0.70,100,1,1,1967,0.931422,0.929,1967
training/13-huck.txt,200,0.20,0.20,0.70,100,1,2,1967,0.930773,0.929,1967
training/13-huck.txt,200,0.20,0.20,0.70,100,1,3,1967,0.930244,0.929,1967
training/13-huck.txt,200,0.20,0.20,0.70,100,1,4,1967,0.932333,0.929,1967
training/13-huck.txt,200,0.20,0.20,0.70,50,2,0,1967,0.929442,0.929,1967
training/13-huck.txt,200,0.20,0.20,0.70,50,2,1,1967,0.929593,0.929,1967
training/13-huck.txt,200,0.20,0.20,0.70,50,2,2,1967,0.932789,0.929,1967
training/13-huck.txt,200,0.20,0.20,0.70,50,2,3,1967,0.929861,0.929,1967
training/13-huck.txt,200,0.20,0.20,0.70,50,2,4,1967,0.932816,0.929,1967
training/13-huck.txt,200,0.20,0.20,0.70,100,2,0,1967,0.929888,0.929,1967
training/13-huck.txt,200,0.20,0.20,0.70,100,2,1,1967,0.931697,0.929,1967
training/13-huck.txt,200,0.20,0.20,0.70,100,2,2,1967,0.93239,0.929,1967
training/13-huck.txt,200,0.20,0.20,0.70,100,2,3,1967,0.929773,0.929,1967
training/13-huck.txt,200,0.20,0.20,0.70,100,2,4,1967,0.931843,0.929,1967
training/13-huck.txt,200,0.20,0.20,0.80,50,1,0,1967,0.9299,0.929,1967
training/13-huck.txt,200,0.20,0.20,0.80,50,1,1,1967,0.932572,0.929,1967
training/13-huck.txt,200,0.20,0.20,0.80,50,1,2,1967,0.929285,0.929,1967
training/13-huck.txt,200,0.20,0.20,0.80,50,1,3,1967,0.932131,0.929,1967
training/13-huck.txt,200,0.20,0.20,0.80,50,1,4,1967,0.93312,0.929,1967
training/13-huck.txt,200,0.20,0.20,0.80,100,1,0,1967,0.930134,0.929,1967
training/13-huck.txt,200,0.20,0.20,0.80,100,1,1,1967,0.932147,0.929,1967
training/13-huck.txt,200,0.20,0.20,0.80,100,1,2,1967,0.930699,0.929,1967
training/13-huck.txt,200,0.20,0.20,0.80,100,1,3,1967,0.930503,0.929,1967
training/13-huck.txt,200,0.20,0.20,0.80,100,1,4,1967,0.933059,0.929,1967
training/13-huck.txt,200,0.20,0.20,0.80,50,2,0,1967,0.930911,0.929,1967
training/13-huck.txt,200,0.20,0.20,0.80,50,2,1,1967,0.930676,0.929,1967
training/13-huck.txt,200,0.20,0.20,0.80,50,2,2,1967,0.932886,0.929,1967
training/13-huck.txt,200,0.20,0.20,0.80,50,2,3,1967,0.929081,0.929,1967
training/13-huck.txt,200,0.20,0.20,0.80,50,2,4,1967,0.931867,0.929,1967
training/13-huck.txt,200,0.20,0.20,0.80,100,2,0,1967,0.929675,0.929,1967
training/13-huck.txt,200,0.20,0.20,0.80,100,2,1,1967,0.931257,0.929,1967
training/13-huck.txt,200,0.20,0.20,0.80,100,2,2,1967,0.93001,0.929,1967
training/13-huck.txt,200,0.20,0.20,0.80,100,2,3,1967,0.931052,0.929,1967
training/13-huck.txt,200,0.20,0.20,0.80,100,2,4,1967,0.932686,0.929,1967
training/13-huck.txt,200,0.25,0.10,0.70,50,1,0,1967,0.931627,0.929,1967
training/13-huck.txt,200,0.25,0.10,0.70,50,1,1,1967,0.930423,0.929,1967
training/13-huck.txt,200,0.25,0.10,0.70,50,1,2,1967,0.930781,0.929,1967
training/13-huck.txt,200,0.25,0.10,0.70,50,1,3,1967,0.930143,0.929,1967
training/13-huck.txt,200,0.25,0.10,0.70,50,1,4,1967,0.932517,0.929,1967
training/13-huck.txt,200,0.25,0.10,0.70,100,1,0,1967,0.929486,0.929,1967
training/13-huck.txt,200,0.25,0.10,0.70,100,1,1,1967,0.930048,0.929,1967
training/13-huck.txt,200,0.25,0.10,0.70,100,1,2,1967,0.931327,0.929,1967
training/13-huck.txt,200,0.25,0.10,0.70,100,1,3,1967,0.932879,0.929,1967
training/13-huck.txt,200,0.25,0.10,0.70,100,1,4,1967,0.931304,0.929,1967
training/13-huck.txt,200,0.25,0.10,0.70,50,2,0,1967,0.932967,0.929,1967
training/13-huck.txt,200,0.25,0.10,0.70,50,2,1,1967,0.931037,0.929,1967
training/13-huck.txt,200,0.25,0.10,0.70,50,2,2,1967,0.931381,0.929,1967
training/13-huck.txt,200,0.25,0.10,0.70,50,2,3,1967,0.931522,0.929,1967
training/13-huck.txt,200,0.25,0.10,0.70,50,2,4,1967,0.929153,0.929,1967
training/13-huck.txt,200,0.25,0.10,0.70,100,2,0,1967,0.93095,0.929,1967
training/13-huck.txt,200,0.25,0.10,0.70,100,2,1,1967,0.932763,0.929,1967
training/13-huck.txt,200,0.25,0.10,0.70,100,2,2,1967,0.929787,0.929,1967
training/13-huck.txt,200,0.25,0.10,0.70,100,2,3,1967,0.930772,0.929,1967
training/13-huck.txt,200,0.25,0.10,0.70,100,2,4,1967,0.930124,0.929,1967
training/13-huck.txt,200,0.25,0.10,0.80,50,1,0,1967,0.929513,0.929,1967
training/13-huck.txt,200,0.25,0.10,0.80,50,1,1,1967,0.929266,0.929,1967
training/13-huck.txt,200,0.25,0.10,0.80,50,1,2,1967,0.93263,0.929,1967
training/13-huck.txt,200,0.25,0.10,0.80,50,1,3,1967,0.931567,0.929,1967
training/13-huck.txt,200,0.25,0.10,0.80,50,1,4,1967,0.931798,0.929,1967
training/13-huck.txt,200,0.25,0.10,0.80,100,1,0,1967,0.930253,0.929,1967
training/13-huck.txt,200,0.25,0.10,0.80,100,1,1,1967,0.931617,0.929,1967
training/13-huck.txt,200,0.25,0.10,0.80,100,1,2,1967,0.932971,0.929,1967
training/13-huck.txt,200,0.25,0.10,0.80,100,1,3,1967,0.930755,0.929,1967
training/13-huck.txt,200,0.25,0.10,0.80,100,1,4,1967,0.931884,0.929,1967
training/13-huck.txt,200,0.25,0.10,0.80,50,2,0,1967,0.931001,0.929,1967
training/13-huck.txt,200,0.25,0.10,0.80,50,2,1,1967,0.929486,0.929,1967
training/13-huck.txt,200,0.25,0.10,0.80,50,2,2,1967,0.932977,0.929,1967
training/13-huck.txt,200,0.25,0.10,0.80,50,2,3,1967,0.93037,0.929,1967
training/13-huck.txt,200,0.25,0.10,0.80,50,2,4,1967,0.92938,0.929,1967
training/13-huck.txt,200,0.25,0.10,0.80,100,2,0,1967,0.930192,0.929,1967
training/13-huck.txt,200,0.25,0.10,0.80,100,2,1,1967,0.929829,0.929,1967
training/13-huck.txt,200,0.25,0.10,0.80,100,2,2,1967,0.93188,0.929,1967
training/13-huck.txt,200,0.25,0.10,0.80,100,2,3,1967,0.931363,0.929,1967
training/13-huck.txt,200,0.25,0.10,0.80,100,2,4,1967,0.929844,0.929,1967
training/13-huck.txt,200,0.25,0.20,0.70,50,1,0,1967,0.930193,0.929,1967
training/13-huck.txt,200,0.25,0.20,0.70,50,1,1,1967,0.931409,0.929,1967
training/13-huck.txt,200,0.25,0.20,0.70,50,1,2,1967,0.932242,0.929,1967
training/13-huck.txt,200,0.25,0.20,0.70,50,1,3,1967,0.931427,0.929,1967
training/13-huck.txt,200,0.25,0.20,0.70,50,1,4,1967,0.932905,0.929,1967
training/13-huck.txt,200,0.25,0.20,0.70,100,1,0,1967,0.929485,0.929,1967
training/13-huck.txt,200,0.25,0.20,0.70,100,1,1,1967,0.930571,0.929,1967
training/13-huck.txt,200,0.25,0.20,0.70,100,1,2,1967,0.930785,0.929,1967
training/13-huck.txt,200,0.25,0.20,0.70,100,1,3,1967,0.931385,0.929,1967
training/13-huck.txt,200,0.25,0.20,0.70,100,1,4,1967,0.92987,0.929,1967
training/13-huck.txt,200,0.25,0.20,0.70,50,2,0,1967,0.930002,0.929,1967
training/13-huck.txt,200,0.25,0.20,0.70,50,2,1,1967,0.930834,0.929,1967
training/13-huck.txt,200,0.25,0.20,0.70,50,2,2,1967,0.932548,0.929,1967
training/13-huck.txt,200,0.25,0.20,0.70,50,2,3,1967,0.93281,0.929,1967
training/13-huck.txt,200,0.25,0.20,0.70,50,2,4,1967,0.933659,0.929,1967
training/13-huck.txt,200,0.25,0.20,0.70,100,2,0,1967,0.931171,0.929,1967
training/13-huck.txt,200,0.25,0.20,0.70,100,2,1,1967,0.929628,0.929,1967
training/13-huck.txt,200,0.25,0.20,0.70,100,2,2,1967,0.931337,0.929,1967
training/13-huck.txt,200,0.25,0.20,0.70,100,2,3,1967,0.931927,0.929,1967
training/13-huck.txt,200,0.25,0.20,0.70,100,2,4,1967,0.929878,0.929,1967
training/13-huck.txt,200,0.25,0.20,0.80,50,1,0,1967,0.930987,0.929,1967
training/13-huck.txt,200,0.25,0.20,0.80,50,1,1,1967,0.933578,0.929,1967
training/13-huck.txt,200,0.25,0.20,0.80,50,1,2,1967,0.931859,0.929,1967
training/13-huck.txt,200,0.25,0.20,0.80,50,1,3,1967,0.929763,0.929,1967
training/13-huck.txt,200,0.25,0.20,0.80,50,1,4,1967,0.932866,0.929,1967
training/13-huck.txt,200,0.25,0.20,0.80,100,1,0,1967,0.930836,0.929,1967
training/13-huck.txt,200,0.25,0.20,0.80,100,1,1,1967,0.931728,0.929,1967
training/13-huck.txt,200,0.25,0.20,0.80,100,1,2,1967,0.930047,0.929,1967
training/13-huck.txt,200,0.25,0.20,0.80,100,1,3,1967,0.932917,0.929,1967
training/13-huck.txt,200,0.25,0.20,0.80,100,1,4,1967,0.93145,0.929,1967
training/13-huck.txt,200,0.25,0.20,0.80,50,2,0,1967,0.932448,0.929,1967
training/13-huck.txt,200,0.25,0.20,0.80,50,2,1,1967,0.931049,0.929,1967
training/13-huck.txt,200,0.25,0.20,0.80,50,2,2,1967,0.930621,0.929,1967
training/13-huck.txt,200,0.25,0.20,0.80,50,2,3,1967,0.932565,0.929,1967
training/13-huck.txt,200,0.25,0.20,0.80,50,2,4,1967,0.931949,0.929,1967
training/13-huck.txt,200,0.25,0.20,0.80,100,2,0,1967,0.929672,0.929,1967
training/13-huck.txt,200,0.25,0.20,0.80,100,2,1,1967,0.932385,0.929,1967
training/13-huck.txt,200,0.25,0.20,0.80,100,2,2,1967,0.930963,0.929,1967
training/13-huck.txt,200,0.25,0.20,0.80,100,2,3,1967,0.930117,0.929,1967
training/13-huck.txt,200,0.25,0.20,0.80,100,2,4,1967,0.932872,0.929,1967
training/14-games120.txt,100,0.20,0.10,0.70,50,1,0,4363,2.0253,2.023,4351
training/14-games120.txt,100,0.20,0.10,0.70,50,1,1,4351,2.02693,2.023,4351
training/14-games120.txt,100,0.20,0.10,0.70,50,1,2,4351,2.02705,2.023,4351
training/14-games120.txt,100,0.20,0.10,0.70,50,1,3,4363,2.02556,2.023,4351
training/14-games120.txt,100,0.20,0.10,0.70,50,1,4,4351,2.02564,2.023,4351
training/14-games120.txt,100,0.20,0.10,0.70,100,1,0,4370,2.02388,2.023,4351
training/14-games120.txt,100,0.20,0.10,0.70,100,1,1,4366,2.02634,2.023,4351
training/14-games120.txt,100,0.20,0.10,0.70,100,1,2,4363,2.02642,2.023,4351
training/14-games120.txt,100,0.20,0.10,0.70,100,1,3,4367,2.02417,2.023,4351
training/14-games120.txt,100,0.20,0.10,0.70,100,1,4,4360,2.02559,2.023,4351
training/14-games120.txt,100,0.20,0.10,0.70,50,2,0,4381,2.0245,2.023,4351
training/14-games120.txt,100,0.20,0.10,0.70,50,2,1,4366,2.02363,2.023,4351
training/14-games120.txt,100,0.20,0.10,0.70,50,2,2,4369,2.02545,2.023,4351
training/14-games120.txt,100,0.20,0.10,0.70,50,2,3,4363,2.02441,2.023,4351
training/14-games120.txt,100,0.20,0.10,0.70,50,2,4,4360,2.02384,2.023,4351
training/14-games120.txt,100,0.20,0.10,0.70,100,2,0,4375,2.02749,2.023,4351
training/14-games120.txt,100,0.20,0.10,0.70,100,2,1,4366,2.02721,2.023,4351
training/14-games120.txt,100,0.20,0.10,0.70,100,2,2,4351,2.02376,2.023,4351
training/14-games120.txt,100,0.20,0.10,0.70,100,2,3,4370,2.02751,2.023,4351
training/14-games120.txt,100,0.20,0.10,0.70,100,2,4,4360,2.02425,2.023,4351
training/14-games120.txt,100,0.20,0.10,0.80,50,1,0,4360,2.02507,2.023,4351
training/14-games120.txt,100,0.20,0.10,0.80,50,1,1,4363,2.02804,2.023,4351
training/14-games120.txt,100,0.20,0.10,0.80,50,1,2,4404,2.02449,2.023,4351
training/14-games120.txt,100,0.20,0.10,0.80,50,1,3,4372,2.02487,2.023,4351
training/14-games120.txt,100,0.20,0.10,0.80,50,1,4,4351,2.02708,2.023,4351
training/14-games120.txt,100,0.20,0.10,0.80,100,1,0,4360,2.02767,2.023,4351
training/14-games120.txt,100,0.20,0.10,0.80,100,1,1,4400,2.02654,2.023,4351
training/14-games120.txt,100,0.20,0.10,0.80,100,1,2,4360,2.02333,2.023,4351
training/14-games120.txt,100,0.20,0.10,0.80,100,1,3,4370,2.02777,2.023,4351
training/14-games120.txt,100,0.20,0.10,0.80,100,1,4,4379,2.02512,2.023,4351
training/14-games120.txt,100,0.20,0.10,0.80,50,2,0,4360,2.02519,2.023,4351
training/14-games120.txt,100,0.20,0.10,0.80,50,2,1,4381,2.0252,2.023,4351
training/14-games120.txt,100,0.20,0.10,0.80,50,2,2,4393,2.02452,2.023,4351
training/14-games120.txt,100,0.20,0.10,0.80,50,2,3,4373,2.02454,2.023,4351
training/14-games120.txt,100,0.20,0.10,0.80,50,2,4,4370,2.02761,2.023,4351
training/14-games120.txt,100,0.20,0.10,0.80,100,2,0,4360,2.02387,2.023,4351
training/14-games120.txt,100,0.20,0.10,0.80,100,2,1,4375,2.02509,2.023,4351
training/14-games120.txt,100,0.20,0.10,0.80,100,2,2,4367,2.02801,2.023,4351
training/14-games120.txt,100,0.20,0.10,0.80,100,2,3,4382,2.02462,2.023,4351
training/14-games120.txt,100,0.20,0.10,0.80,100,2,4,4370,2.02628,2.023,4351
training/14-games120.txt,100,0.20,0.20,0.70,50,1,0,4360,2.02395,2.023,4351
training/14-games120.txt,100,0.20,0.20,0.70,50,1,1,4370,2.02701,2.023,4351
training/14-games120.txt,100,0.20,0.20,0.70,50,1,2,4384,2.02454,2.023,4351
training/14-games120.txt,100,0.20,0.20,0.70,50,1,3,4353,2.02522,2.023,4351
training/14-games120.txt,100,0.20,0.20,0.70,50,1,4,4363,2.02426,2.023,4351
training/14-games120.txt,100,0.20,0.20,0.70,100,1,0,4370,2.02474,2.023,4351
training/14-games120.txt,100,0.20,0.20,0.70,100,1,1,4382,2.02307,2.023,4351
training/14-games120.txt,100,0.20,0.20,0.70,100,1,2,4351,2.02561,2.023,4351
training/14-games120.txt,100,0.20,0.20,0.70,100,1,3,4363,2.02394,2.023,4351
training/14-games120.txt,100,0.20,0.20,0.70,100,1,4,4379,2.02417,2.023,4351
training/14-games120.txt,100,0.20,0.20,0.70,50,2,0,4367,2.02427,2.023,4351
training/14-games120.txt,100,0.20,0.20,0.70,50,2,1,4363,2.02555,2.023,4351
training/14-games120.txt,100,0.20,0.20,0.70,50,2,2,4351,2.02463,2.023,4351
training/14-games120.txt,100,0.20,0.20,0.70,50,2,3,4373,2.02796,2.023,4351
training/14-games120.txt,100,0.20,0.20,0.70,50,2,4,4381,2.02604,2.023,4351
training/14-games120.txt,100,0.20,0.20,0.70,100,2,0,4367,2.02441,2.023,4351
training/14-games120.txt,100,0.20,0.20,0.70,100,2,1,4358,2.02679,2.023,4351
training/14-games120.txt,100,0.20,0.20,0.70,100,2,2,4370,2.02611,2.023,4351
training/14-games120.txt,100,0.20,0.20,0.70,100,2,3,4370,2.02756,2.023,4351
training/14-games120.txt,100,0.20,0.20,0.70,100,2,4,4387,2.02788,2.023,4351
training/14-games120.txt,100,0.20,0.20,0.80,50,1,0,4373,2.02387,2.023,4351
training/14-games120.txt,100,0.20,0.20,0.80,50,1,1,4370,2.02371,2.023,4351
training/14-games120.txt,100,0.20,0.20,0.80,50,1,2,4367,2.02781,2.023,4351
training/14-games120.txt,100,0.20,0.20,0.80,50,1,3,4370,2.02313,2.023,4351
training/14-games120.txt,100,0.20,0.20,0.80,50,1,4,4370,2.0236,2.023,4351
training/14-games120.txt,100,0.20,0.20,0.80,100,1,0,4385,2.0248,2.023,4351
training/14-games120.txt,100,0.20,0.20,0.80,100,1,1,4363,2.02658,2.023,4351
training/14-games120.txt,100,0.20,0.20,0.80,100,1,2,4351,2.02549,2.023,4351
training/14-games120.txt,100,0.20,0.20,0.80,100,1,3,4379,2.02757,2.023,4351
training/14-games120.txt,100,0.20,0.20,0.80,100,1,4,4365,2.02657,2.023,4351
training/14-games120.txt,100,0.20,0.20,0.80,50,2,0,4375,2.02767,2.023,4351
training/14-games120.txt,100,0.20,0.20,0.80,50,2,1,4370,2.02323,2.023,4351
training/14-games120.txt,100,0.20,0.20,0.80,50,2,2,4351,2.0246,2.023,4351
training/14-games120.txt,100,0.20,0.20,0.80,50,2,3,4360,2.02514,2.023,4351
training/14-games120.txt,100,0.20,0.20,0.80,50,2,4,4373,2.02423,2.023,4351
training/14-games120.txt,100,0.20,0.20,0.80,100,2,0,4391,2.02385,2.023,4351
training/14-games120.txt,100,0.20,0.20,0.80,100,2,1,4363,2.02584,2.023,4351
training/14-games120.txt,100,0.20,0.20,0.80,100,2,2,4351,2.02733,2.023,4351
training/14-games120.txt,100,0.20,0.20,0.80,100,2,3,4351,2.02547,2.023,4351
training/14-games120.txt,100,0.20,0.20,0.80,100,2,4,4397,2.02589,2.023,4351
training/14-games120.txt,100,0.25,0.10,0.70,50,1,0,4366,2.0263,2.023,4351
training/14-games120.txt,100,0.25,0.10,0.70,50,1,1,4370,2.03375,2.023,4351
training/14-games120.txt,100,0.25,0.10,0.70,50,1,2,4367,2.0261,2.023,4351
training/14-games120.txt,100,0.25,0.10,0.70,50,1,3,4363,2.03101,2.023,4351
training/14-games120.txt,100,0.25,0.10,0.70,50,1,4,4351,2.02343,2.023,4351
training/14-games120.txt,100,0.25,0.10,0.70,100,1,0,4351,2.02404,2.023,4351
training/14-games120.txt,100,0.25,0.10,0.70,100,1,1,4351,2.02422,2.023,4351
training/14-games120.txt,100,0.25,0.10,0.70,100,1,2,4397,2.02678,2.023,4351
training/14-games120.txt,100,0.25,0.10,0.70,100,1,3,4351,2.02433,2.023,4351
training/14-games120.txt,100,0.25,0.10,0.70,100,1,4,4363,2.0271,2.023,4351
training/14-games120.txt,100,0.25,0.10,0.70,50,2,0,4367,2.02755,2.023,4351
training/14-games120.txt,100,0.25,0.10,0.70,50,2,1,4360,2.0267,2.023,4351
training/14-games120.txt,100,0.25,0.10,0.70,50,2,2,4351,2.02662,2.023,4351
training/14-games120.txt,100,0.25,0.10,0.70,50,2,3,4363,2.02367,2.023,4351
training/14-games120.txt,100,0.25,0.10,0.70,50,2,4,4370,2.02716,2.023,4351
training/14-games120.txt,100,0.25,0.10,0.70,100,2,0,4391,2.02777,2.023,4351
training/14-games120.txt,100,0.25,0.10,0.70,100,2,1,4362,2.02633,2.023,4351
training/14-games120.txt,100,0.25,0.10,0.70,100,2,2,4351,2.02335,2.023,4351
training/14-games120.txt,100,0.25,0.10,0.70,100,2,3,4363,2.02604,2.023,4351
training/14-games120.txt,100,0.25,0.10,0.70,100,2,4,4370,2.02363,2.023,4351
training/14-games120.txt,100,0.25,0.10,0.80,50,1,0,4391,2.03034,2.023,4351
training/14-games120.txt,100,0.25,0.10,0.80,50,1,1,4375,2.0244,2.023,4351
training/14-games120.txt,100,0.25,0.10,0.80,50,1,2,4379,2.02768,2.023,4351
training/14-games120.txt,100,0.25,0.10,0.80,50,1,3,4370,2.02407,2.023,4351
training/14-games120.txt,100,0.25,0.10,0.80,50,1,4,4372,2.02862,2.023,4351
training/14-games120.txt,100,0.25,0.10,0.80,100,1,0,4400,2.02519,2.023,4351
training/14-games120.txt,100,0.25,0.10,0.80,100,1,1,4369,2.02653,2.023,4351
training/14-games120.txt,100,0.25,0.10,0.80,100,1,2,4375,2.02605,2.023,4351
training/14-games120.txt,100,0.25,0.10,0.80,100,1,3,4375,2.02629,2.023,4351
training/14-games120.txt,100,0.25,0.10,0.80,100,1,4,4351,2.0235,2.023,4351
training/14-games120.txt,100,0.25,0.10,0.80,50,2,0,4370,2.02394,2.023,4351
training/14-games120.txt,100,0.25,0.10,0.80,50,2,1,4373,2.02834,2.023,4351
training/14-games120.txt,100,0.25,0.10,0.80,50,2,2,4367,2.02448,2.023,4351
training/14-games120.txt,100,0.25,0.10,0.80,50,2,3,4363,2.0259,2.023,4351
training/14-games120.txt,100,0.25,0.10,0.80,50,2,4,4363,2.02401,2.023,4351
training/14-games120.txt,100,0.25,0.10,0.80,100,2,0,4372,2.02535,2.023,4351
training/14-games120.txt,100,0.25,0.10,0.80,100,2,1,4370,2.0246,2.023,4351
training/14-games120.txt,100,0.25,0.10,0.80,100,2,2,4375,2.02403,2.023,4351
training/14-games120.txt,100,0.25,0.10,0.80,100,2,3,4388,2.02566,2.023,4351
training/14-games120.txt,100,0.25,0.10,0.80,100,2,4,4375,2.02511,2.023,4351
training/14-games120.txt,100,0.25,0.20,0.70,50,1,0,4367,2.03097,2.023,4351
training/14-games120.txt,100,0.25,0.20,0.70,50,1,1,4363,2.02448,2.023,4351
training/14-games120.txt,100,0.25,0.20,0.70,50,1,2,4351,2.02686,2.023,4351
training/14-games120.txt,100,0.25,0.20,0.70,50,1,3,4367,2.0319,2.023,4351
training/14-games120.txt,100,0.25,0.20,0.70,50,1,4,4369,2.02742,2.023,4351
training/14-games120.txt,100,0.25,0.20,0.70,100,1,0,4367,2.02683,2.023,4351
training/14-games120.txt,100,0.25,0.20,0.70,100,1,1,4363,2.02448,2.023,4351
training/14-games120.txt,100,0.25,0.20,0.70,100,1,2,4360,2.02435,2.023,4351
training/14-games120.txt,100,0.25,0.20,0.70,100,1,3,4351,2.02613,2.023,4351
training/14-games120.txt,100,0.25,0.20,0.70,100,1,4,4370,2.02746,2.023,4351
training/14-games120.txt,100,0.25,0.20,0.70,50,2,0,4379,2.02659,2.023,4351
training/14-games120.txt,100,0.25,0.20,0.70,50,2,1,4362,2.02391,2.023,4351
training/14-games120.txt,100,0.25,0.20,0.70,50,2,2,4351,2.02492,2.023,4351
training/14-games120.txt,100,0.25,0.20,0.70,50,2,3,4360,2.0269,2.023,4351
training/14-games120.txt,100,0.25,0.20,0.70,50,2,4,4364,2.02487,2.023,4351
training/14-games120.txt,100,0.25,0.20,0.70,100,2,0,4360,2.0266,2.023,4351
training/14-games120.txt,100,0.25,0.20,0.70,100,2,1,4363,2.02444,2.023,4351
training/14-games120.txt,100,0.25,0.20,0.70,100,2,2,4351,2.02396,2.023,4351
training/14-games120.txt,100,0.25,0.20,0.70,100,2,3,4370,2.02584,2.023,4351
training/14-games120.txt,100,0.25,0.20,0.70,100,2,4,4360,2.02461,2.023,4351
training/14-games120.txt,100,0.25,0.20,0.80,50,1,0,4370,2.02676,2.023,4351
training/14-games120.txt,100,0.25,0.20,0.80,50,1,1,4373,2.02782,2.023,4351
training/14-games120.txt,100,0.25,0.20,0.80,50,1,2,4365,2.02958,2.023,4351
training/14-games120.txt,100,0.25,0.20,0.80,50,1,3,4367,2.02316,2.023,4351
training/14-games120.txt,100,0.25,0.20,0.80,50,1,4,4364,2.02465,2.023,4351
training/14-games120.txt,100,0.25,0.20,0.80,100,1,0,4370,2.02751,2.023,4351
training/14-games120.txt,100,0.25,0.20,0.80,100,1,1,4351,2.02661,2.023,4351
training/14-games120.txt,100,0.25,0.20,0.80,100,1,2,4370,2.02437,2.023,4351
training/14-games120.txt,100,0.25,0.20,0.80,100,1,3,4370,2.02389,2.023,4351
training/14-games120.txt,100,0.25,0.20,0.80,100,1,4,4379,2.02324,2.023,4351
training/14-games120.txt,100,0.25,0.20,0.80,50,2,0,4370,2.02691,2.023,4351
training/14-games120.txt,100,0.25,0.20,0.80,50,2,1,4370,2.02405,2.023,4351
training/14-games120.txt,100,0.25,0.20,0.80,50,2,2,4351,2.02728,2.023,4351
training/14-games120.txt,100,0.25,0.20,0.80,50,2,3,4358,2.02744,2.023,4351
training/14-games120.txt,100,0.25,0.20,0.80,50,2,4,4373,2.02601,2.023,4351
training/14-games120.txt,100,0.25,0.20,0.80,100,2,0,4370,2.02443,2.023,4351
training/14-games120.txt,100,0.25,0.20,0.80,100,2,1,4351,2.02603,2.023,4351
training/14-games120.txt,100,0.25,0.20,0.80,100,2,2,4382,2.02435,2.023,4351
training/14-games120.txt,100,0.25,0.20,0.80,100,2,3,4351,2.02636,2.023,4351
training/14-games120.txt,100,0.25,0.20,0.80,100,2,4,4351,2.02633,2.023,4351
training/14-games120.txt,150,0.20,0.10,0.70,50,1,0,4362,2.02389,2.023,4351
training/14-games120.txt,150,0.20,0.10,0.70,50,1,1,4351,2.03929,2.023,4351
training/14-games120.txt,150,0.20,0.10,0.70,50,1,2,4362,2.02903,2.023,4351
training/14-games120.txt,150,0.20,0.10,0.70,50,1,3,4372,2.0238,2.023,4351
training/14-games120.txt,150,0.20,0.10,0.70,50,1,4,4363,2.02965,2.023,4351
training/14-games120.txt,150,0.20,0.10,0.70,100,1,0,4360,2.02363,2.023,4351
training/14-games120.txt,150,0.20,0.10,0.70,100,1,1,4351,2.02797,2.023,4351
training/14-games120.txt,150,0.20,0.10,0.70,100,1,2,4351,2.02932,2.023,4351
training/14-games120.txt,150,0.20,0.10,0.70,100,1,3,4351,2.02974,2.023,4351
training/14-games120.txt,150,0.20,0.10,0.70,100,1,4,4370,2.02485,2.023,4351
training/14-games120.txt,150,0.20,0.10,0.70,50,2,0,4360,2.02701,2.023,4351
training/14-games120.txt,150,0.20,0.10,0.70,50,2,1,4351,2.02308,2.023,4351
training/14-games120.txt,150,0.20,0.10,0.70,50,2,2,4360,2.02939,2.023,4351
training/14-games120.txt,150,0.20,0.10,0.70,50,2,3,4351,2.02912,2.023,4351
training/14-games120.txt,150,0.20,0.10,0.70,50,2,4,4360,2.03047,2.023,4351
training/14-games120.txt,150,0.20,0.10,0.70,100,2,0,4351,2.02839,2.023,4351
training/14-games120.txt,150,0.20,0.10,0.70,100,2,1,4351,2.02553,2.023,4351
training/14-games120.txt,150,0.20,0.10,0.70,100,2,2,4351,2.02552,2.023,4351
training/14-games120.txt,150,0.20,0.10,0.70,100,2,3,4360,2.02557,2.023,4351
training/14-games120.txt,150,0.20,0.10,0.70,100,2,4,4370,2.02633,2.023,4351
training/14-games120.txt,150,0.20,0.10,0.80,50,1,0,4375,2.02841,2.023,4351
training/14-games120.txt,150,0.20,0.10,0.80,50,1,1,4370,2.02419,2.023,4351
training/14-games120.txt,150,0.20,0.10,0.80,50,1,2,4367,2.03811,2.023,4351
training/14-games120.txt,150,0.20,0.10,0.80,50,1,3,4375,2.02775,2.023,4351
training/14-games120.txt,150,0.20,0.10,0.80,50,1,4,4363,2.02424,2.023,4351
training/14-games120.txt,150,0.20,0.10,0.80,100,1,0,4372,2.02692,2.023,4351
training/14-games120.txt,150,0.20,0.10,0.80,100,1,1,4370,2.02976,2.023,4351
training/14-games120.txt,150,0.20,0.10,0.80,100,1,2,4363,2.02341,2.023,4351
training/14-games120.txt,150,0.20,0.10,0.80,100,1,3,4370,2.02862,2.023,4351
training/14-games120.txt,150,0.20,0.10,0.80,100,1,4,4382,2.03036,2.023,4351
training/14-games120.txt,150,0.20,0.10,0.80,50,2,0,4381,2.02312,2.023,4351
training/14-games120.txt,150,0.20,0.10,0.80,50,2,1,4363,2.02934,2.023,4351
training/14-games120.txt,150,0.20,0.10,0.80,50,2,2,4370,2.0276,2.023,4351
training/14-games120.txt,150,0.20,0.10,0.80,50,2,3,4370,2.02909,2.023,4351
training/14-games120.txt,150,0.20,0.10,0.80,50,2,4,4351,2.0277,2.023,4351
training/14-games120.txt,150,0.20,0.10,0.80,100,2,0,4394,2.02473,2.023,4351
training/14-games120.txt,150,0.20,0.10,0.80,100,2,1,4351,2.02561,2.023,4351
training/14-games120.txt,150,0.20,0.10,0.80,100,2,2,4360,2.02687,2.023,4351
training/14-games120.txt,150,0.20,0.10,0.80,100,2,3,4351,2.02631,2.023,4351
training/14-games120.txt,150,0.20,0.10,0.80,100,2,4,4360,2.02551,2.023,4351
training/14-games120.txt,150,0.20,0.20,0.70,50,1,0,4351,2.02606,2.023,4351
training/14-games120.txt,150,0.20,0.20,0.70,50,1,1,4351,2.03799,2.023,4351
training/14-games120.txt,150,0.20,0.20,0.70,50,1,2,4358,2.0272,2.023,4351
training/14-games120.txt,150,0.20,0.20,0.70,50,1,3,4351,2.02816,2.023,4351
training/14-games120.txt,150,0.20,0.20,0.70,50,1,4,4382,2.02747,2.023,4351
training/14-games120.txt,150,0.20,0.20,0.70,100,1,0,4363,2.02416,2.023,4351
training/14-games120.txt,150,0.20,0.20,0.70,100,1,1,4351,2.02349,2.023,4351
training/14-games120.txt,150,0.20,0.20,0.70,100,1,2,4351,2.02403,2.023,4351
training/14-games120.txt,150,0.20,0.20,0.70,100,1,3,4351,2.02375,2.023,4351
training/14-games120.txt,150,0.20,0.20,0.70,100,1,4,4360,2.03042,2.023,4351
training/14-games120.txt,150,0.20,0.20,0.70,50,2,0,4363,2.03004,2.023,4351
training/14-games120.txt,150,0.20,0.20,0.70,50,2,1,4351,2.02615,2.023,4351
training/14-games120.txt,150,0.20,0.20,0.70,50,2,2,4358,2.02706,2.023,4351
training/14-games120.txt,150,0.20,0.20,0.70,50,2,3,4351,2.02339,2.023,4351
training/14-games120.txt,150,0.20,0.20,0.70,50,2,4,4365,2.02945,2.023,4351
training/14-games120.txt,150,0.20,0.20,0.70,100,2,0,4363,2.02809,2.023,4351
training/14-games120.txt,150,0.20,0.20,0.70,100,2,1,4351,2.02436,2.023,4351
training/14-games120.txt,150,0.20,0.20,0.70,100,2,2,4351,2.02943,2.023,4351
training/14-games120.txt,150,0.20,0.20,0.70,100,2,3,4387,2.0283,2.023,4351
training/14-games120.txt,150,0.20,0.20,0.70,100,2,4,4351,2.02446,2.023,4351
training/14-games120.txt,150,0.20,0.20,0.80,50,1,0,4358,2.02542,2.023,4351
training/14-games120.txt,150,0.20,0.20,0.80,50,1,1,4360,2.02318,2.023,4351
training/14-games120.txt,150,0.20,0.20,0.80,50,1,2,4360,2.02464,2.023,4351
training/14-games120.txt,150,0.20,0.20,0.80,50,1,3,4382,2.02728,2.023,4351
training/14-games120.txt,150,0.20,0.20,0.80,50,1,4,4370,2.03261,2.023,4351
training/14-games120.txt,150,0.20,0.20,0.80,100,1,0,4378,2.02887,2.023,4351
training/14-games120.txt,150,0.20,0.20,0.80,100,1,1,4373,2.02985,2.023,4351
training/14-games120.txt,150,0.20,0.20,0.80,100,1,2,4360,2.03002,2.023,4351
training/14-games120.txt,150,0.20,0.20,0.80,100,1,3,4370,2.02421,2.023,4351
training/14-games120.txt,150,0.20,0.20,0.80,100,1,4,4369,2.02682,2.023,4351
training/14-games120.txt,150,0.20,0.20,0.80,50,2,0,4370,2.02695,2.023,4351
training/14-games120.txt,150,0.20,0.20,0.80,50,2,1,4372,2.02414,2.023,4351
training/14-games120.txt,150,0.20,0.20,0.80,50,2,2,4360,2.02746,2.023,4351
training/14-games120.txt,150,0.20,0.20,0.80,50,2,3,4370,2.0265,2.023,4351
training/14-games120.txt,150,0.20,0.20,0.80,50,2,4,4387,2.02643,2.023,4351
training/14-games120.txt,150,0.20,0.20,0.80,100,2,0,4363,2.02706,2.023,4351
training/14-games120.txt,150,0.20,0.20,0.80,100,2,1,4370,2.02957,2.023,4351
training/14-games120.txt,150,0.20,0.20,0.80,100,2,2,4360,2.02731,2.023,4351
training/14-games120.txt,150,0.20,0.20,0.80,100,2,3,4370,2.02357,2.023,4351
training/14-games120.txt,150,0.20,0.20,0.80,100,2,4,4391,2.02534,2.023,4351
training/14-games120.txt,150,0.25,0.10,0.70,50,1,0,4358,2.02827,2.023,4351
training/14-games120.txt,150,0.25,0.10,0.70,50,1,1,4370,2.02679,2.023,4351
training/14-games120.txt,150,0.25,0.10,0.70,50,1,2,4370,2.02969,2.023,4351
training/14-games120.txt,150,0.25,0.10,0.70,50,1,3,4362,2.02975,2.023,4351
training/14-games120.txt,150,0.25,0.10,0.70,50,1,4,4358,2.02838,2.023,4351
training/14-games120.txt,150,0.25,0.10,0.70,100,1,0,4360,2.02641,2.023,4351
training/14-games120.txt,150,0.25,0.10,0.70,100,1,1,4367,2.02477,2.023,4351
training/14-games120.txt,150,0.25,0.10,0.70,100,1,2,4351,2.02844,2.023,4351
training/14-games120.txt,150,0.25,0.10,0.70,100,1,3,4379,2.02816,2.023,4351
training/14-games120.txt,150,0.25,0.10,0.70,100,1,4,4360,2.02945,2.023,4351
training/14-games120.txt,150,0.25,0.10,0.70,50,2,0,4363,2.02688,2.023,4351
training/14-games120.txt,150,0.25,0.10,0.70,50,2,1,4355,2.02946,2.023,4351
training/14-games120.txt,150,0.25,0.10,0.70,50,2,2,4351,2.02937,2.023,4351
training/14-games120.txt,150,0.25,0.10,0.70,50,2,3,4360,2.02639,2.023,4351
training/14-games120.txt,150,0.25,0.10,0.70,50,2,4,4370,2.0283,2.023,4351
training/14-games120.txt,150,0.25,0.10,0.70,100,2,0,4370,2.02539,2.023,4351
training/14-games120.txt,150,0.25,0.10,0.70,100,2,1,4351,2.02351,2.023,4351
training/14-games120.txt,150,0.25,0.10,0.70,100,2,2,4351,2.02905,2.023,4351
training/14-games120.txt,150,0.25,0.10,0.70,100,2,3,4363,2.02582,2.023,4351
training/14-games120.txt,150,0.25,0.10,0.70,100,2,4,4360,2.0289,2.023,4351
training/14-games120.txt,150,0.25,0.10,0.80,50,1,0,4351,2.02543,2.023,4351
training/14-games120.txt,150,0.25,0.10,0.80,50,1,1,4367,2.02533,2.023,4351
training/14-games120.txt,150,0.25,0.10,0.80,50,1,2,4370,2.02686,2.023,4351
training/14-games120.txt,150,0.25,0.10,0.80,50,1,3,4387,2.0296,2.023,4351
training/14-games120.txt,150,0.25,0.10,0.80,50,1,4,4363,2.02982,2.023,4351
training/14-games120.txt,150,0.25,0.10,0.80,100,1,0,4370,2.02449,2.023,4351
training/14-games120.txt,150,0.25,0.10,0.80,100,1,1,4363,2.02716,2.023,4351
training/14-games120.txt,150,0.25,0.10,0.80,100,1,2,4351,2.02778,2.023,4351
training/14-games120.txt,150,0.25,0.10,0.80,100,1,3,4387,2.02489,2.023,4351
training/14-games120.txt,150,0.25,0.10,0.80,100,1,4,4372,2.03181,2.023,4351
training/14-games120.txt,150,0.25,0.10,0.80,50,2,0,4367,2.0258,2.023,4351
training/14-games120.txt,150,0.25,0.10,0.80,50,2,1,4358,2.02847,2.023,4351
training/14-games120.txt,150,0.25,0.10,0.80,50,2,2,4363,2.03002,2.023,4351
training/14-games120.txt,150,0.25,0.10,0.80,50,2,3,4370,2.02927,2.023,4351
training/14-games120.txt,150,0.25,0.10,0.80,50,2,4,4351,2.0258,2.023,4351
training/14-games120.txt,150,0.25,0.10,0.80,100,2,0,4363,2.02964,2.023,4351
training/14-games120.txt,150,0.25,0.10,0.80,100,2,1,4351,2.02976,2.023,4351
training/14-games120.txt,150,0.25,0.10,0.80,100,2,2,4363,2.02847,2.023,4351
training/14-games120.txt,150,0.25,0.10,0.80,100,2,3,4375,2.028,2.023,4351
training/14-games120.txt,150,0.25,0.10,0.80,100,2,4,4372,2.02682,2.023,4351
training/14-games120.txt,150,0.25,0.20,0.70,50,1,0,4376,2.02996,2.023,4351
training/14-games120.txt,150,0.25,0.20,0.70,50,1,1,4366,2.02665,2.023,4351
training/14-games120.txt,150,0.25,0.20,0.70,50,1,2,4387,2.02623,2.023,4351
training/14-games120.txt,150,0.25,0.20,0.70,50,1,3,4358,2.02891,2.023,4351
training/14-games120.txt,150,0.25,0.20,0.70,50,1,4,4363,2.02428,2.023,4351
training/14-games120.txt,150,0.25,0.20,0.70,100,1,0,4351,2.02594,2.023,4351
training/14-games120.txt,150,0.25,0.20,0.70,100,1,1,4351,2.03012,2.023,4351
training/14-games120.txt,150,0.25,0.20,0.70,100,1,2,4375,2.02391,2.023,4351
training/14-games120.txt,150,0.25,0.20,0.70,100,1,3,4363,2.0238,2.023,4351
training/14-games120.txt,150,0.25,0.20,0.70,100,1,4,4370,2.02734,2.023,4351
training/14-games120.txt,150,0.25,0.20,0.70,50,2,0,4351,2.02613,2.023,4351
training/14-games120.txt,150,0.25,0.20,0.70,50,2,1,4360,2.02443,2.023,4351
training/14-games120.txt,150,0.25,0.20,0.70,50,2,2,4365,2.02584,2.023,4351
training/14-games120.txt,150,0.25,0.20,0.70,50,2,3,4375,2.02841,2.023,4351
training/14-games120.txt,150,0.25,0.20,0.70,50,2,4,4370,2.02765,2.023,4351
training/14-games120.txt,150,0.25,0.20,0.70,100,2,0,4351,2.02499,2.023,4351
training/14-games120.txt,150,0.25,0.20,0.70,100,2,1,4351,2.0231,2.023,4351
training/14-games120.txt,150,0.25,0.20,0.70,100,2,2,4382,2.02565,2.023,4351
training/14-games120.txt,150,0.25,0.20,0.70,100,2,3,4363,2.02673,2.023,4351
training/14-games120.txt,150,0.25,0.20,0.70,100,2,4,4379,2.02434,2.023,4351
training/14-games120.txt,150,0.25,0.20,0.80,50,1,0,4381,2.02808,2.023,4351
training/14-games120.txt,150,0.25,0.20,0.80,50,1,1,4363,2.02605,2.023,4351
training/14-games120.txt,150,0.25,0.20,0.80,50,1,2,4360,2.02964,2.023,4351
training/14-games120.txt,150,0.25,0.20,0.80,50,1,3,4351,2.02766,2.023,4351
training/14-games120.txt,150,0.25,0.20,0.80,50,1,4,4370,2.02781,2.023,4351
training/14-games120.txt,150,0.25,0.20,0.80,100,1,0,4363,2.02481,2.023,4351
training/14-games120.txt,150,0.25,0.20,0.80,100,1,1,4366,2.0237,2.023,4351
training/14-games120.txt,150,0.25,0.20,0.80,100,1,2,4360,2.02852,2.023,4351
training/14-games120.txt,150,0.25,0.20,0.80,100,1,3,4351,2.02655,2.023,4351
training/14-games120.txt,150,0.25,0.20,0.80,100,1,4,4370,2.02686,2.023,4351
training/14-games120.txt,150,0.25,0.20,0.80,50,2,0,4370,2.03007,2.023,4351
training/14-games120.txt,150,0.25,0.20,0.80,50,2,1,4358,2.02876,2.023,4351
training/14-games120.txt,150,0.25,0.20,0.80,50,2,2,4351,2.0272,2.023,4351
training/14-games120.txt,150,0.25,0.20,0.80,50,2,3,4379,2.02878,2.023,4351
training/14-games120.txt,150,0.25,0.20,0.80,50,2,4,4351,2.02734,2.023,4351
training/14-games120.txt,150,0.25,0.20,0.80,100,2,0,4351,2.02308,2.023,4351
training/14-games120.txt,150,0.25,0.20,0.80,100,2,1,4351,2.02727,2.023,4351
training/14-games120.txt,150,0.25,0.20,0.80,100,2,2,4360,2.0246,2.023,4351
training/14-games120.txt,150,0.25,0.20,0.80,100,2,3,4370,2.0294,2.023,4351
training/14-games120.txt,150,0.25,0.20,0.80,100,2,4,4373,2.02479,2.023,4351
training/14-games120.txt,200,0.20,0.10,0.70,50,1,0,4351,2.03243,2.023,4351
training/14-games120.txt,200,0.20,0.10,0.70,50,1,1,4372,2.0233,2.023,4351
training/14-games120.txt,200,0.20,0.10,0.70,50,1,2,4358,2.03124,2.023,4351
training/14-games120.txt,200,0.20,0.10,0.70,50,1,3,4360,2.03258,2.023,4351
training/14-games120.txt,200,0.20,0.10,0.70,50,1,4,4363,2.02467,2.023,4351
training/14-games120.txt,200,0.20,0.10,0.70,100,1,0,4360,2.03243,2.023,4351
training/14-games120.txt,200,0.20,0.10,0.70,100,1,1,4385,2.03156,2.023,4351
training/14-games120.txt,200,0.20,0.10,0.70,100,1,2,4370,2.02402,2.023,4351
training/14-games120.txt,200,0.20,0.10,0.70,100,1,3,4351,2.02814,2.023,4351
training/14-games120.txt,200,0.20,0.10,0.70,100,1,4,4351,2.02981,2.023,4351
training/14-games120.txt,200,0.20,0.10,0.70,50,2,0,4354,2.02586,2.023,4351
training/14-games120.txt,200,0.20,0.10,0.70,50,2,1,4351,2.02649,2.023,4351
training/14-games120.txt,200,0.20,0.10,0.70,50,2,2,4351,2.03466,2.023,4351
training/14-games120.txt,200,0.20,0.10,0.70,50,2,3,4351,2.02801,2.023,4351
training/14-games120.txt,200,0.20,0.10,0.70,50,2,4,4363,2.03191,2.023,4351
training/14-games120.txt,200,0.20,0.10,0.70,100,2,0,4360,2.02736,2.023,4351
training/14-games120.txt,200,0.20,0.10,0.70,100,2,1,4382,2.02307,2.023,4351
training/14-games120.txt,200,0.20,0.10,0.70,100,2,2,4360,2.0269,2.023,4351
training/14-games120.txt,200,0.20,0.10,0.70,100,2,3,4351,2.02884,2.023,4351
training/14-games120.txt,200,0.20,0.10,0.70,100,2,4,4372,2.02348,2.023,4351
training/14-games120.txt,200,0.20,0.10,0.80,50,1,0,4358,2.02768,2.023,4351
training/14-games120.txt,200,0.20,0.10,0.80,50,1,1,4360,2.03118,2.023,4351
training/14-games120.txt,200,0.20,0.10,0.80,50,1,2,4363,2.03167,2.023,4351
training/14-games120.txt,200,0.20,0.10,0.80,50,1,3,4351,2.0237,2.023,4351
training/14-games120.txt,200,0.20,0.10,0.80,50,1,4,4351,2.03012,2.023,4351
training/14-games120.txt,200,0.20,0.10,0.80,100,1,0,4351,2.02741,2.023,4351
training/14-games120.txt,200,0.20,0.10,0.80,100,1,1,4360,2.02872,2.023,4351
training/14-games120.txt,200,0.20,0.10,0.80,100,1,2,4363,2.03038,2.023,4351
training/14-games120.txt,200,0.20,0.10,0.80,100,1,3,4369,2.02945,2.023,4351
training/14-games120.txt,200,0.20,0.10,0.80,100,1,4,4351,2.03287,2.023,4351
training/14-games120.txt,200,0.20,0.10,0.80,50,2,0,4351,2.0302,2.023,4351
training/14-games120.txt,200,0.20,0.10,0.80,50,2,1,4360,2.03018,2.023,4351
training/14-games120.txt,200,0.20,0.10,0.80,50,2,2,4363,2.0278,2.023,4351
training/14-games120.txt,200,0.20,0.10,0.80,50,2,3,4370,2.02729,2.023,4351
training/14-games120.txt,200,0.20,0.10,0.80,50,2,4,4387,2.0293,2.023,4351
training/14-games120.txt,200,0.20,0.10,0.80,100,2,0,4351,2.03236,2.023,4351
training/14-games120.txt,200,0.20,0.10,0.80,100,2,1,4351,2.03082,2.023,4351
training/14-games120.txt,200,0.20,0.10,0.80,100,2,2,4351,2.02486,2.023,4351
training/14-games120.txt,200,0.20,0.10,0.80,100,2,3,4370,2.02752,2.023,4351
training/14-games120.txt,200,0.20,0.10,0.80,100,2,4,4363,2.02698,2.023,4351
training/14-games120.txt,200,0.20,0.20,0.70,50,1,0,4370,2.02816,2.023,4351
training/14-games120.txt,200,0.20,0.20,0.70,50,1,1,4351,2.02644,2.023,4351
training/14-games120.txt,200,0.20,0.20,0.70,50,1,2,4369,2.02411,2.023,4351
training/14-games120.txt,200,0.20,0.20,0.70,50,1,3,4361,2.0326,2.023,4351
training/14-games120.txt,200,0.20,0.20,0.70,50,1,4,4367,2.03142,2.023,4351
training/14-games120.txt,200,0.20,0.20,0.70,100,1,0,4351,2.02404,2.023,4351
training/14-games120.txt,200,0.20,0.20,0.70,100,1,1,4351,2.03158,2.023,4351
training/14-games120.txt,200,0.20,0.20,0.70,100,1,2,4351,2.0266,2.023,4351
training/14-games120.txt,200,0.20,0.20,0.70,100,1,3,4370,2.02376,2.023,4351
training/14-games120.txt,200,0.20,0.20,0.70,100,1,4,4351,2.03164,2.023,4351
training/14-games120.txt,200,0.20,0.20,0.70,50,2,0,4370,2.03003,2.023,4351
training/14-games120.txt,200,0.20,0.20,0.70,50,2,1,4351,2.02617,2.023,4351
training/14-games120.txt,200,0.20,0.20,0.70,50,2,2,4351,2.02465,2.023,4351
training/14-games120.txt,200,0.20,0.20,0.70,50,2,3,4370,2.03191,2.023,4351
training/14-games120.txt,200,0.20,0.20,0.70,50,2,4,4367,2.03027,2.023,4351
training/14-games120.txt,200,0.20,0.20,0.70,100,2,0,4351,2.02609,2.023,4351
training/14-games120.txt,200,0.20,0.20,0.70,100,2,1,4372,2.02778,2.023,4351
training/14-games120.txt,200,0.20,0.20,0.70,100,2,2,4363,2.02458,2.023,4351
training/14-games120.txt,200,0.20,0.20,0.70,100,2,3,4351,2.02426,2.023,4351
training/14-games120.txt,200,0.20,0.20,0.70,100,2,4,4351,2.02429,2.023,4351
training/14-games120.txt,200,0.20,0.20,0.80,50,1,0,4370,2.02631,2.023,4351
training/14-games120.txt,200,0.20,0.20,0.80,50,1,1,4363,2.03185,2.023,4351
training/14-games120.txt,200,0.20,0.20,0.80,50,1,2,4366,2.0308,2.023,4351
training/14-games120.txt,200,0.20,0.20,0.80,50,1,3,4351,2.02334,2.023,4351
training/14-games120.txt,200,0.20,0.20,0.80,50,1,4,4386,2.02593,2.023,4351
training/14-games120.txt,200,0.20,0.20,0.80,100,1,0,4351,2.0289,2.023,4351
training/14-games120.txt,200,0.20,0.20,0.80,100,1,1,4395,2.02389,2.023,4351
training/14-games120.txt,200,0.20,0.20,0.80,100,1,2,4351,2.02439,2.023,4351
training/14-games120.txt,200,0.20,0.20,0.80,100,1,3,4351,2.02334,2.023,4351
training/14-games120.txt,200,0.20,0.20,0.80,100,1,4,4400,2.02579,2.023,4351
training/14-games120.txt,200,0.20,0.20,0.80,50,2,0,4360,2.02335,2.023,4351
training/14-games120.txt,200,0.20,0.20,0.80,50,2,1,4360,2.03184,2.023,4351
training/14-games120.txt,200,0.20,0.20,0.80,50,2,2,4351,2.02421,2.023,4351
training/14-games120.txt,200,0.20,0.20,0.80,50,2,3,4370,2.02978,2.023,4351
training/14-games120.txt,200,0.20,0.20,0.80,50,2,4,4351,2.02575,2.023,4351
training/14-games120.txt,200,0.20,0.20,0.80,100,2,0,4351,2.02748,2.023,4351
training/14-games120.txt,200,0.20,0.20,0.80,100,2,1,4367,2.02725,2.023,4351
training/14-games120.txt,200,0.20,0.20,0.80,100,2,2,4363,2.02798,2.023,4351
training/14-games120.txt,200,0.20,0.20,0.80,100,2,3,4393,2.02833,2.023,4351
training/14-games120.txt,200,0.20,0.20,0.80,100,2,4,4351,2.02463,2.023,4351
training/14-games120.txt,200,0.25,0.10,0.70,50,1,0,4351,2.02918,2.023,4351
training/14-games120.txt,200,0.25,0.10,0.70,50,1,1,4351,2.02439,2.023,4351
training/14-games120.txt,200,0.25,0.10,0.70,50,1,2,4358,2.04144,2.023,4351
training/14-games120.txt,200,0.25,0.10,0.70,50,1,3,4351,2.02772,2.023,4351
training/14-games120.txt,200,0.25,0.10,0.70,50,1,4,4351,2.03146,2.023,4351
training/14-games120.txt,200,0.25,0.10,0.70,100,1,0,4351,2.0322,2.023,4351
training/14-games120.txt,200,0.25,0.10,0.70,100,1,1,4351,2.03225,2.023,4351
training/14-games120.txt,200,0.25,0.10,0.70,100,1,2,4351,2.02861,2.023,4351
training/14-games120.txt,200,0.25,0.10,0.70,100,1,3,4382,2.03228,2.023,4351
training/14-games120.txt,200,0.25,0.10,0.70,100,1,4,4382,2.03113,2.023,4351
training/14-games120.txt,200,0.25,0.10,0.70,50,2,0,4351,2.03003,2.023,4351
training/14-games120.txt,200,0.25,0.10,0.70,50,2,1,4351,2.03065,2.023,4351
training/14-games120.txt,200,0.25,0.10,0.70,50,2,2,4360,2.02998,2.023,4351
training/14-games120.txt,200,0.25,0.10,0.70,50,2,3,4356,2.02707,2.023,4351
training/14-games120.txt,200,0.25,0.10,0.70,50,2,4,4358,2.03033,2.023,4351
training/14-games120.txt,200,0.25,0.10,0.70,100,2,0,4351,2.02813,2.023,4351
training/14-games120.txt,200,0.25,0.10,0.70,100,2,1,4351,2.02384,2.023,4351
training/14-games120.txt,200,0.25,0.10,0.70,100,2,2,4351,2.02367,2.023,4351
training/14-games120.txt,200,0.25,0.10,0.70,100,2,3,4382,2.02861,2.023,4351
training/14-games120.txt,200,0.25,0.10,0.70,100,2,4,4375,2.02992,2.023,4351
training/14-games120.txt,200,0.25,0.10,0.80,50,1,0,4351,2.03392,2.023,4351
training/14-games120.txt,200,0.25,0.10,0.80,50,1,1,4382,2.02687,2.023,4351
training/14-games120.txt,200,0.25,0.10,0.80,50,1,2,4351,2.03872,2.023,4351
training/14-games120.txt,200,0.25,0.10,0.80,50,1,3,4382,2.03269,2.023,4351
training/14-games120.txt,200,0.25,0.10,0.80,50,1,4,4360,2.03614,2.023,4351
training/14-games120.txt,200,0.25,0.10,0.80,100,1,0,4351,2.02425,2.023,4351
training/14-games120.txt,200,0.25,0.10,0.80,100,1,1,4379,2.03229,2.023,4351
training/14-games120.txt,200,0.25,0.10,0.80,100,1,2,4351,2.02783,2.023,4351
training/14-games120.txt,200,0.25,0.10,0.80,100,1,3,4387,2.02605,2.023,4351
training/14-games120.txt,200,0.25,0.10,0.80,100,1,4,4360,2.03792,2.023,4351
training/14-games120.txt,200,0.25,0.10,0.80,50,2,0,4351,2.03,2.023,4351
training/14-games120.txt,200,0.25,0.10,0.80,50,2,1,4351,2.02615,2.023,4351
training/14-games120.txt,200,0.25,0.10,0.80,50,2,2,4351,2.02604,2.023,4351
training/14-games120.txt,200,0.25,0.10,0.80,50,2,3,4370,2.02868,2.023,4351
training/14-games120.txt,200,0.25,0.10,0.80,50,2,4,4351,2.03264,2.023,4351
training/14-games120.txt,200,0.25,0.10,0.80,100,2,0,4351,2.02899,2.023,4351
training/14-games120.txt,200,0.25,0.10,0.80,100,2,1,4372,2.02558,2.023,4351
training/14-games120.txt,200,0.25,0.10,0.80,100,2,2,4351,2.0309,2.023,4351
training/14-games120.txt,200,0.25,0.10,0.80,100,2,3,4375,2.02907,2.023,4351
training/14-games120.txt,200,0.25,0.10,0.80,100,2,4,4370,2.02968,2.023,4351
training/14-games120.txt,200,0.25,0.20,0.70,50,1,0,4374,2.03314,2.023,4351
training/14-games120.txt,200,0.25,0.20,0.70,50,1,1,4360,2.03884,2.023,4351
training/14-games120.txt,200,0.25,0.20,0.70,50,1,2,4360,2.02545,2.023,4351
training/14-games120.txt,200,0.25,0.20,0.70,50,1,3,4381,2.03935,2.023,4351
training/14-games120.txt,200,0.25,0.20,0.70,50,1,4,4370,2.02936,2.023,4351
training/14-games120.txt,200,0.25,0.20,0.70,100,1,0,4367,2.02359,2.023,4351
training/14-games120.txt,200,0.25,0.20,0.70,100,1,1,4351,2.0319,2.023,4351
training/14-games120.txt,200,0.25,0.20,0.70,100,1,2,4362,2.02563,2.023,4351
training/14-games120.txt,200,0.25,0.20,0.70,100,1,3,4363,2.0258,2.023,4351
training/14-games120.txt,200,0.25,0.20,0.70,100,1,4,4351,2.02736,2.023,4351
training/14-games120.txt,200,0.25,0.20,0.70,50,2,0,4382,2.0296,2.023,4351
training/14-games120.txt,200,0.25,0.20,0.70,50,2,1,4360,2.03136,2.023,4351
training/14-games120.txt,200,0.25,0.20,0.70,50,2,2,4382,2.03074,2.023,4351
training/14-games120.txt,200,0.25,0.20,0.70,50,2,3,4356,2.02756,2.023,4351
training/14-games120.txt,200,0.25,0.20,0.70,50,2,4,4351,2.02694,2.023,4351
training/14-games120.txt,200,0.25,0.20,0.70,100,2,0,4391,2.03198,2.023,4351
training/14-games120.txt,200,0.25,0.20,0.70,100,2,1,4351,2.03168,2.023,4351
training/14-games120.txt,200,0.25,0.20,0.70,100,2,2,4360,2.02401,2.023,4351
training/14-games120.txt,200,0.25,0.20,0.70,100,2,3,4370,2.02563,2.023,4351
training/14-games120.txt,200,0.25,0.20,0.70,100,2,4,4351,2.02873,2.023,4351
training/14-games120.txt,200,0.25,0.20,0.80,50,1,0,4358,2.0235,2.023,4351
training/14-games120.txt,200,0.25,0.20,0.80,50,1,1,4351,2.0369,2.023,4351
training/14-games120.txt,200,0.25,0.20,0.80,50,1,2,4363,2.03548,2.023,4351
training/14-games120.txt,200,0.25,0.20,0.80,50,1,3,4375,2.03052,2.023,4351
training/14-games120.txt,200,0.25,0.20,0.80,50,1,4,4351,2.02861,2.023,4351
training/14-games120.txt,200,0.25,0.20,0.80,100,1,0,4351,2.02462,2.023,4351
training/14-games120.txt,200,0.25,0.20,0.80,100,1,1,4351,2.0291,2.023,4351
training/14-games120.txt,200,0.25,0.20,0.80,100,1,2,4393,2.0313,2.023,4351
training/14-games120.txt,200,0.25,0.20,0.80,100,1,3,4382,2.03241,2.023,4351
training/14-games120.txt,200,0.25,0.20,0.80,100,1,4,4363,2.03112,2.023,4351
training/14-games120.txt,200,0.25,0.20,0.80,50,2,0,4358,2.02496,2.023,4351
training/14-games120.txt,200,0.25,0.20,0.80,50,2,1,4351,2.02592,2.023,4351
training/14-games120.txt,200,0.25,0.20,0.80,50,2,2,4363,2.02449,2.023,4351
training/14-games120.txt,200,0.25,0.20,0.80,50,2,3,4360,2.02328,2.023,4351
training/14-games120.txt,200,0.25,0.20,0.80,50,2,4,4363,2.02396,2.023,4351
training/14-games120.txt,200,0.25,0.20,0.80,100,2,0,4351,2.02841,2.023,4351
training/14-games120.txt,200,0.25,0.20,0.80,100,2,1,4351,2.02703,2.023,4351
training/14-games120.txt,200,0.25,0.20,0.80,100,2,2,4370,2.02818,2.023,4351
training/14-games120.txt,200,0.25,0.20,0.80,100,2,3,4375,2.02935,2.023,4351
training/14-games120.txt,200,0.25,0.20,0.80,100,2,4,4363,2.0292,2.023,4351
training/15-DSJC125.1.txt,100,0.20,0.10,0.70,50,1,0,1183,2.51158,2.506,1081
training/15-DSJC125.1.txt,100,0.20,0.10,0.70,50,1,1,1210,2.51065,2.506,1081
training/15-DSJC125.1.txt,100,0.20,0.10,0.70,50,1,2,1243,2.50752,2.506,1081
training/15-DSJC125.1.txt,100,0.20,0.10,0.70,50,1,3,1203,2.50762,2.506,1081
training/15-DSJC125.1.txt,100,0.20,0.10,0.70,50,1,4,1181,2.50804,2.506,1081
training/15-DSJC125.1.txt,100,0.20,0.10,0.70,100,1,0,1206,2.50903,2.506,1081
training/15-DSJC125.1.txt,100,0.20,0.10,0.70,100,1,1,1206,2.51008,2.506,1081
training/15-DSJC125.1.txt,100,0.20,0.10,0.70,100,1,2,1189,2.50757,2.506,1081
training/15-DSJC125.1.txt,100,0.20,0.10,0.70,100,1,3,1230,2.51146,2.506,1081
training/15-DSJC125.1.txt,100,0.20,0.10,0.70,100,1,4,1210,2.51221,2.506,1081
training/15-DSJC125.1.txt,100,0.20,0.10,0.70,50,2,0,1245,2.51149,2.506,1081
training/15-DSJC125.1.txt,100,0.20,0.10,0.70,50,2,1,1210,2.50752,2.506,1081
training/15-DSJC125.1.txt,100,0.20,0.10,0.70,50,2,2,1171,2.50922,2.506,1081
training/15-DSJC125.1.txt,100,0.20,0.10,0.70,50,2,3,1192,2.50988,2.506,1081
training/15-DSJC125.1.txt,100,0.20,0.10,0.70,50,2,4,1207,2.50765,2.506,1081
training/15-DSJC125.1.txt,100,0.20,0.10,0.70,100,2,0,1250,2.50987,2.506,1081
training/15-DSJC125.1.txt,100,0.20,0.10,0.70,100,2,1,1206,2.511,2.506,1081
training/15-DSJC125.1.txt,100,0.20,0.10,0.70,100,2,2,1175,2.51107,2.506,1081
training/15-DSJC125.1.txt,100,0.20,0.10,0.70,100,2,3,1240,2.50774,2.506,1081
training/15-DSJC125.1.txt,100,0.20,0.10,0.70,100,2,4,1174,2.51089,2.506,1081
training/15-DSJC125.1.txt,100,0.20,0.10,0.80,50,1,0,1234,2.50655,2.506,1081
training/15-DSJC125.1.txt,100,0.20,0.10,0.80,50,1,1,1270,2.50802,2.506,1081
training/15-DSJC125.1.txt,100,0.20,0.10,0.80,50,1,2,1228,2.50747,2.506,1081
training/15-DSJC125.1.txt,100,0.20,0.10,0.80,50,1,3,1226,2.50709,2.506,1081
training/15-DSJC125.1.txt,100,0.20,0.10,0.80,50,1,4,1229,2.50785,2.506,1081
training/15-DSJC125.1.txt,100,0.20,0.10,0.80,100,1,0,1251,2.50629,2.506,1081
training/15-DSJC125.1.txt,100,0.20,0.10,0.80,100,1,1,1281,2.51084,2.506,1081
training/15-DSJC125.1.txt,100,0.20,0.10,0.80,100,1,2,1197,2.50842,2.506,1081
training/15-DSJC125.1.txt,100,0.20,0.10,0.80,100,1,3,1222,2.51038,2.506,1081
training/15-DSJC125.1.txt,100,0.20,0.10,0.80,100,1,4,1245,2.50883,2.506,1081
training/15-DSJC125.1.txt,100,0.20,0.10,0.80,50,2,0,1213,2.50879,2.506,1081
training/15-DSJC125.1.txt,100,0.20,0.10,0.80,50,2,1,1196,2.50801,2.506,1081
training/15-DSJC125.1.txt,100,0.20,0.10,0.80,50,2,2,1242,2.50821,2.506,1081
training/15-DSJC125.1.txt,100,0.20,0.10,0.80,50,2,3,1226,2.50773,2.506,1081
training/15-DSJC125.1.txt,100,0.20,0.10,0.80,50,2,4,1240,2.51231,2.506,1081
training/15-DSJC125.1.txt,100,0.20,0.10,0.80,100,2,0,1251,2.50925,2.506,1081
training/15-DSJC125.1.txt,100,0.20,0.10,0.80,100,2,1,1263,2.50869,2.506,1081
training/15-DSJC125.1.txt,100,0.20,0.10,0.80,100,2,2,1251,2.50781,2.506,1081
training/15-DSJC125.1.txt,100,0.20,0.10,0.80,100,2,3,1222,2.51231,2.506,1081
training/15-DSJC125.1.txt,100,0.20,0.10,0.80,100,2,4,1311,2.50697,2.506,1081
training/15-DSJC125.1.txt,100,0.20,0.20,0.70,50,1,0,1220,2.50806,2.506,1081
training/15-DSJC125.1.txt,100,0.20,0.20,0.70,50,1,1,1293,2.51216,2.506,1081
training/15-DSJC125.1.txt,100,0.20,0.20,0.70,50,1,2,1264,2.5084,2.506,1081
training/15-DSJC125.1.txt,100,0.20,0.20,0.70,50,1,3,1225,2.51093,2.506,1081
training/15-DSJC125.1.txt,100,0.20,0.20,0.70,50,1,4,1271,2.50644,2.506,1081
training/15-DSJC125.1.txt,100,0.20,0.20,0.70,100,1,0,1262,2.51082,2.506,1081
training/15-DSJC125.1.txt,100,0.20,0.20,0.70,100,1,1,1221,2.51003,2.506,1081
training/15-DSJC125.1.txt,100,0.20,0.20,0.70,100,1,2,1276,2.511,2.506,1081
training/15-DSJC125.1.txt,100,0.20,0.20,0.70,100,1,3,1218,2.50797,2.506,1081
training/15-DSJC125.1.txt,100,0.20,0.20,0.70,100,1,4,1230,2.50645,2.506,1081
training/15-DSJC125.1.txt,100,0.20,0.20,0.70,50,2,0,1255,2.50609,2.506,1081
training/15-DSJC125.1.txt,100,0.20,0.20,0.70,50,2,1,1315,2.50926,2.506,1081
training/15-DSJC125.1.txt,100,0.20,0.20,0.70,50,2,2,1201,2.51106,2.506,1081
training/15-DSJC125.1.txt,100,0.20,0.20,0.70,50,2,3,1284,2.51061,2.506,1081
training/15-DSJC125.1.txt,100,0.20,0.20,0.70,50,2,4,1238,2.50709,2.506,1081
training/15-DSJC125.1.txt,100,0.20,0.20,0.70,100,2,0,1215,2.50896,2.506,1081
training/15-DSJC125.1.txt,100,0.20,0.20,0.70,100,2,1,1176,2.50615,2.506,1081
training/15-DSJC125.1.txt,100,0.20,0.20,0.70,100,2,2,1252,2.50786,2.506,1081
training/15-DSJC125.1.txt,100,0.20,0.20,0.70,100,2,3,1222,2.5123,2.506,1081
training/15-DSJC125.1.txt,100,0.20,0.20,0.70,100,2,4,1201,2.50983,2.506,1081
training/15-DSJC125.1.txt,100,0.20,0.20,0.80,50,1,0,1198,2.51072,2.506,1081
training/15-DSJC125.1.txt,100,0.20,0.20,0.80,50,1,1,1238,2.50782,2.506,1081
training/15-DSJC125.1.txt,100,0.20,0.20,0.80,50,1,2,1196,2.50932,2.506,1081
training/15-DSJC125.1.txt,100,0.20,0.20,0.80,50,1,3,1225,2.50681,2.506,1081
training/15-DSJC125.1.txt,100,0.20,0.20,0.80,50,1,4,1239,2.50659,2.506,1081
training/15-DSJC125.1.txt,100,0.20,0.20,0.80,100,1,0,1253,2.51086,2.506,1081
training/15-DSJC125.1.txt,100,0.20,0.20,0.80,100,1,1,1209,2.50685,2.506,1081
training/15-DSJC125.1.txt,100,0.20,0.20,0.80,100,1,2,1266,2.50667,2.506,1081
training/15-DSJC125.1.txt,100,0.20,0.20,0.80,100,1,3,1265,2.50687,2.506,1081
training/15-DSJC125.1.txt,100,0.20,0.20,0.80,100,1,4,1263,2.51214,2.506,1081
training/15-DSJC125.1.txt,100,0.20,0.20,0.80,50,2,0,1216,2.50974,2.506,1081
training/15-DSJC125.1.txt,100,0.20,0.20,0.80,50,2,1,1230,2.50938,2.506,1081
training/15-DSJC125.1.txt,100,0.20,0.20,0.80,50,2,2,1230,2.50685,2.506,1081
training/15-DSJC125.1.txt,100,0.20,0.20,0.80,50,2,3,1232,2.51077,2.506,1081
training/15-DSJC125.1.txt,100,0.20,0.20,0.80,50,2,4,1249,2.5096,2.506,1081
training/15-DSJC125.1.txt,100,0.20,0.20,0.80,100,2,0,1226,2.51076,2.506,1081
training/15-DSJC125.1.txt,100,0.20,0.20,0.80,100,2,1,1198,2.50749,2.506,1081
training/15-DSJC125.1.txt,100,0.20,0.20,0.80,100,2,2,1233,2.51257,2.506,1081
training/15-DSJC125.1.txt,100,0.20,0.20,0.80,100,2,3,1289,2.50765,2.506,1081
training/15-DSJC125.1.txt,100,0.20,0.20,0.80,100,2,4,1274,2.51182,2.506,1081
training/15-DSJC125.1.txt,100,0.25,0.10,0.70,50,1,0,1195,2.50888,2.506,1081
training/15-DSJC125.1.txt,100,0.25,0.10,0.70,50,1,1,1238,2.51096,2.506,1081
training/15-DSJC125.1.txt,100,0.25,0.10,0.70,50,1,2,1198,2.5072,2.506,1081
training/15-DSJC125.1.txt,100,0.25,0.10,0.70,50,1,3,1122,2.51163,2.506,1081
training/15-DSJC125.1.txt,100,0.25,0.10,0.70,50,1,4,1224,2.50866,2.506,1081
training/15-DSJC125.1.txt,100,0.25,0.10,0.70,100,1,0,1193,2.51162,2.506,1081
training/15-DSJC125.1.txt,100,0.25,0.10,0.70,100,1,1,1146,2.51106,2.506,1081
training/15-DSJC125.1.txt,100,0.25,0.10,0.70,100,1,2,1180,2.50915,2.506,1081
training/15-DSJC125.1.txt,100,0.25,0.10,0.70,100,1,3,1236,2.51196,2.506,1081
training/15-DSJC125.1.txt,100,0.25,0.10,0.70,100,1,4,1239,2.51045,2.506,1081
training/15-DSJC125.1.txt,100,0.25,0.10,0.70,50,2,0,1225,2.50732,2.506,1081
training/15-DSJC125.1.txt,100,0.25,0.10,0.70,50,2,1,1194,2.51126,2.506,1081
training/15-DSJC125.1.txt,100,0.25,0.10,0.70,50,2,2,1196,2.5106,2.506,1081
training/15-DSJC125.1.txt,100,0.25,0.10,0.70,50,2,3,1234,2.5061,2.506,1081
training/15-DSJC125.1.txt,100,0.25,0.10,0.70,50,2,4,1222,2.50856,2.506,1081
training/15-DSJC125.1.txt,100,0.25,0.10,0.70,100,2,0,1193,2.51193,2.506,1081
training/15-DSJC125.1.txt,100,0.25,0.10,0.70,100,2,1,1251,2.50811,2.506,1081
training/15-DSJC125.1.txt,100,0.25,0.10,0.70,100,2,2,1210,2.50623,2.506,1081
training/15-DSJC125.1.txt,100,0.25,0.10,0.70,100,2,3,1196,2.50684,2.506,1081
training/15-DSJC125.1.txt,100,0.25,0.10,0.70,100,2,4,1181,2.51094,2.506,1081
training/15-DSJC125.1.txt,100,0.25,0.10,0.80,50,1,0,1251,2.50732,2.506,1081
training/15-DSJC125.1.txt,100,0.25,0.10,0.80,50,1,1,1237,2.50975,2.506,1081
training/15-DSJC125.1.txt,100,0.25,0.10,0.80,50,1,2,1270,2.50722,2.506,1081
training/15-DSJC125.1.txt,100,0.25,0.10,0.80,50,1,3,1246,2.51152,2.506,1081
training/15-DSJC125.1.txt,100,0.25,0.10,0.80,50,1,4,1299,2.51052,2.506,1081
training/15-DSJC125.1.txt,100,0.25,0.10,0.80,100,1,0,1246,2.51133,2.506,1081
training/15-DSJC125.1.txt,100,0.25,0.10,0.80,100,1,1,1165,2.50972,2.506,1081
training/15-DSJC125.1.txt,100,0.25,0.10,0.80,100,1,2,1217,2.50814,2.506,1081
training/15-DSJC125.1.txt,100,0.25,0.10,0.80,100,1,3,1246,2.50747,2.506,1081
training/15-DSJC125.1.txt,100,0.25,0.10,0.80,100,1,4,1274,2.50745,2.506,1081
training/15-DSJC125.1.txt,100,0.25,0.10,0.80,50,2,0,1140,2.50689,2.506,1081
training/15-DSJC125.1.txt,100,0.25,0.10,0.80,50,2,1,1240,2.50704,2.506,1081
training/15-DSJC125.1.txt,100,0.25,0.10,0.80,50,2,2,1175,2.51023,2.506,1081
training/15-DSJC125.1.txt,100,0.25,0.10,0.80,50,2,3,1242,2.50715,2.506,1081
training/15-DSJC125.1.txt,100,0.25,0.10,0.80,50,2,4,1243,2.50779,2.506,1081
training/15-DSJC125.1.txt,100,0.25,0.10,0.80,100,2,0,1206,2.50767,2.506,1081
training/15-DSJC125.1.txt,100,0.25,0.10,0.80,100,2,1,1192,2.50688,2.506,1081
training/15-DSJC125.1.txt,100,0.25,0.10,0.80,100,2,2,1229,2.50697,2.506,1081
training/15-DSJC125.1.txt,100,0.25,0.10,0.80,100,2,3,1269,2.51006,2.506,1081
training/15-DSJC125.1.txt,100,0.25,0.10,0.80,100,2,4,1253,2.50956,2.506,1081
training/15-DSJC125.1.txt,100,0.25,0.20,0.70,50,1,0,1303,2.50953,2.506,1081
training/15-DSJC125.1.txt,100,0.25,0.20,0.70,50,1,1,1252,2.50674,2.506,1081
training/15-DSJC125.1.txt,100,0.25,0.20,0.70,50,1,2,1301,2.50868,2.506,1081
training/15-DSJC125.1.txt,100,0.25,0.20,0.70,50,1,3,1305,2.51161,2.506,1081
training/15-DSJC125.1.txt,100,0.25,0.20,0.70,50,1,4,1273,2.50734,2.506,1081
training/15-DSJC125.1.txt,100,0.25,0.20,0.70,100,1,0,1227,2.50796,2.506,1081
training/15-DSJC125.1.txt,100,0.25,0.20,0.70,100,1,1,1242,2.51044,2.506,1081
training/15-DSJC125.1.txt,100,0.25,0.20,0.70,100,1,2,1178,2.51199,2.506,1081
training/15-DSJC125.1.txt,100,0.25,0.20,0.70,100,1,3,1248,2.51171,2.506,1081
training/15-DSJC125.1.txt,100,0.25,0.20,0.70,100,1,4,1188,2.50876,2.506,1081
training/15-DSJC125.1.txt,100,0.25,0.20,0.70,50,2,0,1188,2.51154,2.506,1081
training/15-DSJC125.1.txt,100,0.25,0.20,0.70,50,2,1,1266,2.50994,2.506,1081
training/15-DSJC125.1.txt,100,0.25,0.20,0.70,50,2,2,1264,2.50653,2.506,1081
training/15-DSJC125.1.txt,100,0.25,0.20,0.70,50,2,3,1201,2.51178,2.506,1081
training/15-DSJC125.1.txt,100,0.25,0.20,0.70,50,2,4,1317,2.50642,2.506,1081
training/15-DSJC125.1.txt,100,0.25,0.20,0.70,100,2,0,1227,2.50877,2.506,1081
training/15-DSJC125.1.txt,100,0.25,0.20,0.70,100,2,1,1207,2.507,2.506,1081
training/15-DSJC125.1.txt,100,0.25,0.20,0.70,100,2,2,1249,2.51028,2.506,1081
training/15-DSJC125.1.txt,100,0.25,0.20,0.70,100,2,3,1175,2.50824,2.506,1081
training/15-DSJC125.1.txt,100,0.25,0.20,0.70,100,2,4,1222,2.50961,2.506,1081
training/15-DSJC125.1.txt,100,0.25,0.20,0.80,50,1,0,1192,2.50701,2.506,1081
training/15-DSJC125.1.txt,100,0.25,0.20,0.80,50,1,1,1250,2.51399,2.506,1081
training/15-DSJC125.1.txt,100,0.25,0.20,0.80,50,1,2,1195,2.50761,2.506,1081
training/15-DSJC125.1.txt,100,0.25,0.20,0.80,50,1,3,1211,2.51151,2.506,1081
training/15-DSJC125.1.txt,100,0.25,0.20,0.80,50,1,4,1165,2.51077,2.506,1081
training/15-DSJC125.1.txt,100,0.25,0.20,0.80,100,1,0,1214,2.50698,2.506,1081
training/15-DSJC125.1.txt,100,0.25,0.20,0.80,100,1,1,1182,2.50913,2.506,1081
training/15-DSJC125.1.txt,100,0.25,0.20,0.80,100,1,2,1179,2.50802,2.506,1081
training/15-DSJC125.1.txt,100,0.25,0.20,0.80,100,1,3,1170,2.50766,2.506,1081
training/15-DSJC125.1.txt,100,0.25,0.20,0.80,100,1,4,1197,2.50838,2.506,1081
training/15-DSJC125.1.txt,100,0.25,0.20,0.80,50,2,0,1308,2.51191,2.506,1081
training/15-DSJC125.1.txt,100,0.25,0.20,0.80,50,2,1,1273,2.51032,2.506,1081
training/15-DSJC125.1.txt,100,0.25,0.20,0.80,50,2,2,1249,2.5077,2.506,1081
training/15-DSJC125.1.txt,100,0.25,0.20,0.80,50,2,3,1256,2.51198,2.506,1081
training/15-DSJC125.1.txt,100,0.25,0.20,0.80,50,2,4,1249,2.50849,2.506,1081
training/15-DSJC125.1.txt,100,0.25,0.20,0.80,100,2,0,1233,2.50654,2.506,1081
training/15-DSJC125.1.txt,100,0.25,0.20,0.80,100,2,1,1239,2.51152,2.506,1081
training/15-DSJC125.1.txt,100,0.25,0.20,0.80,100,2,2,1221,2.50836,2.506,1081
training/15-DSJC125.1.txt,100,0.25,0.20,0.80,100,2,3,1217,2.50733,2.506,1081
training/15-DSJC125.1.txt,100,0.25,0.20,0.80,100,2,4,1198,2.51127,2.506,1081
training/15-DSJC125.1.txt,150,0.20,0.10,0.70,50,1,0,1138,2.50937,2.506,1081
training/15-DSJC125.1.txt,150,0.20,0.10,0.70,50,1,1,1207,2.50622,2.506,1081
training/15-DSJC125.1.txt,150,0.20,0.10,0.70,50,1,2,1135,2.51482,2.506,1081
training/15-DSJC125.1.txt,150,0.20,0.10,0.70,50,1,3,1170,2.51238,2.506,1081
training/15-DSJC125.1.txt,150,0.20,0.10,0.70,50,1,4,1211,2.51333,2.506,1081
training/15-DSJC125.1.txt,150,0.20,0.10,0.70,100,1,0,1125,2.5085,2.506,1081
training/15-DSJC125.1.txt,150,0.20,0.10,0.70,100,1,1,1178,2.50851,2.506,1081
training/15-DSJC125.1.txt,150,0.20,0.10,0.70,100,1,2,1178,2.51107,2.506,1081
training/15-DSJC125.1.txt,150,0.20,0.10,0.70,100,1,3,1161,2.51092,2.506,1081
training/15-DSJC125.1.txt,150,0.20,0.10,0.70,100,1,4,1173,2.50792,2.506,1081
training/15-DSJC125.1.txt,150,0.20,0.10,0.70,50,2,0,1138,2.50948,2.506,1081
training/15-DSJC125.1.txt,150,0.20,0.10,0.70,50,2,1,1215,2.51523,2.506,1081
training/15-DSJC125.1.txt,150,0.20,0.10,0.70,50,2,2,1218,2.50732,2.506,1081
training/15-DSJC125.1.txt,150,0.20,0.10,0.70,50,2,3,1232,2.50931,2.506,1081
training/15-DSJC125.1.txt,150,0.20,0.10,0.70,50,2,4,1211,2.51092,2.506,1081
training/15-DSJC125.1.txt,150,0.20,0.10,0.70,100,2,0,1125,2.51235,2.506,1081
training/15-DSJC125.1.txt,150,0.20,0.10,0.70,100,2,1,1178,2.51478,2.506,1081
training/15-DSJC125.1.txt,150,0.20,0.10,0.70,100,2,2,1232,2.50744,2.506,1081
training/15-DSJC125.1.txt,150,0.20,0.10,0.70,100,2,3,1265,2.51474,2.506,1081
training/15-DSJC125.1.txt,150,0.20,0.10,0.70,100,2,4,1208,2.50983,2.506,1081
training/15-DSJC125.1.txt,150,0.20,0.10,0.80,50,1,0,1218,2.51264,2.506,1081
training/15-DSJC125.1.txt,150,0.20,0.10,0.80,50,1,1,1221,2.50899,2.506,1081
training/15-DSJC125.1.txt,150,0.20,0.10,0.80,50,1,2,1241,2.51056,2.506,1081
training/15-DSJC125.1.txt,150,0.20,0.10,0.80,50,1,3,1241,2.51364,2.506,1081
training/15-DSJC125.1.txt,150,0.20,0.10,0.80,50,1,4,1286,2.52211,2.506,1081
training/15-DSJC125.1.txt,150,0.20,0.10,0.80,100,1,0,1210,2.51072,2.506,1081
training/15-DSJC125.1.txt,150,0.20,0.10,0.80,100,1,1,1256,2.51451,2.506,1081
training/15-DSJC125.1.txt,150,0.20,0.10,0.80,100,1,2,1245,2.51104,2.506,1081
training/15-DSJC125.1.txt,150,0.20,0.10,0.80,100,1,3,1193,2.5081,2.506,1081
training/15-DSJC125.1.txt,150,0.20,0.10,0.80,100,1,4,1183,2.50716,2.506,1081
training/15-DSJC125.1.txt,150,0.20,0.10,0.80,50,2,0,1281,2.51054,2.506,1081
training/15-DSJC125.1.txt,150,0.20,0.10,0.80,50,2,1,1251,2.51379,2.506,1081
training/15-DSJC125.1.txt,150,0.20,0.10,0.80,50,2,2,1249,2.51314,2.506,1081
training/15-DSJC125.1.txt,150,0.20,0.10,0.80,50,2,3,1250,2.51242,2.506,1081
training/15-DSJC125.1.txt,150,0.20,0.10,0.80,50,2,4,1163,2.50973,2.506,1081
training/15-DSJC125.1.txt,150,0.20,0.10,0.80,100,2,0,1176,2.50885,2.506,1081
training/15-DSJC125.1.txt,150,0.20,0.10,0.80,100,2,1,1272,2.51493,2.506,1081
training/15-DSJC125.1.txt,150,0.20,0.10,0.80,100,2,2,1213,2.51253,2.506,1081
training/15-DSJC125.1.txt,150,0.20,0.10,0.80,100,2,3,1155,2.51548,2.506,1081
training/15-DSJC125.1.txt,150,0.20,0.10,0.80,100,2,4,1290,2.50912,2.506,1081
training/15-DSJC125.1.txt,150,0.20,0.20,0.70,50,1,0,1267,2.52418,2.506,1081
training/15-DSJC125.1.txt,150,0.20,0.20,0.70,50,1,1,1285,2.51418,2.506,1081
training/15-DSJC125.1.txt,150,0.20,0.20,0.70,50,1,2,1255,2.51731,2.506,1081
training/15-DSJC125.1.txt,150,0.20,0.20,0.70,50,1,3,1263,2.50697,2.506,1081
training/15-DSJC125.1.txt,150,0.20,0.20,0.70,50,1,4,1246,2.51393,2.506,1081
training/15-DSJC125.1.txt,150,0.20,0.20,0.70,100,1,0,1243,2.51384,2.506,1081
training/15-DSJC125.1.txt,150,0.20,0.20,0.70,100,1,1,1167,2.51258,2.506,1081
training/15-DSJC125.1.txt,150,0.20,0.20,0.70,100,1,2,1190,2.51456,2.506,1081
training/15-DSJC125.1.txt,150,0.20,0.20,0.70,100,1,3,1276,2.50668,2.506,1081
training/15-DSJC125.1.txt,150,0.20,0.20,0.70,100,1,4,1162,2.51509,2.506,1081
training/15-DSJC125.1.txt,150,0.20,0.20,0.70,50,2,0,1220,2.50664,2.506,1081
training/15-DSJC125.1.txt,150,0.20,0.20,0.70,50,2,1,1279,2.51146,2.506,1081
training/15-DSJC125.1.txt,150,0.20,0.20,0.70,50,2,2,1304,2.51162,2.506,1081
training/15-DSJC125.1.txt,150,0.20,0.20,0.70,50,2,3,1222,2.50893,2.506,1081
training/15-DSJC125.1.txt,150,0.20,0.20,0.70,50,2,4,1298,2.50954,2.506,1081
training/15-DSJC125.1.txt,150,0.20,0.20,0.70,100,2,0,1289,2.50996,2.506,1081
training/15-DSJC125.1.txt,150,0.20,0.20,0.70,100,2,1,1167,2.5152,2.506,1081
training/15-DSJC125.1.txt,150,0.20,0.20,0.70,100,2,2,1190,2.51485,2.506,1081
training/15-DSJC125.1.txt,150,0.20,0.20,0.70,100,2,3,1200,2.51255,2.506,1081
training/15-DSJC125.1.txt,150,0.20,0.20,0.70,100,2,4,1210,2.51071,2.506,1081
training/15-DSJC125.1.txt,150,0.20,0.20,0.80,50,1,0,1135,2.50752,2.506,1081
training/15-DSJC125.1.txt,150,0.20,0.20,0.80,50,1,1,1237,2.51314,2.506,1081
training/15-DSJC125.1.txt,150,0.20,0.20,0.80,50,1,2,1226,2.51367,2.506,1081
training/15-DSJC125.1.txt,150,0.20,0.20,0.80,50,1,3,1203,2.51449,2.506,1081
training/15-DSJC125.1.txt,150,0.20,0.20,0.80,50,1,4,1171,2.52885,2.506,1081
training/15-DSJC125.1.txt,150,0.20,0.20,0.80,100,1,0,1239,2.50832,2.506,1081
training/15-DSJC125.1.txt,150,0.20,0.20,0.80,100,1,1,1253,2.50988,2.506,1081
training/15-DSJC125.1.txt,150,0.20,0.20,0.80,100,1,2,1197,2.5087,2.506,1081
training/15-DSJC125.1.txt,150,0.20,0.20,0.80,100,1,3,1262,2.5106,2.506,1081
training/15-DSJC125.1.txt,150,0.20,0.20,0.80,100,1,4,1233,2.51489,2.506,1081
training/15-DSJC125.1.txt,150,0.20,0.20,0.80,50,2,0,1282,2.50977,2.506,1081
training/15-DSJC125.1.txt,150,0.20,0.20,0.80,50,2,1,1180,2.5125,2.506,1081
training/15-DSJC125.1.txt,150,0.20,0.20,0.80,50,2,2,1210,2.51011,2.506,1081
training/15-DSJC125.1.txt,150,0.20,0.20,0.80,50,2,3,1217,2.51075,2.506,1081
training/15-DSJC125.1.txt,150,0.20,0.20,0.80,50,2,4,1275,2.51341,2.506,1081
training/15-DSJC125.1.txt,150,0.20,0.20,0.80,100,2,0,1224,2.50789,2.506,1081
training/15-DSJC125.1.txt,150,0.20,0.20,0.80,100,2,1,1223,2.50762,2.506,1081
training/15-DSJC125.1.txt,150,0.20,0.20,0.80,100,2,2,1239,2.51464,2.506,1081
training/15-DSJC125.1.txt,150,0.20,0.20,0.80,100,2,3,1262,2.50818,2.506,1081
training/15-DSJC125.1.txt,150,0.20,0.20,0.80,100,2,4,1192,2.50931,2.506,1081
training/15-DSJC125.1.txt,150,0.25,0.10,0.70,50,1,0,1227,2.51442,2.506,1081
training/15-DSJC125.1.txt,150,0.25,0.10,0.70,50,1,1,1230,2.5133,2.506,1081
training/15-DSJC125.1.txt,150,0.25,0.10,0.70,50,1,2,1204,2.51098,2.506,1081
training/15-DSJC125.1.txt,150,0.25,0.10,0.70,50,1,3,1218,2.51334,2.506,1081
training/15-DSJC125.1.txt,150,0.25,0.10,0.70,50,1,4,1208,2.51168,2.506,1081
training/15-DSJC125.1.txt,150,0.25,0.10,0.70,100,1,0,1228,2.51126,2.506,1081
training/15-DSJC125.1.txt,150,0.25,0.10,0.70,100,1,1,1126,2.51188,2.506,1081
training/15-DSJC125.1.txt,150,0.25,0.10,0.70,100,1,2,1196,2.51215,2.506,1081
training/15-DSJC125.1.txt,150,0.25,0.10,0.70,100,1,3,1207,2.51382,2.506,1081
training/15-DSJC125.1.txt,150,0.25,0.10,0.70,100,1,4,1186,2.51198,2.506,1081
training/15-DSJC125.1.txt,150,0.25,0.10,0.70,50,2,0,1239,2.51066,2.506,1081
training/15-DSJC125.1.txt,150,0.25,0.10,0.70,50,2,1,1164,2.50705,2.506,1081
training/15-DSJC125.1.txt,150,0.25,0.10,0.70,50,2,2,1216,2.50721,2.506,1081
training/15-DSJC125.1.txt,150,0.25,0.10,0.70,50,2,3,1219,2.50842,2.506,1081
training/15-DSJC125.1.txt,150,0.25,0.10,0.70,50,2,4,1328,2.51256,2.506,1081
training/15-DSJC125.1.txt,150,0.25,0.10,0.70,100,2,0,1119,2.50913,2.506,1081
training/15-DSJC125.1.txt,150,0.25,0.10,0.70,100,2,1,1126,2.50724,2.506,1081
training/15-DSJC125.1.txt,150,0.25,0.10,0.70,100,2,2,1229,2.5144,2.506,1081
training/15-DSJC125.1.txt,150,0.25,0.10,0.70,100,2,3,1120,2.51408,2.506,1081
training/15-DSJC125.1.txt,150,0.25,0.10,0.70,100,2,4,1201,2.51364,2.506,1081
training/15-DSJC125.1.txt,150,0.25,0.10,0.80,50,1,0,1222,2.51284,2.506,1081
training/15-DSJC125.1.txt,150,0.25,0.10,0.80,50,1,1,1188,2.50953,2.506,1081
training/15-DSJC125.1.txt,150,0.25,0.10,0.80,50,1,2,1205,2.51005,2.506,1081
training/15-DSJC125.1.txt,150,0.25,0.10,0.80,50,1,3,1174,2.5104,2.506,1081
training/15-DSJC125.1.txt,150,0.25,0.10,0.80,50,1,4,1197,2.5079,2.506,1081
training/15-DSJC125.1.txt,150,0.25,0.10,0.80,100,1,0,1221,2.5112,2.506,1081
training/15-DSJC125.1.txt,150,0.25,0.10,0.80,100,1,1,1280,2.50793,2.506,1081
training/15-DSJC125.1.txt,150,0.25,0.10,0.80,100,1,2,1205,2.51077,2.506,1081
training/15-DSJC125.1.txt,150,0.25,0.10,0.80,100,1,3,1129,2.51389,2.506,1081
training/15-DSJC125.1.txt,150,0.25,0.10,0.80,100,1,4,1178,2.51368,2.506,1081
training/15-DSJC125.1.txt,150,0.25,0.10,0.80,50,2,0,1217,2.51228,2.506,1081
training/15-DSJC125.1.txt,150,0.25,0.10,0.80,50,2,1,1199,2.51236,2.506,1081
training/15-DSJC125.1.txt,150,0.25,0.10,0.80,50,2,2,1205,2.51297,2.506,1081
training/15-DSJC125.1.txt,150,0.25,0.10,0.80,50,2,3,1183,2.51197,2.506,1081
training/15-DSJC125.1.txt,150,0.25,0.10,0.80,50,2,4,1228,2.51491,2.506,1081
training/15-DSJC125.1.txt,150,0.25,0.10,0.80,100,2,0,1189,2.509,2.506,1081
training/15-DSJC125.1.txt,150,0.25,0.10,0.80,100,2,1,1298,2.51447,2.506,1081
training/15-DSJC125.1.txt,150,0.25,0.10,0.80,100,2,2,1205,2.51116,2.506,1081
training/15-DSJC125.1.txt,150,0.25,0.10,0.80,100,2,3,1129,2.51449,2.506,1081
training/15-DSJC125.1.txt,150,0.25,0.10,0.80,100,2,4,1178,2.51244,2.506,1081
training/15-DSJC125.1.txt,150,0.25,0.20,0.70,50,1,0,1311,2.50726,2.506,1081
training/15-DSJC125.1.txt,150,0.25,0.20,0.70,50,1,1,1259,2.51102,2.506,1081
training/15-DSJC125.1.txt,150,0.25,0.20,0.70,50,1,2,1302,2.51462,2.506,1081
training/15-DSJC125.1.txt,150,0.25,0.20,0.70,50,1,3,1372,2.5146,2.506,1081
training/15-DSJC125.1.txt,150,0.25,0.20,0.70,50,1,4,1326,2.51374,2.506,1081
training/15-DSJC125.1.txt,150,0.25,0.20,0.70,100,1,0,1252,2.51512,2.506,1081
training/15-DSJC125.1.txt,150,0.25,0.20,0.70,100,1,1,1162,2.51357,2.506,1081
training/15-DSJC125.1.txt,150,0.25,0.20,0.70,100,1,2,1229,2.50887,2.506,1081
training/15-DSJC125.1.txt,150,0.25,0.20,0.70,100,1,3,1267,2.51071,2.506,1081
training/15-DSJC125.1.txt,150,0.25,0.20,0.70,100,1,4,1213,2.51071,2.506,1081
training/15-DSJC125.1.txt,150,0.25,0.20,0.70,50,2,0,1318,2.51491,2.506,1081
training/15-DSJC125.1.txt,150,0.25,0.20,0.70,50,2,1,1208,2.51364,2.506,1081
training/15-DSJC125.1.txt,150,0.25,0.20,0.70,50,2,2,1302,2.51385,2.506,1081
training/15-DSJC125.1.txt,150,0.25,0.20,0.70,50,2,3,1417,2.50736,2.506,1081
training/15-DSJC125.1.txt,150,0.25,0.20,0.70,50,2,4,1300,2.51611,2.506,1081
training/15-DSJC125.1.txt,150,0.25,0.20,0.70,100,2,0,1169,2.50848,2.506,1081
training/15-DSJC125.1.txt,150,0.25,0.20,0.70,100,2,1,1244,2.51395,2.506,1081
training/15-DSJC125.1.txt,150,0.25,0.20,0.70,100,2,2,1250,2.51115,2.506,1081
training/15-DSJC125.1.txt,150,0.25,0.20,0.70,100,2,3,1319,2.5124,2.506,1081
training/15-DSJC125.1.txt,150,0.25,0.20,0.70,100,2,4,1171,2.50622,2.506,1081
training/15-DSJC125.1.txt,150,0.25,0.20,0.80,50,1,0,1282,2.51257,2.506,1081
training/15-DSJC125.1.txt,150,0.25,0.20,0.80,50,1,1,1276,2.51018,2.506,1081
training/15-DSJC125.1.txt,150,0.25,0.20,0.80,50,1,2,1295,2.51229,2.506,1081
training/15-DSJC125.1.txt,150,0.25,0.20,0.80,50,1,3,1201,2.51397,2.506,1081
training/15-DSJC125.1.txt,150,0.25,0.20,0.80,50,1,4,1260,2.50856,2.506,1081
training/15-DSJC125.1.txt,150,0.25,0.20,0.80,100,1,0,1169,2.50795,2.506,1081
training/15-DSJC125.1.txt,150,0.25,0.20,0.80,100,1,1,1215,2.51021,2.506,1081
training/15-DSJC125.1.txt,150,0.25,0.20,0.80,100,1,2,1227,2.50651,2.506,1081
training/15-DSJC125.1.txt,150,0.25,0.20,0.80,100,1,3,1291,2.50747,2.506,1081
training/15-DSJC125.1.txt,150,0.25,0.20,0.80,100,1,4,1215,2.50643,2.506,1081
training/15-DSJC125.1.txt,150,0.25,0.20,0.80,50,2,0,1237,2.50882,2.506,1081
training/15-DSJC125.1.txt,150,0.25,0.20,0.80,50,2,1,1276,2.50921,2.506,1081
training/15-DSJC125.1.txt,150,0.25,0.20,0.80,50,2,2,1216,2.50836,2.506,1081
training/15-DSJC125.1.txt,150,0.25,0.20,0.80,50,2,3,1180,2.51144,2.506,1081
training/15-DSJC125.1.txt,150,0.25,0.20,0.80,50,2,4,1295,2.51489,2.506,1081
training/15-DSJC125.1.txt,150,0.25,0.20,0.80,100,2,0,1246,2.51186,2.506,1081
training/15-DSJC125.1.txt,150,0.25,0.20,0.80,100,2,1,1175,2.51449,2.506,1081
training/15-DSJC125.1.txt,150,0.25,0.20,0.80,100,2,2,1237,2.50617,2.506,1081
training/15-DSJC125.1.txt,150,0.25,0.20,0.80,100,2,3,1187,2.50912,2.506,1081
training/15-DSJC125.1.txt,150,0.25,0.20,0.80,100,2,4,1261,2.51047,2.506,1081
training/15-DSJC125.1.txt,200,0.20,0.10,0.70,50,1,0,1240,2.51572,2.506,1081
training/15-DSJC125.1.txt,200,0.20,0.10,0.70,50,1,1,1153,2.51528,2.506,1081
training/15-DSJC125.1.txt,200,0.20,0.10,0.70,50,1,2,1157,2.50667,2.506,1081
training/15-DSJC125.1.txt,200,0.20,0.10,0.70,50,1,3,1214,2.50823,2.506,1081
training/15-DSJC125.1.txt,200,0.20,0.10,0.70,50,1,4,1245,2.51833,2.506,1081
training/15-DSJC125.1.txt,200,0.20,0.10,0.70,100,1,0,1210,2.51408,2.506,1081
training/15-DSJC125.1.txt,200,0.20,0.10,0.70,100,1,1,1153,2.51362,2.506,1081
training/15-DSJC125.1.txt,200,0.20,0.10,0.70,100,1,2,1126,2.50974,2.506,1081
training/15-DSJC125.1.txt,200,0.20,0.10,0.70,100,1,3,1186,2.51785,2.506,1081
training/15-DSJC125.1.txt,200,0.20,0.10,0.70,100,1,4,1222,2.50812,2.506,1081
training/15-DSJC125.1.txt,200,0.20,0.10,0.70,50,2,0,1284,2.51701,2.506,1081
training/15-DSJC125.1.txt,200,0.20,0.10,0.70,50,2,1,1153,2.51722,2.506,1081
training/15-DSJC125.1.txt,200,0.20,0.10,0.70,50,2,2,1157,2.51526,2.506,1081
training/15-DSJC125.1.txt,200,0.20,0.10,0.70,50,2,3,1243,2.50652,2.506,1081
training/15-DSJC125.1.txt,200,0.20,0.10,0.70,50,2,4,1243,2.50759,2.506,1081
training/15-DSJC125.1.txt,200,0.20,0.10,0.70,100,2,0,1174,2.51834,2.506,1081
training/15-DSJC125.1.txt,200,0.20,0.10,0.70,100,2,1,1153,2.51716,2.506,1081
training/15-DSJC125.1.txt,200,0.20,0.10,0.70,100,2,2,1126,2.51005,2.506,1081
training/15-DSJC125.1.txt,200,0.20,0.10,0.70,100,2,3,1186,2.51606,2.506,1081
training/15-DSJC125.1.txt,200,0.20,0.10,0.70,100,2,4,1222,2.51294,2.506,1081
training/15-DSJC125.1.txt,200,0.20,0.10,0.80,50,1,0,1245,2.50647,2.506,1081
training/15-DSJC125.1.txt,200,0.20,0.10,0.80,50,1,1,1188,2.51543,2.506,1081
training/15-DSJC125.1.txt,200,0.20,0.10,0.80,50,1,2,1182,2.51344,2.506,1081
training/15-DSJC125.1.txt,200,0.20,0.10,0.80,50,1,3,1189,2.51328,2.506,1081
training/15-DSJC125.1.txt,200,0.20,0.10,0.80,50,1,4,1211,2.50659,2.506,1081
training/15-DSJC125.1.txt,200,0.20,0.10,0.80,100,1,0,1234,2.50739,2.506,1081
training/15-DSJC125.1.txt,200,0.20,0.10,0.80,100,1,1,1147,2.50757,2.506,1081
training/15-DSJC125.1.txt,200,0.20,0.10,0.80,100,1,2,1273,2.50942,2.506,1081
training/15-DSJC125.1.txt,200,0.20,0.10,0.80,100,1,3,1161,2.5069,2.506,1081
training/15-DSJC125.1.txt,200,0.20,0.10,0.80,100,1,4,1228,2.51735,2.506,1081
training/15-DSJC125.1.txt,200,0.20,0.10,0.80,50,2,0,1180,2.518,2.506,1081
training/15-DSJC125.1.txt,200,0.20,0.10,0.80,50,2,1,1188,2.51248,2.506,1081
training/15-DSJC125.1.txt,200,0.20,0.10,0.80,50,2,2,1194,2.50841,2.506,1081
training/15-DSJC125.1.txt,200,0.20,0.10,0.80,50,2,3,1162,2.51366,2.506,1081
training/15-DSJC125.1.txt,200,0.20,0.10,0.80,50,2,4,1196,2.50687,2.506,1081
training/15-DSJC125.1.txt,200,0.20,0.10,0.80,100,2,0,1204,2.51322,2.506,1081
training/15-DSJC125.1.txt,200,0.20,0.10,0.80,100,2,1,1188,2.51297,2.506,1081
training/15-DSJC125.1.txt,200,0.20,0.10,0.80,100,2,2,1271,2.51165,2.506,1081
training/15-DSJC125.1.txt,200,0.20,0.10,0.80,100,2,3,1131,2.51801,2.506,1081
training/15-DSJC125.1.txt,200,0.20,0.10,0.80,100,2,4,1208,2.5099,2.506,1081
training/15-DSJC125.1.txt,200,0.20,0.20,0.70,50,1,0,1267,2.50993,2.506,1081
training/15-DSJC125.1.txt,200,0.20,0.20,0.70,50,1,1,1241,2.5116,2.506,1081
training/15-DSJC125.1.txt,200,0.20,0.20,0.70,50,1,2,1225,2.50701,2.506,1081
training/15-DSJC125.1.txt,200,0.20,0.20,0.70,50,1,3,1196,2.50638,2.506,1081
training/15-DSJC125.1.txt,200,0.20,0.20,0.70,50,1,4,1242,2.51578,2.506,1081
training/15-DSJC125.1.txt,200,0.20,0.20,0.70,100,1,0,1173,2.5167,2.506,1081
training/15-DSJC125.1.txt,200,0.20,0.20,0.70,100,1,1,1204,2.51763,2.506,1081
training/15-DSJC125.1.txt,200,0.20,0.20,0.70,100,1,2,1321,2.50926,2.506,1081
training/15-DSJC125.1.txt,200,0.20,0.20,0.70,100,1,3,1174,2.51005,2.506,1081
training/15-DSJC125.1.txt,200,0.20,0.20,0.70,100,1,4,1129,2.5135,2.506,1081
training/15-DSJC125.1.txt,200,0.20,0.20,0.70,50,2,0,1298,2.5136,2.506,1081
training/15-DSJC125.1.txt,200,0.20,0.20,0.70,50,2,1,1312,2.5089,2.506,1081
training/15-DSJC125.1.txt,200,0.20,0.20,0.70,50,2,2,1284,2.51625,2.506,1081
training/15-DSJC125.1.txt,200,0.20,0.20,0.70,50,2,3,1205,2.51586,2.506,1081
training/15-DSJC125.1.txt,200,0.20,0.20,0.70,50,2,4,1242,2.51367,2.506,1081
training/15-DSJC125.1.txt,200,0.20,0.20,0.70,100,2,0,1133,2.50963,2.506,1081
training/15-DSJC125.1.txt,200,0.20,0.20,0.70,100,2,1,1218,2.51485,2.506,1081
training/15-DSJC125.1.txt,200,0.20,0.20,0.70,100,2,2,1208,2.51428,2.506,1081
training/15-DSJC125.1.txt,200,0.20,0.20,0.70,100,2,3,1166,2.50843,2.506,1081
training/15-DSJC125.1.txt,200,0.20,0.20,0.70,100,2,4,1129,2.50809,2.506,1081
training/15-DSJC125.1.txt,200,0.20,0.20,0.80,50,1,0,1197,2.51122,2.506,1081
training/15-DSJC125.1.txt,200,0.20,0.20,0.80,50,1,1,1197,2.51389,2.506,1081
training/15-DSJC125.1.txt,200,0.20,0.20,0.80,50,1,2,1131,2.51717,2.506,1081
training/15-DSJC125.1.txt,200,0.20,0.20,0.80,50,1,3,1196,2.50617,2.506,1081
training/15-DSJC125.1.txt,200,0.20,0.20,0.80,50,1,4,1138,2.51489,2.506,1081
training/15-DSJC125.1.txt,200,0.20,0.20,0.80,100,1,0,1306,2.50655,2.506,1081
training/15-DSJC125.1.txt,200,0.20,0.20,0.80,100,1,1,1255,2.51353,2.506,1081
training/15-DSJC125.1.txt,200,0.20,0.20,0.80,100,1,2,1139,2.51476,2.506,1081
training/15-DSJC125.1.txt,200,0.20,0.20,0.80,100,1,3,1311,2.51813,2.506,1081
training/15-DSJC125.1.txt,200,0.20,0.20,0.80,100,1,4,1295,2.51334,2.506,1081
training/15-DSJC125.1.txt,200,0.20,0.20,0.80,50,2,0,1265,2.51507,2.506,1081
training/15-DSJC125.1.txt,200,0.20,0.20,0.80,50,2,1,1228,2.50642,2.506,1081
training/15-DSJC125.1.txt,200,0.20,0.20,0.80,50,2,2,1139,2.50616,2.506,1081
training/15-DSJC125.1.txt,200,0.20,0.20,0.80,50,2,3,1168,2.51733,2.506,1081
training/15-DSJC125.1.txt,200,0.20,0.20,0.80,50,2,4,1232,2.51197,2.506,1081
training/15-DSJC125.1.txt,200,0.20,0.20,0.80,100,2,0,1157,2.5182,2.506,1081
training/15-DSJC125.1.txt,200,0.20,0.20,0.80,100,2,1,1234,2.50918,2.506,1081
training/15-DSJC125.1.txt,200,0.20,0.20,0.80,100,2,2,1139,2.51331,2.506,1081
training/15-DSJC125.1.txt,200,0.20,0.20,0.80,100,2,3,1311,2.51728,2.506,1081
training/15-DSJC125.1.txt,200,0.20,0.20,0.80,100,2,4,1308,2.51794,2.506,1081
training/15-DSJC125.1.txt,200,0.25,0.10,0.70,50,1,0,1319,2.51511,2.506,1081
training/15-DSJC125.1.txt,200,0.25,0.10,0.70,50,1,1,1231,2.5062,2.506,1081
training/15-DSJC125.1.txt,200,0.25,0.10,0.70,50,1,2,1224,2.51964,2.506,1081
training/15-DSJC125.1.txt,200,0.25,0.10,0.70,50,1,3,1187,2.51373,2.506,1081
training/15-DSJC125.1.txt,200,0.25,0.10,0.70,50,1,4,1312,2.50947,2.506,1081
training/15-DSJC125.1.txt,200,0.25,0.10,0.70,100,1,0,1154,2.51134,2.506,1081
training/15-DSJC125.1.txt,200,0.25,0.10,0.70,100,1,1,1166,2.50936,2.506,1081
training/15-DSJC125.1.txt,200,0.25,0.10,0.70,100,1,2,1154,2.51375,2.506,1081
training/15-DSJC125.1.txt,200,0.25,0.10,0.70,100,1,3,1134,2.51328,2.506,1081
training/15-DSJC125.1.txt,200,0.25,0.10,0.70,100,1,4,1216,2.51604,2.506,1081
training/15-DSJC125.1.txt,200,0.25,0.10,0.70,50,2,0,1354,2.51421,2.506,1081
training/15-DSJC125.1.txt,200,0.25,0.10,0.70,50,2,1,1213,2.51136,2.506,1081
training/15-DSJC125.1.txt,200,0.25,0.10,0.70,50,2,2,1224,2.50628,2.506,1081
training/15-DSJC125.1.txt,200,0.25,0.10,0.70,50,2,3,1273,2.51083,2.506,1081
training/15-DSJC125.1.txt,200,0.25,0.10,0.70,50,2,4,1290,2.51342,2.506,1081
training/15-DSJC125.1.txt,200,0.25,0.10,0.70,100,2,0,1150,2.51121,2.506,1081
training/15-DSJC125.1.txt,200,0.25,0.10,0.70,100,2,1,1166,2.50849,2.506,1081
training/15-DSJC125.1.txt,200,0.25,0.10,0.70,100,2,2,1178,2.51032,2.506,1081
training/15-DSJC125.1.txt,200,0.25,0.10,0.70,100,2,3,1134,2.51683,2.506,1081
training/15-DSJC125.1.txt,200,0.25,0.10,0.70,100,2,4,1216,2.50669,2.506,1081
training/15-DSJC125.1.txt,200,0.25,0.10,0.80,50,1,0,1130,2.51047,2.506,1081
training/15-DSJC125.1.txt,200,0.25,0.10,0.80,50,1,1,1137,2.50703,2.506,1081
training/15-DSJC125.1.txt,200,0.25,0.10,0.80,50,1,2,1205,2.52048,2.506,1081
training/15-DSJC125.1.txt,200,0.25,0.10,0.80,50,1,3,1200,2.51641,2.506,1081
training/15-DSJC125.1.txt,200,0.25,0.10,0.80,50,1,4,1200,2.53153,2.506,1081
training/15-DSJC125.1.txt,200,0.25,0.10,0.80,100,1,0,1173,2.51391,2.506,1081
training/15-DSJC125.1.txt,200,0.25,0.10,0.80,100,1,1,1157,2.51277,2.506,1081
training/15-DSJC125.1.txt,200,0.25,0.10,0.80,100,1,2,1192,2.51416,2.506,1081
training/15-DSJC125.1.txt,200,0.25,0.10,0.80,100,1,3,1199,2.50961,2.506,1081
training/15-DSJC125.1.txt,200,0.25,0.10,0.80,100,1,4,1160,2.51228,2.506,1081
training/15-DSJC125.1.txt,200,0.25,0.10,0.80,50,2,0,1204,2.50755,2.506,1081
training/15-DSJC125.1.txt,200,0.25,0.10,0.80,50,2,1,1161,2.50718,2.506,1081
training/15-DSJC125.1.txt,200,0.25,0.10,0.80,50,2,2,1199,2.50816,2.506,1081
training/15-DSJC125.1.txt,200,0.25,0.10,0.80,50,2,3,1144,2.5072,2.506,1081
training/15-DSJC125.1.txt,200,0.25,0.10,0.80,50,2,4,1217,2.50751,2.506,1081
training/15-DSJC125.1.txt,200,0.25,0.10,0.80,100,2,0,1191,2.50943,2.506,1081
training/15-DSJC125.1.txt,200,0.25,0.10,0.80,100,2,1,1157,2.50776,2.506,1081
training/15-DSJC125.1.txt,200,0.25,0.10,0.80,100,2,2,1210,2.51021,2.506,1081
training/15-DSJC125.1.txt,200,0.25,0.10,0.80,100,2,3,1221,2.5084,2.506,1081
training/15-DSJC125.1.txt,200,0.25,0.10,0.80,100,2,4,1211,2.52966,2.506,1081
training/15-DSJC125.1.txt,200,0.25,0.20,0.70,50,1,0,1256,2.51421,2.506,1081
training/15-DSJC125.1.txt,200,0.25,0.20,0.70,50,1,1,1234,2.51212,2.506,1081
training/15-DSJC125.1.txt,200,0.25,0.20,0.70,50,1,2,1358,2.51354,2.506,1081
training/15-DSJC125.1.txt,200,0.25,0.20,0.70,50,1,3,1373,2.51611,2.506,1081
training/15-DSJC125.1.txt,200,0.25,0.20,0.70,50,1,4,1344,2.5324,2.506,1081
training/15-DSJC125.1.txt,200,0.25,0.20,0.70,100,1,0,1135,2.51006,2.506,1081
training/15-DSJC125.1.txt,200,0.25,0.20,0.70,100,1,1,1127,2.51485,2.506,1081
training/15-DSJC125.1.txt,200,0.25,0.20,0.70,100,1,2,1295,2.51257,2.506,1081
training/15-DSJC125.1.txt,200,0.25,0.20,0.70,100,1,3,1153,2.51628,2.506,1081
training/15-DSJC125.1.txt,200,0.25,0.20,0.70,100,1,4,1240,2.51585,2.506,1081
training/15-DSJC125.1.txt,200,0.25,0.20,0.70,50,2,0,1336,2.52079,2.506,1081
training/15-DSJC125.1.txt,200,0.25,0.20,0.70,50,2,1,1234,2.51685,2.506,1081
training/15-DSJC125.1.txt,200,0.25,0.20,0.70,50,2,2,1275,2.50955,2.506,1081
training/15-DSJC125.1.txt,200,0.25,0.20,0.70,50,2,3,1285,2.50842,2.506,1081
training/15-DSJC125.1.txt,200,0.25,0.20,0.70,50,2,4,1294,2.51266,2.506,1081
training/15-DSJC125.1.txt,200,0.25,0.20,0.70,100,2,0,1185,2.51603,2.506,1081
training/15-DSJC125.1.txt,200,0.25,0.20,0.70,100,2,1,1127,2.5112,2.506,1081
training/15-DSJC125.1.txt,200,0.25,0.20,0.70,100,2,2,1295,2.50695,2.506,1081
training/15-DSJC125.1.txt,200,0.25,0.20,0.70,100,2,3,1177,2.50875,2.506,1081
training/15-DSJC125.1.txt,200,0.25,0.20,0.70,100,2,4,1244,2.50793,2.506,1081
training/15-DSJC125.1.txt,200,0.25,0.20,0.80,50,1,0,1271,2.53106,2.506,1081
training/15-DSJC125.1.txt,200,0.25,0.20,0.80,50,1,1,1223,2.52363,2.506,1081
training/15-DSJC125.1.txt,200,0.25,0.20,0.80,50,1,2,1232,2.51296,2.506,1081
training/15-DSJC125.1.txt,200,0.25,0.20,0.80,50,1,3,1309,2.51247,2.506,1081
training/15-DSJC125.1.txt,200,0.25,0.20,0.80,50,1,4,1199,2.509,2.506,1081
training/15-DSJC125.1.txt,200,0.25,0.20,0.80,100,1,0,1259,2.50763,2.506,1081
training/15-DSJC125.1.txt,200,0.25,0.20,0.80,100,1,1,1249,2.51066,2.506,1081
training/15-DSJC125.1.txt,200,0.25,0.20,0.80,100,1,2,1180,2.50762,2.506,1081
training/15-DSJC125.1.txt,200,0.25,0.20,0.80,100,1,3,1207,2.50714,2.506,1081
training/15-DSJC125.1.txt,200,0.25,0.20,0.80,100,1,4,1195,2.51725,2.506,1081
training/15-DSJC125.1.txt,200,0.25,0.20,0.80,50,2,0,1237,2.51284,2.506,1081
training/15-DSJC125.1.txt,200,0.25,0.20,0.80,50,2,1,1251,2.51008,2.506,1081
training/15-DSJC125.1.txt,200,0.25,0.20,0.80,50,2,2,1232,2.5067,2.506,1081
training/15-DSJC125.1.txt,200,0.25,0.20,0.80,50,2,3,1202,2.50753,2.506,1081
training/15-DSJC125.1.txt,200,0.25,0.20,0.80,50,2,4,1199,2.50983,2.506,1081
training/15-DSJC125.1.txt,200,0.25,0.20,0.80,100,2,0,1220,2.51165,2.506,1081
training/15-DSJC125.1.txt,200,0.25,0.20,0.80,100,2,1,1224,2.51699,2.506,1081
training/15-DSJC125.1.txt,200,0.25,0.20,0.80,100,2,2,1180,2.51469,2.506,1081
training/15-DSJC125.1.txt,200,0.25,0.20,0.80,100,2,3,1207,2.50661,2.506,1081
training/15-DSJC125.1.txt,200,0.25,0.20,0.80,100,2,4,1190,2.50776,2.506,1081
training/16-anna.txt,100,0.20,0.10,0.70,50,1,0,1137,2.18788,2.184,1137
training/16-anna.txt,100,0.20,0.10,0.70,50,1,1,1137,2.1874,2.184,1137
training/16-anna.txt,100,0.20,0.10,0.70,50,1,2,1137,2.18914,2.184,1137
training/16-anna.txt,100,0.20,0.10,0.70,50,1,3,1137,2.18671,2.184,1137
training/16-anna.txt,100,0.20,0.10,0.70,50,1,4,1137,2.18603,2.184,1137
training/16-anna.txt,100,0.20,0.10,0.70,100,1,0,1137,2.18827,2.184,1137
training/16-anna.txt,100,0.20,0.10,0.70,100,1,1,1138,2.18713,2.184,1137
training/16-anna.txt,100,0.20,0.10,0.70,100,1,2,1137,2.18898,2.184,1137
training/16-anna.txt,100,0.20,0.10,0.70,100,1,3,1137,2.1846,2.184,1137
training/16-anna.txt,100,0.20,0.10,0.70,100,1,4,1137,2.18538,2.184,1137
training/16-anna.txt,100,0.20,0.10,0.70,50,2,0,1137,2.18722,2.184,1137
training/16-anna.txt,100,0.20,0.10,0.70,50,2,1,1137,2.18539,2.184,1137
training/16-anna.txt,100,0.20,0.10,0.70,50,2,2,1137,2.18874,2.184,1137
training/16-anna.txt,100,0.20,0.10,0.70,50,2,3,1137,2.18491,2.184,1137
training/16-anna.txt,100,0.20,0.10,0.70,50,2,4,1137,2.18627,2.184,1137
training/16-anna.txt,100,0.20,0.10,0.70,100,2,0,1138,2.18843,2.184,1137
training/16-anna.txt,100,0.20,0.10,0.70,100,2,1,1138,2.18418,2.184,1137
training/16-anna.txt,100,0.20,0.10,0.70,100,2,2,1137,2.18454,2.184,1137
training/16-anna.txt,100,0.20,0.10,0.70,100,2,3,1137,2.18508,2.184,1137
training/16-anna.txt,100,0.20,0.10,0.70,100,2,4,1137,2.18524,2.184,1137
training/16-anna.txt,100,0.20,0.10,0.80,50,1,0,1137,2.18575,2.184,1137
training/16-anna.txt,100,0.20,0.10,0.80,50,1,1,1137,2.18817,2.184,1137
training/16-anna.txt,100,0.20,0.10,0.80,50,1,2,1137,2.18603,2.184,1137
training/16-anna.txt,100,0.20,0.10,0.80,50,1,3,1137,2.18921,2.184,1137
training/16-anna.txt,100,0.20,0.10,0.80,50,1,4,1137,2.18914,2.184,1137
training/16-anna.txt,100,0.20,0.10,0.80,100,1,0,1137,2.18457,2.184,1137
training/16-anna.txt,100,0.20,0.10,0.80,100,1,1,1139,2.18509,2.184,1137
training/16-anna.txt,100,0.20,0.10,0.80,100,1,2,1137,2.18474,2.184,1137
training/16-anna.txt,100,0.20,0.10,0.80,100,1,3,1137,2.18933,2.184,1137
training/16-anna.txt,100,0.20,0.10,0.80,100,1,4,1139,2.18764,2.184,1137
training/16-anna.txt,100,0.20,0.10,0.80,50,2,0,1137,2.18585,2.184,1137
training/16-anna.txt,100,0.20,0.10,0.80,50,2,1,1138,2.18898,2.184,1137
training/16-anna.txt,100,0.20,0.10,0.80,50,2,2,1137,2.18843,2.184,1137
training/16-anna.txt,100,0.20,0.10,0.80,50,2,3,1137,2.1875,2.184,1137
training/16-anna.txt,100,0.20,0.10,0.80,50,2,4,1139,2.1874,2.184,1137
training/16-anna.txt,100,0.20,0.10,0.80,100,2,0,1137,2.18806,2.184,1137
training/16-anna.txt,100,0.20,0.10,0.80,100,2,1,1137,2.18712,2.184,1137
training/16-anna.txt,100,0.20,0.10,0.80,100,2,2,1137,2.18881,2.184,1137
training/16-anna.txt,100,0.20,0.10,0.80,100,2,3,1137,2.18836,2.184,1137
training/16-anna.txt,100,0.20,0.10,0.80,100,2,4,1138,2.18668,2.184,1137
training/16-anna.txt,100,0.20,0.20,0.70,50,1,0,1137,2.18696,2.184,1137
training/16-anna.txt,100,0.20,0.20,0.70,50,1,1,1137,2.18539,2.184,1137
training/16-anna.txt,100,0.20,0.20,0.70,50,1,2,1138,2.18913,2.184,1137
training/16-anna.txt,100,0.20,0.20,0.70,50,1,3,1137,2.18543,2.184,1137
training/16-anna.txt,100,0.20,0.20,0.70,50,1,4,1138,2.18456,2.184,1137
training/16-anna.txt,100,0.20,0.20,0.70,100,1,0,1137,2.18848,2.184,1137
training/16-anna.txt,100,0.20,0.20,0.70,100,1,1,1137,2.18774,2.184,1137
training/16-anna.txt,100,0.20,0.20,0.70,100,1,2,1138,2.18801,2.184,1137
training/16-anna.txt,100,0.20,0.20,0.70,100,1,3,1137,2.18903,2.184,1137
training/16-anna.txt,100,0.20,0.20,0.70,100,1,4,1137,2.18852,2.184,1137
training/16-anna.txt,100,0.20,0.20,0.70,50,2,0,1138,2.18838,2.184,1137
training/16-anna.txt,100,0.20,0.20,0.70,50,2,1,1137,2.18446,2.184,1137
training/16-anna.txt,100,0.20,0.20,0.70,50,2,2,1137,2.18803,2.184,1137
training/16-anna.txt,100,0.20,0.20,0.70,50,2,3,1138,2.18807,2.184,1137
training/16-anna.txt,100,0.20,0.20,0.70,50,2,4,1137,2.18747,2.184,1137
training/16-anna.txt,100,0.20,0.20,0.70,100,2,0,1138,2.18806,2.184,1137
training/16-anna.txt,100,0.20,0.20,0.70,100,2,1,1137,2.18533,2.184,1137
training/16-anna.txt,100,0.20,0.20,0.70,100,2,2,1138,2.18478,2.184,1137
training/16-anna.txt,100,0.20,0.20,0.70,100,2,3,1138,2.18449,2.184,1137
training/16-anna.txt,100,0.20,0.20,0.70,100,2,4,1137,2.1875,2.184,1137
training/16-anna.txt,100,0.20,0.20,0.80,50,1,0,1137,2.18657,2.184,1137
training/16-anna.txt,100,0.20,0.20,0.80,50,1,1,1137,2.18693,2.184,1137
training/16-anna.txt,100,0.20,0.20,0.80,50,1,2,1138,2.18556,2.184,1137
training/16-anna.txt,100,0.20,0.20,0.80,50,1,3,1138,2.18952,2.184,1137
training/16-anna.txt,100,0.20,0.20,0.80,50,1,4,1140,2.18554,2.184,1137
training/16-anna.txt,100,0.20,0.20,0.80,100,1,0,1137,2.1849,2.184,1137
training/16-anna.txt,100,0.20,0.20,0.80,100,1,1,1137,2.18529,2.184,1137
training/16-anna.txt,100,0.20,0.20,0.80,100,1,2,1137,2.18664,2.184,1137
training/16-anna.txt,100,0.20,0.20,0.80,100,1,3,1139,2.18519,2.184,1137
training/16-anna.txt,100,0.20,0.20,0.80,100,1,4,1138,2.18408,2.184,1137
training/16-anna.txt,100,0.20,0.20,0.80,50,2,0,1138,2.18537,2.184,1137
training/16-anna.txt,100,0.20,0.20,0.80,50,2,1,1137,2.18565,2.184,1137
training/16-anna.txt,100,0.20,0.20,0.80,50,2,2,1137,2.18421,2.184,1137
training/16-anna.txt,100,0.20,0.20,0.80,50,2,3,1138,2.18877,2.184,1137
training/16-anna.txt,100,0.20,0.20,0.80,50,2,4,1138,2.18927,2.184,1137
training/16-anna.txt,100,0.20,0.20,0.80,100,2,0,1137,2.18851,2.184,1137
training/16-anna.txt,100,0.20,0.20,0.80,100,2,1,1137,2.18784,2.184,1137
training/16-anna.txt,100,0.20,0.20,0.80,100,2,2,1138,2.18945,2.184,1137
training/16-anna.txt,100,0.20,0.20,0.80,100,2,3,1138,2.18498,2.184,1137
training/16-anna.txt,100,0.20,0.20,0.80,100,2,4,1140,2.18724,2.184,1137
training/16-anna.txt,100,0.25,0.10,0.70,50,1,0,1138,2.18897,2.184,1137
training/16-anna.txt,100,0.25,0.10,0.70,50,1,1,1137,2.18601,2.184,1137
training/16-anna.txt,100,0.25,0.10,0.70,50,1,2,1137,2.18835,2.184,1137
training/16-anna.txt,100,0.25,0.10,0.70,50,1,3,1137,2.19092,2.184,1137
training/16-anna.txt,100,0.25,0.10,0.70,50,1,4,1137,2.18568,2.184,1137
training/16-anna.txt,100,0.25,0.10,0.70,100,1,0,1137,2.18704,2.184,1137
training/16-anna.txt,100,0.25,0.10,0.70,100,1,1,1139,2.18514,2.184,1137
training/16-anna.txt,100,0.25,0.10,0.70,100,1,2,1137,2.19243,2.184,1137
training/16-anna.txt,100,0.25,0.10,0.70,100,1,3,1137,2.18574,2.184,1137
training/16-anna.txt,100,0.25,0.10,0.70,100,1,4,1137,2.18677,2.184,1137
training/16-anna.txt,100,0.25,0.10,0.70,50,2,0,1137,2.18579,2.184,1137
training/16-anna.txt,100,0.25,0.10,0.70,50,2,1,1137,2.18741,2.184,1137
training/16-anna.txt,100,0.25,0.10,0.70,50,2,2,1137,2.18588,2.184,1137
training/16-anna.txt,100,0.25,0.10,0.70,50,2,3,1137,2.18739,2.184,1137
training/16-anna.txt,100,0.25,0.10,0.70,50,2,4,1137,2.186,2.184,1137
training/16-anna.txt,100,0.25,0.10,0.70,100,2,0,1137,2.18502,2.184,1137
training/16-anna.txt,100,0.25,0.10,0.70,100,2,1,1137,2.18809,2.184,1137
training/16-anna.txt,100,0.25,0.10,0.70,100,2,2,1137,2.18725,2.184,1137
training/16-anna.txt,100,0.25,0.10,0.70,100,2,3,1137,2.18756,2.184,1137
training/16-anna.txt,100,0.25,0.10,0.70,100,2,4,1137,2.18478,2.184,1137
training/16-anna.txt,100,0.25,0.10,0.80,50,1,0,1137,2.18474,2.184,1137
training/16-anna.txt,100,0.25,0.10,0.80,50,1,1,1137,2.18707,2.184,1137
training/16-anna.txt,100,0.25,0.10,0.80,50,1,2,1138,2.18663,2.184,1137
training/16-anna.txt,100,0.25,0.10,0.80,50,1,3,1139,2.18655,2.184,1137
training/16-anna.txt,100,0.25,0.10,0.80,50,1,4,1137,2.18586,2.184,1137
training/16-anna.txt,100,0.25,0.10,0.80,100,1,0,1137,2.18524,2.184,1137
training/16-anna.txt,100,0.25,0.10,0.80,100,1,1,1137,2.18796,2.184,1137
training/16-anna.txt,100,0.25,0.10,0.80,100,1,2,1138,2.18424,2.184,1137
training/16-anna.txt,100,0.25,0.10,0.80,100,1,3,1138,2.18731,2.184,1137
training/16-anna.txt,100,0.25,0.10,0.80,100,1,4,1139,2.18789,2.184,1137
training/16-anna.txt,100,0.25,0.10,0.80,50,2,0,1137,2.18604,2.184,1137
training/16-anna.txt,100,0.25,0.10,0.80,50,2,1,1137,2.18507,2.184,1137
training/16-anna.txt,100,0.25,0.10,0.80,50,2,2,1138,2.18901,2.184,1137
training/16-anna.txt,100,0.25,0.10,0.80,50,2,3,1137,2.18715,2.184,1137
training/16-anna.txt,100,0.25,0.10,0.80,50,2,4,1138,2.18845,2.184,1137
training/16-anna.txt,100,0.25,0.10,0.80,100,2,0,1138,2.1885,2.184,1137
training/16-anna.txt,100,0.25,0.10,0.80,100,2,1,1137,2.18757,2.184,1137
training/16-anna.txt,100,0.25,0.10,0.80,100,2,2,1137,2.18765,2.184,1137
training/16-anna.txt,100,0.25,0.10,0.80,100,2,3,1137,2.18448,2.184,1137
training/16-anna.txt,100,0.25,0.10,0.80,100,2,4,1137,2.18706,2.184,1137
training/16-anna.txt,100,0.25,0.20,0.70,50,1,0,1137,2.18506,2.184,1137
training/16-anna.txt,100,0.25,0.20,0.70,50,1,1,1138,2.19146,2.184,1137
training/16-anna.txt,100,0.25,0.20,0.70,50,1,2,1137,2.18595,2.184,1137
training/16-anna.txt,100,0.25,0.20,0.70,50,1,3,1137,2.18549,2.184,1137
training/16-anna.txt,100,0.25,0.20,0.70,50,1,4,1137,2.18719,2.184,1137
training/16-anna.txt,100,0.25,0.20,0.70,100,1,0,1137,2.18786,2.184,1137
training/16-anna.txt,100,0.25,0.20,0.70,100,1,1,1137,2.18845,2.184,1137
training/16-anna.txt,100,0.25,0.20,0.70,100,1,2,1137,2.18464,2.184,1137
training/16-anna.txt,100,0.25,0.20,0.70,100,1,3,1137,2.18685,2.184,1137
training/16-anna.txt,100,0.25,0.20,0.70,100,1,4,1138,2.1882,2.184,1137
training/16-anna.txt,100,0.25,0.20,0.70,50,2,0,1137,2.18605,2.184,1137
training/16-anna.txt,100,0.25,0.20,0.70,50,2,1,1137,2.1884,2.184,1137
training/16-anna.txt,100,0.25,0.20,0.70,50,2,2,1137,2.18419,2.184,1137
training/16-anna.txt,100,0.25,0.20,0.70,50,2,3,1137,2.18516,2.184,1137
training/16-anna.txt,100,0.25,0.20,0.70,50,2,4,1137,2.18605,2.184,1137
training/16-anna.txt,100,0.25,0.20,0.70,100,2,0,1137,2.18512,2.184,1137
training/16-anna.txt,100,0.25,0.20,0.70,100,2,1,1138,2.18544,2.184,1137
training/16-anna.txt,100,0.25,0.20,0.70,100,2,2,1137,2.18923,2.184,1137
training/16-anna.txt,100,0.25,0.20,0.70,100,2,3,1137,2.18554,2.184,1137
training/16-anna.txt,100,0.25,0.20,0.70,100,2,4,1137,2.18697,2.184,1137
training/16-anna.txt,100,0.25,0.20,0.80,50,1,0,1138,2.18475,2.184,1137
training/16-anna.txt,100,0.25,0.20,0.80,50,1,1,1137,2.18593,2.184,1137
training/16-anna.txt,100,0.25,0.20,0.80,50,1,2,1137,2.18511,2.184,1137
training/16-anna.txt,100,0.25,0.20,0.80,50,1,3,1137,2.19216,2.184,1137
training/16-anna.txt,100,0.25,0.20,0.80,50,1,4,1137,2.18718,2.184,1137
training/16-anna.txt,100,0.25,0.20,0.80,100,1,0,1138,2.1868,2.184,1137
training/16-anna.txt,100,0.25,0.20,0.80,100,1,1,1138,2.18424,2.184,1137
training/16-anna.txt,100,0.25,0.20,0.80,100,1,2,1137,2.18486,2.184,1137
training/16-anna.txt,100,0.25,0.20,0.80,100,1,3,1137,2.18763,2.184,1137
training/16-anna.txt,100,0.25,0.20,0.80,100,1,4,1137,2.18675,2.184,1137
training/16-anna.txt,100,0.25,0.20,0.80,50,2,0,1137,2.18654,2.184,1137
training/16-anna.txt,100,0.25,0.20,0.80,50,2,1,1137,2.18524,2.184,1137
training/16-anna.txt,100,0.25,0.20,0.80,50,2,2,1137,2.18779,2.184,1137
training/16-anna.txt,100,0.25,0.20,0.80,50,2,3,1137,2.1885,2.184,1137
training/16-anna.txt,100,0.25,0.20,0.80,50,2,4,1137,2.1851,2.184,1137
training/16-anna.txt,100,0.25,0.20,0.80,100,2,0,1137,2.18647,2.184,1137
training/16-anna.txt,100,0.25,0.20,0.80,100,2,1,1137,2.18495,2.184,1137
training/16-anna.txt,100,0.25,0.20,0.80,100,2,2,1137,2.18557,2.184,1137
training/16-anna.txt,100,0.25,0.20,0.80,100,2,3,1137,2.18817,2.184,1137
training/16-anna.txt,100,0.25,0.20,0.80,100,2,4,1137,2.18798,2.184,1137
training/16-anna.txt,150,0.20,0.10,0.70,50,1,0,1137,2.18798,2.184,1137
training/16-anna.txt,150,0.20,0.10,0.70,50,1,1,1137,2.19371,2.184,1137
training/16-anna.txt,150,0.20,0.10,0.70,50,1,2,1137,2.20212,2.184,1137
training/16-anna.txt,150,0.20,0.10,0.70,50,1,3,1137,2.18735,2.184,1137
training/16-anna.txt,150,0.20,0.10,0.70,50,1,4,1137,2.18803,2.184,1137
training/16-anna.txt,150,0.20,0.10,0.70,100,1,0,1137,2.19244,2.184,1137
training/16-anna.txt,150,0.20,0.10,0.70,100,1,1,1138,2.18736,2.184,1137
training/16-anna.txt,150,0.20,0.10,0.70,100,1,2,1137,2.19072,2.184,1137
training/16-anna.txt,150,0.20,0.10,0.70,100,1,3,1137,2.19231,2.184,1137
training/16-anna.txt,150,0.20,0.10,0.70,100,1,4,1137,2.19119,2.184,1137
training/16-anna.txt,150,0.20,0.10,0.70,50,2,0,1137,2.18557,2.184,1137
training/16-anna.txt,150,0.20,0.10,0.70,50,2,1,1137,2.18569,2.184,1137
training/16-anna.txt,150,0.20,0.10,0.70,50,2,2,1137,2.18718,2.184,1137
training/16-anna.txt,150,0.20,0.10,0.70,50,2,3,1137,2.19353,2.184,1137
training/16-anna.txt,150,0.20,0.10,0.70,50,2,4,1137,2.18976,2.184,1137
training/16-anna.txt,150,0.20,0.10,0.70,100,2,0,1137,2.18638,2.184,1137
training/16-anna.txt,150,0.20,0.10,0.70,100,2,1,1138,2.18622,2.184,1137
training/16-anna.txt,150,0.20,0.10,0.70,100,2,2,1137,2.19254,2.184,1137
training/16-anna.txt,150,0.20,0.10,0.70,100,2,3,1137,2.18584,2.184,1137
training/16-anna.txt,150,0.20,0.10,0.70,100,2,4,1137,2.18566,2.184,1137
training/16-anna.txt,150,0.20,0.10,0.80,50,1,0,1137,2.18782,2.184,1137
training/16-anna.txt,150,0.20,0.10,0.80,50,1,1,1137,2.191,2.184,1137
training/16-anna.txt,150,0.20,0.10,0.80,50,1,2,1137,2.18822,2.184,1137
training/16-anna.txt,150,0.20,0.10,0.80,50,1,3,1137,2.18804,2.184,1137
training/16-anna.txt,150,0.20,0.10,0.80,50,1,4,1137,2.19036,2.184,1137
training/16-anna.txt,150,0.20,0.10,0.80,100,1,0,1137,2.18578,2.184,1137
training/16-anna.txt,150,0.20,0.10,0.80,100,1,1,1139,2.1866,2.184,1137
training/16-anna.txt,150,0.20,0.10,0.80,100,1,2,1138,2.19057,2.184,1137
training/16-anna.txt,150,0.20,0.10,0.80,100,1,3,1137,2.18559,2.184,1137
training/16-anna.txt,150,0.20,0.10,0.80,100,1,4,1137,2.18849,2.184,1137
training/16-anna.txt,150,0.20,0.10,0.80,50,2,0,1137,2.19142,2.184,1137
training/16-anna.txt,150,0.20,0.10,0.80,50,2,1,1139,2.18762,2.184,1137
training/16-anna.txt,150,0.20,0.10,0.80,50,2,2,1138,2.1866,2.184,1137
training/16-anna.txt,150,0.20,0.10,0.80,50,2,3,1138,2.18446,2.184,1137
training/16-anna.txt,150,0.20,0.10,0.80,50,2,4,1137,2.19176,2.184,1137
training/16-anna.txt,150,0.20,0.10,0.80,100,2,0,1137,2.18818,2.184,1137
training/16-anna.txt,150,0.20,0.10,0.80,100,2,1,1137,2.18971,2.184,1137
training/16-anna.txt,150,0.20,0.10,0.80,100,2,2,1138,2.18587,2.184,1137
training/16-anna.txt,150,0.20,0.10,0.80,100,2,3,1138,2.19154,2.184,1137
training/16-anna.txt,150,0.20,0.10,0.80,100,2,4,1137,2.18803,2.184,1137
training/16-anna.txt,150,0.20,0.20,0.70,50,1,0,1137,2.18727,2.184,1137
training/16-anna.txt,150,0.20,0.20,0.70,50,1,1,1137,2.19448,2.184,1137
training/16-anna.txt,150,0.20,0.20,0.70,50,1,2,1137,2.1903,2.184,1137
training/16-anna.txt,150,0.20,0.20,0.70,50,1,3,1137,2.18609,2.184,1137
training/16-anna.txt,150,0.20,0.20,0.70,50,1,4,1137,2.18759,2.184,1137
training/16-anna.txt,150,0.20,0.20,0.70,100,1,0,1137,2.18599,2.184,1137
training/16-anna.txt,150,0.20,0.20,0.70,100,1,1,1137,2.18833,2.184,1137
training/16-anna.txt,150,0.20,0.20,0.70,100,1,2,1137,2.18407,2.184,1137
training/16-anna.txt,150,0.20,0.20,0.70,100,1,3,1137,2.19181,2.184,1137
training/16-anna.txt,150,0.20,0.20,0.70,100,1,4,1138,2.1885,2.184,1137
training/16-anna.txt,150,0.20,0.20,0.70,50,2,0,1137,2.19114,2.184,1137
training/16-anna.txt,150,0.20,0.20,0.70,50,2,1,1137,2.19008,2.184,1137
training/16-anna.txt,150,0.20,0.20,0.70,50,2,2,1137,2.18534,2.184,1137
training/16-anna.txt,150,0.20,0.20,0.70,50,2,3,1137,2.18697,2.184,1137
training/16-anna.txt,150,0.20,0.20,0.70,50,2,4,1137,2.18427,2.184,1137
training/16-anna.txt,150,0.20,0.20,0.70,100,2,0,1137,2.19009,2.184,1137
training/16-anna.txt,150,0.20,0.20,0.70,100,2,1,1138,2.18817,2.184,1137
training/16-anna.txt,150,0.20,0.20,0.70,100,2,2,1137,2.1855,2.184,1137
training/16-anna.txt,150,0.20,0.20,0.70,100,2,3,1137,2.19028,2.184,1137
training/16-anna.txt,150,0.20,0.20,0.70,100,2,4,1137,2.18473,2.184,1137
training/16-anna.txt,150,0.20,0.20,0.80,50,1,0,1137,2.18598,2.184,1137
training/16-anna.txt,150,0.20,0.20,0.80,50,1,1,1137,2.18558,2.184,1137
training/16-anna.txt,150,0.20,0.20,0.80,50,1,2,1138,2.18528,2.184,1137
training/16-anna.txt,150,0.20,0.20,0.80,50,1,3,1138,2.18809,2.184,1137
training/16-anna.txt,150,0.20,0.20,0.80,50,1,4,1137,2.18616,2.184,1137
training/16-anna.txt,150,0.20,0.20,0.80,100,1,0,1137,2.1881,2.184,1137
training/16-anna.txt,150,0.20,0.20,0.80,100,1,1,1138,2.18498,2.184,1137
training/16-anna.txt,150,0.20,0.20,0.80,100,1,2,1137,2.19099,2.184,1137
training/16-anna.txt,150,0.20,0.20,0.80,100,1,3,1138,2.18945,2.184,1137
training/16-anna.txt,150,0.20,0.20,0.80,100,1,4,1137,2.19186,2.184,1137
training/16-anna.txt,150,0.20,0.20,0.80,50,2,0,1137,2.18769,2.184,1137
training/16-anna.txt,150,0.20,0.20,0.80,50,2,1,1137,2.19096,2.184,1137
training/16-anna.txt,150,0.20,0.20,0.80,50,2,2,1137,2.18435,2.184,1137
training/16-anna.txt,150,0.20,0.20,0.80,50,2,3,1138,2.18447,2.184,1137
training/16-anna.txt,150,0.20,0.20,0.80,50,2,4,1137,2.18883,2.184,1137
training/16-anna.txt,150,0.20,0.20,0.80,100,2,0,1137,2.18904,2.184,1137
training/16-anna.txt,150,0.20,0.20,0.80,100,2,1,1138,2.18648,2.184,1137
training/16-anna.txt,150,0.20,0.20,0.80,100,2,2,1138,2.18985,2.184,1137
training/16-anna.txt,150,0.20,0.20,0.80,100,2,3,1137,2.19133,2.184,1137
training/16-anna.txt,150,0.20,0.20,0.80,100,2,4,1137,2.1901,2.184,1137
training/16-anna.txt,150,0.25,0.10,0.70,50,1,0,1137,2.18677,2.184,1137
training/16-anna.txt,150,0.25,0.10,0.70,50,1,1,1137,2.18591,2.184,1137
training/16-anna.txt,150,0.25,0.10,0.70,50,1,2,1137,2.18902,2.184,1137
training/16-anna.txt,150,0.25,0.10,0.70,50,1,3,1137,2.18615,2.184,1137
training/16-anna.txt,150,0.25,0.10,0.70,50,1,4,1137,2.18753,2.184,1137
training/16-anna.txt,150,0.25,0.10,0.70,100,1,0,1137,2.1841,2.184,1137
training/16-anna.txt,150,0.25,0.10,0.70,100,1,1,1137,2.19032,2.184,1137
training/16-anna.txt,150,0.25,0.10,0.70,100,1,2,1137,2.18583,2.184,1137
training/16-anna.txt,150,0.25,0.10,0.70,100,1,3,1137,2.18973,2.184,1137
training/16-anna.txt,150,0.25,0.10,0.70,100,1,4,1137,2.1874,2.184,1137
training/16-anna.txt,150,0.25,0.10,0.70,50,2,0,1138,2.18854,2.184,1137
training/16-anna.txt,150,0.25,0.10,0.70,50,2,1,1137,2.18481,2.184,1137
training/16-anna.txt,150,0.25,0.10,0.70,50,2,2,1137,2.18866,2.184,1137
training/16-anna.txt,150,0.25,0.10,0.70,50,2,3,1137,2.18557,2.184,1137
training/16-anna.txt,150,0.25,0.10,0.70,50,2,4,1137,2.1877,2.184,1137
training/16-anna.txt,150,0.25,0.10,0.70,100,2,0,1137,2.18925,2.184,1137
training/16-anna.txt,150,0.25,0.10,0.70,100,2,1,1137,2.18747,2.184,1137
training/16-anna.txt,150,0.25,0.10,0.70,100,2,2,1138,2.18937,2.184,1137
training/16-anna.txt,150,0.25,0.10,0.70,100,2,3,1137,2.1888,2.184,1137
training/16-anna.txt,150,0.25,0.10,0.70,100,2,4,1137,2.19084,2.184,1137
training/16-anna.txt,150,0.25,0.10,0.80,50,1,0,1137,2.18965,2.184,1137
training/16-anna.txt,150,0.25,0.10,0.80,50,1,1,1137,2.18522,2.184,1137
training/16-anna.txt,150,0.25,0.10,0.80,50,1,2,1138,2.18754,2.184,1137
training/16-anna.txt,150,0.25,0.10,0.80,50,1,3,1137,2.19152,2.184,1137
training/16-anna.txt,150,0.25,0.10,0.80,50,1,4,1137,2.1917,2.184,1137
training/16-anna.txt,150,0.25,0.10,0.80,100,1,0,1137,2.18558,2.184,1137
training/16-anna.txt,150,0.25,0.10,0.80,100,1,1,1138,2.18761,2.184,1137
training/16-anna.txt,150,0.25,0.10,0.80,100,1,2,1137,2.18611,2.184,1137
training/16-anna.txt,150,0.25,0.10,0.80,100,1,3,1138,2.18585,2.184,1137
training/16-anna.txt,150,0.25,0.10,0.80,100,1,4,1137,2.18907,2.184,1137
training/16-anna.txt,150,0.25,0.10,0.80,50,2,0,1137,2.18796,2.184,1137
training/16-anna.txt,150,0.25,0.10,0.80,50,2,1,1138,2.19117,2.184,1137
training/16-anna.txt,150,0.25,0.10,0.80,50,2,2,1137,2.18486,2.184,1137
training/16-anna.txt,150,0.25,0.10,0.80,50,2,3,1137,2.18789,2.184,1137
training/16-anna.txt,150,0.25,0.10,0.80,50,2,4,1137,2.18767,2.184,1137
training/16-anna.txt,150,0.25,0.10,0.80,100,2,0,1137,2.18425,2.184,1137
training/16-anna.txt,150,0.25,0.10,0.80,100,2,1,1138,2.18421,2.184,1137
training/16-anna.txt,150,0.25,0.10,0.80,100,2,2,1138,2.19075,2.184,1137
training/16-anna.txt,150,0.25,0.10,0.80,100,2,3,1137,2.18986,2.184,1137
training/16-anna.txt,150,0.25,0.10,0.80,100,2,4,1137,2.18647,2.184,1137
training/16-anna.txt,150,0.25,0.20,0.70,50,1,0,1137,2.18498,2.184,1137
training/16-anna.txt,150,0.25,0.20,0.70,50,1,1,1137,2.18823,2.184,1137
training/16-anna.txt,150,0.25,0.20,0.70,50,1,2,1137,2.18996,2.184,1137
training/16-anna.txt,150,0.25,0.20,0.70,50,1,3,1137,2.18977,2.184,1137
training/16-anna.txt,150,0.25,0.20,0.70,50,1,4,1137,2.18557,2.184,1137
training/16-anna.txt,150,0.25,0.20,0.70,100,1,0,1137,2.18554,2.184,1137
training/16-anna.txt,150,0.25,0.20,0.70,100,1,1,1139,2.19155,2.184,1137
training/16-anna.txt,150,0.25,0.20,0.70,100,1,2,1138,2.18849,2.184,1137
training/16-anna.txt,150,0.25,0.20,0.70,100,1,3,1137,2.18621,2.184,1137
training/16-anna.txt,150,0.25,0.20,0.70,100,1,4,1137,2.18656,2.184,1137
training/16-anna.txt,150,0.25,0.20,0.70,50,2,0,1137,2.19143,2.184,1137
training/16-anna.txt,150,0.25,0.20,0.70,50,2,1,1138,2.18555,2.184,1137
training/16-anna.txt,150,0.25,0.20,0.70,50,2,2,1137,2.18417,2.184,1137
training/16-anna.txt,150,0.25,0.20,0.70,50,2,3,1138,2.1902,2.184,1137
training/16-anna.txt,150,0.25,0.20,0.70,50,2,4,1137,2.18757,2.184,1137
training/16-anna.txt,150,0.25,0.20,0.70,100,2,0,1137,2.18886,2.184,1137
training/16-anna.txt,150,0.25,0.20,0.70,100,2,1,1137,2.1849,2.184,1137
training/16-anna.txt,150,0.25,0.20,0.70,100,2,2,1137,2.18944,2.184,1137
training/16-anna.txt,150,0.25,0.20,0.70,100,2,3,1137,2.19124,2.184,1137
training/16-anna.txt,150,0.25,0.20,0.70,100,2,4,1137,2.19032,2.184,1137
training/16-anna.txt,150,0.25,0.20,0.80,50,1,0,1137,2.18541,2.184,1137
training/16-anna.txt,150,0.25,0.20,0.80,50,1,1,1137,2.18602,2.184,1137
training/16-anna.txt,150,0.25,0.20,0.80,50,1,2,1137,2.18728,2.184,1137
training/16-anna.txt,150,0.25,0.20,0.80,50,1,3,1138,2.19062,2.184,1137
training/16-anna.txt,150,0.25,0.20,0.80,50,1,4,1137,2.19009,2.184,1137
training/16-anna.txt,150,0.25,0.20,0.80,100,1,0,1138,2.18641,2.184,1137
training/16-anna.txt,150,0.25,0.20,0.80,100,1,1,1138,2.188,2.184,1137
training/16-anna.txt,150,0.25,0.20,0.80,100,1,2,1138,2.19256,2.184,1137
training/16-anna.txt,150,0.25,0.20,0.80,100,1,3,1137,2.19163,2.184,1137
training/16-anna.txt,150,0.25,0.20,0.80,100,1,4,1137,2.18712,2.184,1137
training/16-anna.txt,150,0.25,0.20,0.80,50,2,0,1137,2.18454,2.184,1137
training/16-anna.txt,150,0.25,0.20,0.80,50,2,1,1138,2.19122,2.184,1137
training/16-anna.txt,150,0.25,0.20,0.80,50,2,2,1137,2.18803,2.184,1137
training/16-anna.txt,150,0.25,0.20,0.80,50,2,3,1138,2.1841,2.184,1137
training/16-anna.txt,150,0.25,0.20,0.80,50,2,4,1137,2.18586,2.184,1137
training/16-anna.txt,150,0.25,0.20,0.80,100,2,0,1138,2.18775,2.184,1137
training/16-anna.txt,150,0.25,0.20,0.80,100,2,1,1137,2.18939,2.184,1137
training/16-anna.txt,150,0.25,0.20,0.80,100,2,2,1138,2.18656,2.184,1137
training/16-anna.txt,150,0.25,0.20,0.80,100,2,3,1138,2.18724,2.184,1137
training/16-anna.txt,150,0.25,0.20,0.80,100,2,4,1137,2.19038,2.184,1137
training/16-anna.txt,200,0.20,0.10,0.70,50,1,0,1137,2.18768,2.184,1137
training/16-anna.txt,200,0.20,0.10,0.70,50,1,1,1137,2.1873,2.184,1137
training/16-anna.txt,200,0.20,0.10,0.70,50,1,2,1137,2.18526,2.184,1137
training/16-anna.txt,200,0.20,0.10,0.70,50,1,3,1138,2.18772,2.184,1137
training/16-anna.txt,200,0.20,0.10,0.70,50,1,4,1137,2.19481,2.184,1137
training/16-anna.txt,200,0.20,0.10,0.70,100,1,0,1138,2.19171,2.184,1137
training/16-anna.txt,200,0.20,0.10,0.70,100,1,1,1137,2.19058,2.184,1137
training/16-anna.txt,200,0.20,0.10,0.70,100,1,2,1137,2.18946,2.184,1137
training/16-anna.txt,200,0.20,0.10,0.70,100,1,3,1137,2.18916,2.184,1137
training/16-anna.txt,200,0.20,0.10,0.70,100,1,4,1137,2.18547,2.184,1137
training/16-anna.txt,200,0.20,0.10,0.70,50,2,0,1137,2.18672,2.184,1137
training/16-anna.txt,200,0.20,0.10,0.70,50,2,1,1137,2.18483,2.184,1137
training/16-anna.txt,200,0.20,0.10,0.70,50,2,2,1137,2.19403,2.184,1137
training/16-anna.txt,200,0.20,0.10,0.70,50,2,3,1137,2.18599,2.184,1137
training/16-anna.txt,200,0.20,0.10,0.70,50,2,4,1137,2.19477,2.184,1137
training/16-anna.txt,200,0.20,0.10,0.70,100,2,0,1138,2.1935,2.184,1137
training/16-anna.txt,200,0.20,0.10,0.70,100,2,1,1137,2.18925,2.184,1137
training/16-anna.txt,200,0.20,0.10,0.70,100,2,2,1138,2.18933,2.184,1137
training/16-anna.txt,200,0.20,0.10,0.70,100,2,3,1137,2.19275,2.184,1137
training/16-anna.txt,200,0.20,0.10,0.70,100,2,4,1137,2.19066,2.184,1137
training/16-anna.txt,200,0.20,0.10,0.80,50,1,0,1137,2.18906,2.184,1137
training/16-anna.txt,200,0.20,0.10,0.80,50,1,1,1139,2.19388,2.184,1137
training/16-anna.txt,200,0.20,0.10,0.80,50,1,2,1137,2.18825,2.184,1137
training/16-anna.txt,200,0.20,0.10,0.80,50,1,3,1137,2.1844,2.184,1137
training/16-anna.txt,200,0.20,0.10,0.80,50,1,4,1137,2.19496,2.184,1137
training/16-anna.txt,200,0.20,0.10,0.80,100,1,0,1139,2.19267,2.184,1137
training/16-anna.txt,200,0.20,0.10,0.80,100,1,1,1138,2.19481,2.184,1137
training/16-anna.txt,200,0.20,0.10,0.80,100,1,2,1137,2.18504,2.184,1137
training/16-anna.txt,200,0.20,0.10,0.80,100,1,3,1137,2.19465,2.184,1137
training/16-anna.txt,200,0.20,0.10,0.80,100,1,4,1137,2.18776,2.184,1137
training/16-anna.txt,200,0.20,0.10,0.80,50,2,0,1137,2.19464,2.184,1137
training/16-anna.txt,200,0.20,0.10,0.80,50,2,1,1138,2.18596,2.184,1137
training/16-anna.txt,200,0.20,0.10,0.80,50,2,2,1137,2.19017,2.184,1137
training/16-anna.txt,200,0.20,0.10,0.80,50,2,3,1137,2.19308,2.184,1137
training/16-anna.txt,200,0.20,0.10,0.80,50,2,4,1137,2.18923,2.184,1137
training/16-anna.txt,200,0.20,0.10,0.80,100,2,0,1139,2.18817,2.184,1137
training/16-anna.txt,200,0.20,0.10,0.80,100,2,1,1138,2.1856,2.184,1137
training/16-anna.txt,200,0.20,0.10,0.80,100,2,2,1137,2.18735,2.184,1137
training/16-anna.txt,200,0.20,0.10,0.80,100,2,3,1137,2.19086,2.184,1137
training/16-anna.txt,200,0.20,0.10,0.80,100,2,4,1138,2.19396,2.184,1137
training/16-anna.txt,200,0.20,0.20,0.70,50,1,0,1137,2.19214,2.184,1137
training/16-anna.txt,200,0.20,0.20,0.70,50,1,1,1137,2.1933,2.184,1137
training/16-anna.txt,200,0.20,0.20,0.70,50,1,2,1138,2.18743,2.184,1137
training/16-anna.txt,200,0.20,0.20,0.70,50,1,3,1137,2.18847,2.184,1137
training/16-anna.txt,200,0.20,0.20,0.70,50,1,4,1137,2.18895,2.184,1137
training/16-anna.txt,200,0.20,0.20,0.70,100,1,0,1137,2.18684,2.184,1137
training/16-anna.txt,200,0.20,0.20,0.70,100,1,1,1139,2.1904,2.184,1137
training/16-anna.txt,200,0.20,0.20,0.70,100,1,2,1137,2.18855,2.184,1137
training/16-anna.txt,200,0.20,0.20,0.70,100,1,3,1137,2.19267,2.184,1137
training/16-anna.txt,200,0.20,0.20,0.70,100,1,4,1137,2.1944,2.184,1137
training/16-anna.txt,200,0.20,0.20,0.70,50,2,0,1137,2.19264,2.184,1137
training/16-anna.txt,200,0.20,0.20,0.70,50,2,1,1138,2.18659,2.184,1137
training/16-anna.txt,200,0.20,0.20,0.70,50,2,2,1137,2.18619,2.184,1137
training/16-anna.txt,200,0.20,0.20,0.70,50,2,3,1137,2.18955,2.184,1137
training/16-anna.txt,200,0.20,0.20,0.70,50,2,4,1137,2.18743,2.184,1137
training/16-anna.txt,200,0.20,0.20,0.70,100,2,0,1137,2.19062,2.184,1137
training/16-anna.txt,200,0.20,0.20,0.70,100,2,1,1139,2.19256,2.184,1137
training/16-anna.txt,200,0.20,0.20,0.70,100,2,2,1138,2.19362,2.184,1137
training/16-anna.txt,200,0.20,0.20,0.70,100,2,3,1137,2.18819,2.184,1137
training/16-anna.txt,200,0.20,0.20,0.70,100,2,4,1137,2.19378,2.184,1137
training/16-anna.txt,200,0.20,0.20,0.80,50,1,0,1138,2.19248,2.184,1137
training/16-anna.txt,200,0.20,0.20,0.80,50,1,1,1137,2.18783,2.184,1137
training/16-anna.txt,200,0.20,0.20,0.80,50,1,2,1138,2.18999,2.184,1137
training/16-anna.txt,200,0.20,0.20,0.80,50,1,3,1137,2.18456,2.184,1137
training/16-anna.txt,200,0.20,0.20,0.80,50,1,4,1138,2.18812,2.184,1137
training/16-anna.txt,200,0.20,0.20,0.80,100,1,0,1138,2.18927,2.184,1137
training/16-anna.txt,200,0.20,0.20,0.80,100,1,1,1138,2.18575,2.184,1137
training/16-anna.txt,200,0.20,0.20,0.80,100,1,2,1138,2.19047,2.184,1137
training/16-anna.txt,200,0.20,0.20,0.80,100,1,3,1138,2.1861,2.184,1137
training/16-anna.txt,200,0.20,0.20,0.80,100,1,4,1138,2.1905,2.184,1137
training/16-anna.txt,200,0.20,0.20,0.80,50,2,0,1137,2.18513,2.184,1137
training/16-anna.txt,200,0.20,0.20,0.80,50,2,1,1137,2.18624,2.184,1137
training/16-anna.txt,200,0.20,0.20,0.80,50,2,2,1137,2.19246,2.184,1137
training/16-anna.txt,200,0.20,0.20,0.80,50,2,3,1137,2.19167,2.184,1137
training/16-anna.txt,200,0.20,0.20,0.80,50,2,4,1138,2.19358,2.184,1137
training/16-anna.txt,200,0.20,0.20,0.80,100,2,0,1138,2.1929,2.184,1137
training/16-anna.txt,200,0.20,0.20,0.80,100,2,1,1137,2.18418,2.184,1137
training/16-anna.txt,200,0.20,0.20,0.80,100,2,2,1139,2.18572,2.184,1137
training/16-anna.txt,200,0.20,0.20,0.80,100,2,3,1137,2.19072,2.184,1137
training/16-anna.txt,200,0.20,0.20,0.80,100,2,4,1137,2.18459,2.184,1137
training/16-anna.txt,200,0.25,0.10,0.70,50,1,0,1137,2.20282,2.184,1137
training/16-anna.txt,200,0.25,0.10,0.70,50,1,1,1137,2.19105,2.184,1137
training/16-anna.txt,200,0.25,0.10,0.70,50,1,2,1137,2.19115,2.184,1137
training/16-anna.txt,200,0.25,0.10,0.70,50,1,3,1137,2.18413,2.184,1137
training/16-anna.txt,200,0.25,0.10,0.70,50,1,4,1137,2.1853,2.184,1137
training/16-anna.txt,200,0.25,0.10,0.70,100,1,0,1137,2.19002,2.184,1137
training/16-anna.txt,200,0.25,0.10,0.70,100,1,1,1138,2.19071,2.184,1137
training/16-anna.txt,200,0.25,0.10,0.70,100,1,2,1138,2.20687,2.184,1137
training/16-anna.txt,200,0.25,0.10,0.70,100,1,3,1137,2.19013,2.184,1137
training/16-anna.txt,200,0.25,0.10,0.70,100,1,4,1137,2.19117,2.184,1137
training/16-anna.txt,200,0.25,0.10,0.70,50,2,0,1137,2.19043,2.184,1137
training/16-anna.txt,200,0.25,0.10,0.70,50,2,1,1137,2.20054,2.184,1137
training/16-anna.txt,200,0.25,0.10,0.70,50,2,2,1137,2.18946,2.184,1137
training/16-anna.txt,200,0.25,0.10,0.70,50,2,3,1137,2.19422,2.184,1137
training/16-anna.txt,200,0.25,0.10,0.70,50,2,4,1137,2.18545,2.184,1137
training/16-anna.txt,200,0.25,0.10,0.70,100,2,0,1137,2.18592,2.184,1137
training/16-anna.txt,200,0.25,0.10,0.70,100,2,1,1137,2.18812,2.184,1137
training/16-anna.txt,200,0.25,0.10,0.70,100,2,2,1139,2.19016,2.184,1137
training/16-anna.txt,200,0.25,0.10,0.70,100,2,3,1137,2.19195,2.184,1137
training/16-anna.txt,200,0.25,0.10,0.70,100,2,4,1137,2.18635,2.184,1137
training/16-anna.txt,200,0.25,0.10,0.80,50,1,0,1137,2.19161,2.184,1137
training/16-anna.txt,200,0.25,0.10,0.80,50,1,1,1137,2.19607,2.184,1137
training/16-anna.txt,200,0.25,0.10,0.80,50,1,2,1137,2.18727,2.184,1137
training/16-anna.txt,200,0.25,0.10,0.80,50,1,3,1137,2.18484,2.184,1137
training/16-anna.txt,200,0.25,0.10,0.80,50,1,4,1137,2.19223,2.184,1137
training/16-anna.txt,200,0.25,0.10,0.80,100,1,0,1137,2.18901,2.184,1137
training/16-anna.txt,200,0.25,0.10,0.80,100,1,1,1137,2.18643,2.184,1137
training/16-anna.txt,200,0.25,0.10,0.80,100,1,2,1137,2.18468,2.184,1137
training/16-anna.txt,200,0.25,0.10,0.80,100,1,3,1137,2.19092,2.184,1137
training/16-anna.txt,200,0.25,0.10,0.80,100,1,4,1138,2.19217,2.184,1137
training/16-anna.txt,200,0.25,0.10,0.80,50,2,0,1138,2.19263,2.184,1137
training/16-anna.txt,200,0.25,0.10,0.80,50,2,1,1138,2.20624,2.184,1137
training/16-anna.txt,200,0.25,0.10,0.80,50,2,2,1138,2.19166,2.184,1137
training/16-anna.txt,200,0.25,0.10,0.80,50,2,3,1137,2.18472,2.184,1137
training/16-anna.txt,200,0.25,0.10,0.80,50,2,4,1138,2.18693,2.184,1137
training/16-anna.txt,200,0.25,0.10,0.80,100,2,0,1139,2.19419,2.184,1137
training/16-anna.txt,200,0.25,0.10,0.80,100,2,1,1137,2.18474,2.184,1137
training/16-anna.txt,200,0.25,0.10,0.80,100,2,2,1138,2.1935,2.184,1137
training/16-anna.txt,200,0.25,0.10,0.80,100,2,3,1137,2.19269,2.184,1137
training/16-anna.txt,200,0.25,0.10,0.80,100,2,4,1138,2.19264,2.184,1137
training/16-anna.txt,200,0.25,0.20,0.70,50,1,0,1137,2.19868,2.184,1137
training/16-anna.txt,200,0.25,0.20,0.70,50,1,1,1137,2.18695,2.184,1137
training/16-anna.txt,200,0.25,0.20,0.70,50,1,2,1137,2.19181,2.184,1137
training/16-anna.txt,200,0.25,0.20,0.70,50,1,3,1137,2.19162,2.184,1137
training/16-anna.txt,200,0.25,0.20,0.70,50,1,4,1137,2.1956,2.184,1137
training/16-anna.txt,200,0.25,0.20,0.70,100,1,0,1137,2.18989,2.184,1137
training/16-anna.txt,200,0.25,0.20,0.70,100,1,1,1138,2.19253,2.184,1137
training/16-anna.txt,200,0.25,0.20,0.70,100,1,2,1137,2.19065,2.184,1137
training/16-anna.txt,200,0.25,0.20,0.70,100,1,3,1138,2.18472,2.184,1137
training/16-anna.txt,200,0.25,0.20,0.70,100,1,4,1138,2.18619,2.184,1137
training/16-anna.txt,200,0.25,0.20,0.70,50,2,0,1137,2.20701,2.184,1137
training/16-anna.txt,200,0.25,0.20,0.70,50,2,1,1137,2.19289,2.184,1137
training/16-anna.txt,200,0.25,0.20,0.70,50,2,2,1137,2.18462,2.184,1137
training/16-anna.txt,200,0.25,0.20,0.70,50,2,3,1137,2.18998,2.184,1137
training/16-anna.txt,200,0.25,0.20,0.70,50,2,4,1137,2.1894,2.184,1137
training/16-anna.txt,200,0.25,0.20,0.70,100,2,0,1137,2.18577,2.184,1137
training/16-anna.txt,200,0.25,0.20,0.70,100,2,1,1138,2.18955,2.184,1137
training/16-anna.txt,200,0.25,0.20,0.70,100,2,2,1137,2.19034,2.184,1137
training/16-anna.txt,200,0.25,0.20,0.70,100,2,3,1137,2.19197,2.184,1137
training/16-anna.txt,200,0.25,0.20,0.70,100,2,4,1138,2.18759,2.184,1137
training/16-anna.txt,200,0.25,0.20,0.80,50,1,0,1137,2.19192,2.184,1137
training/16-anna.txt,200,0.25,0.20,0.80,50,1,1,1137,2.18473,2.184,1137
training/16-anna.txt,200,0.25,0.20,0.80,50,1,2,1137,2.20276,2.184,1137
training/16-anna.txt,200,0.25,0.20,0.80,50,1,3,1137,2.18498,2.184,1137
training/16-anna.txt,200,0.25,0.20,0.80,50,1,4,1137,2.18653,2.184,1137
training/16-anna.txt,200,0.25,0.20,0.80,100,1,0,1137,2.1877,2.184,1137
training/16-anna.txt,200,0.25,0.20,0.80,100,1,1,1137,2.18593,2.184,1137
training/16-anna.txt,200,0.25,0.20,0.80,100,1,2,1138,2.1869,2.184,1137
training/16-anna.txt,200,0.25,0.20,0.80,100,1,3,1138,2.18735,2.184,1137
training/16-anna.txt,200,0.25,0.20,0.80,100,1,4,1138,2.19225,2.184,1137
training/16-anna.txt,200,0.25,0.20,0.80,50,2,0,1138,2.18707,2.184,1137
training/16-anna.txt,200,0.25,0.20,0.80,50,2,1,1138,2.19015,2.184,1137
training/16-anna.txt,200,0.25,0.20,0.80,50,2,2,1138,2.18982,2.184,1137
training/16-anna.txt,200,0.25,0.20,0.80,50,2,3,1137,2.18893,2.184,1137
training/16-anna.txt,200,0.25,0.20,0.80,50,2,4,1138,2.19281,2.184,1137
training/16-anna.txt,200,0.25,0.20,0.80,100,2,0,1138,2.18858,2.184,1137
training/16-anna.txt,200,0.25,0.20,0.80,100,2,1,1138,2.1889,2.184,1137
training/16-anna.txt,200,0.25,0.20,0.80,100,2,2,1138,2.18991,2.184,1137
training/16-anna.txt,200,0.25,0.20,0.80,100,2,3,1139,2.19134,2.184,1137
training/16-anna.txt,200,0.25,0.20,0.80,100,2,4,1138,2.18624,2.184,1137
training/17-DSJC250.1.txt,100,0.20,0.10,0.70,50,1,0,2411,14.7126,14.690,1941
training/17-DSJC250.1.txt,100,0.20,0.10,0.70,50,1,1,2497,14.7093,14.690,1941
training/17-DSJC250.1.txt,100,0.20,0.10,0.70,50,1,2,2546,14.7229,14.690,1941
training/17-DSJC250.1.txt,100,0.20,0.10,0.70,50,1,3,2526,14.6935,14.690,1941
training/17-DSJC250.1.txt,100,0.20,0.10,0.70,50,1,4,2509,14.7178,14.690,1941
training/17-DSJC250.1.txt,100,0.20,0.10,0.70,100,1,0,2412,14.7175,14.690,1941
training/17-DSJC250.1.txt,100,0.20,0.10,0.70,100,1,1,2386,14.7128,14.690,1941
training/17-DSJC250.1.txt,100,0.20,0.10,0.70,100,1,2,2345,14.7115,14.690,1941
training/17-DSJC250.1.txt,100,0.20,0.10,0.70,100,1,3,2300,14.7155,14.690,1941
training/17-DSJC250.1.txt,100,0.20,0.10,0.70,100,1,4,2326,14.7036,14.690,1941
training/17-DSJC250.1.txt,100,0.20,0.10,0.70,50,2,0,2408,14.7201,14.690,1941
training/17-DSJC250.1.txt,100,0.20,0.10,0.70,50,2,1,2455,14.7165,14.690,1941
training/17-DSJC250.1.txt,100,0.20,0.10,0.70,50,2,2,2529,14.7152,14.690,1941
training/17-DSJC250.1.txt,100,0.20,0.10,0.70,50,2,3,2408,14.7108,14.690,1941
training/17-DSJC250.1.txt,100,0.20,0.10,0.70,50,2,4,2499,14.7014,14.690,1941
training/17-DSJC250.1.txt,100,0.20,0.10,0.70,100,2,0,2374,14.7012,14.690,1941
training/17-DSJC250.1.txt,100,0.20,0.10,0.70,100,2,1,2464,14.7098,14.690,1941
training/17-DSJC250.1.txt,100,0.20,0.10,0.70,100,2,2,2437,14.7253,14.690,1941
training/17-DSJC250.1.txt,100,0.20,0.10,0.70,100,2,3,2273,14.6941,14.690,1941
training/17-DSJC250.1.txt,100,0.20,0.10,0.70,100,2,4,2357,14.7158,14.690,1941
training/17-DSJC250.1.txt,100,0.20,0.10,0.80,50,1,0,2353,14.7048,14.690,1941
training/17-DSJC250.1.txt,100,0.20,0.10,0.80,50,1,1,2390,14.6974,14.690,1941
training/17-DSJC250.1.txt,100,0.20,0.10,0.80,50,1,2,2372,14.6942,14.690,1941
training/17-DSJC250.1.txt,100,0.20,0.10,0.80,50,1,3,2416,14.7264,14.690,1941
training/17-DSJC250.1.txt,100,0.20,0.10,0.80,50,1,4,2358,14.7229,14.690,1941
training/17-DSJC250.1.txt,100,0.20,0.10,0.80,100,1,0,2346,14.7254,14.690,1941
training/17-DSJC250.1.txt,100,0.20,0.10,0.80,100,1,1,2350,14.7016,14.690,1941
training/17-DSJC250.1.txt,100,0.20,0.10,0.80,100,1,2,2338,14.6962,14.690,1941
training/17-DSJC250.1.txt,100,0.20,0.10,0.80,100,1,3,2312,14.6967,14.690,1941
training/17-DSJC250.1.txt,100,0.20,0.10,0.80,100,1,4,2372,14.7156,14.690,1941
training/17-DSJC250.1.txt,100,0.20,0.10,0.80,50,2,0,2419,14.708,14.690,1941
training/17-DSJC250.1.txt,100,0.20,0.10,0.80,50,2,1,2397,14.7153,14.690,1941
training/17-DSJC250.1.txt,100,0.20,0.10,0.80,50,2,2,2383,14.7125,14.690,1941
training/17-DSJC250.1.txt,100,0.20,0.10,0.80,50,2,3,2462,14.6952,14.690,1941
training/17-DSJC250.1.txt,100,0.20,0.10,0.80,50,2,4,2320,14.7114,14.690,1941
training/17-DSJC250.1.txt,100,0.20,0.10,0.80,100,2,0,2354,14.7194,14.690,1941
training/17-DSJC250.1.txt,100,0.20,0.10,0.80,100,2,1,2344,14.7052,14.690,1941
training/17-DSJC250.1.txt,100,0.20,0.10,0.80,100,2,2,2397,14.7023,14.690,1941
training/17-DSJC250.1.txt,100,0.20,0.10,0.80,100,2,3,2346,14.7187,14.690,1941
training/17-DSJC250.1.txt,100,0.20,0.10,0.80,100,2,4,2393,14.7047,14.690,1941
training/17-DSJC250.1.txt,100,0.20,0.20,0.70,50,1,0,2557,14.7099,14.690,1941
training/17-DSJC250.1.txt,100,0.20,0.20,0.70,50,1,1,2554,14.6925,14.690,1941
training/17-DSJC250.1.txt,100,0.20,0.20,0.70,50,1,2,2570,14.7082,14.690,1941
training/17-DSJC250.1.txt,100,0.20,0.20,0.70,50,1,3,2540,14.7159,14.690,1941
training/17-DSJC250.1.txt,100,0.20,0.20,0.70,50,1,4,2560,14.7134,14.690,1941
training/17-DSJC250.1.txt,100,0.20,0.20,0.70,100,1,0,2380,14.7282,14.690,1941
training/17-DSJC250.1.txt,100,0.20,0.20,0.70,100,1,1,2392,14.6954,14.690,1941
training/17-DSJC250.1.txt,100,0.20,0.20,0.70,100,1,2,2377,14.7095,14.690,1941
training/17-DSJC250.1.txt,100,0.20,0.20,0.70,100,1,3,2383,14.7221,14.690,1941
training/17-DSJC250.1.txt,100,0.20,0.20,0.70,100,1,4,2561,14.6986,14.690,1941
training/17-DSJC250.1.txt,100,0.20,0.20,0.70,50,2,0,2596,14.7082,14.690,1941
training/17-DSJC250.1.txt,100,0.20,0.20,0.70,50,2,1,2391,14.7259,14.690,1941
training/17-DSJC250.1.txt,100,0.20,0.20,0.70,50,2,2,2530,14.6936,14.690,1941
training/17-DSJC250.1.txt,100,0.20,0.20,0.70,50,2,3,2609,14.7112,14.690,1941
training/17-DSJC250.1.txt,100,0.20,0.20,0.70,50,2,4,2548,14.7263,14.690,1941
training/17-DSJC250.1.txt,100,0.20,0.20,0.70,100,2,0,2366,14.6998,14.690,1941
training/17-DSJC250.1.txt,100,0.20,0.20,0.70,100,2,1,2418,14.707,14.690,1941
training/17-DSJC250.1.txt,100,0.20,0.20,0.70,100,2,2,2579,14.7058,14.690,1941
training/17-DSJC250.1.txt,100,0.20,0.20,0.70,100,2,3,2571,14.7251,14.690,1941
training/17-DSJC250.1.txt,100,0.20,0.20,0.70,100,2,4,2513,14.6991,14.690,1941
training/17-DSJC250.1.txt,100,0.20,0.20,0.80,50,1,0,2417,14.7287,14.690,1941
training/17-DSJC250.1.txt,100,0.20,0.20,0.80,50,1,1,2396,14.7156,14.690,1941
training/17-DSJC250.1.txt,100,0.20,0.20,0.80,50,1,2,2363,14.7107,14.690,1941
training/17-DSJC250.1.txt,100,0.20,0.20,0.80,50,1,3,2390,14.7277,14.690,1941
training/17-DSJC250.1.txt,100,0.20,0.20,0.80,50,1,4,2372,14.717,14.690,1941
training/17-DSJC250.1.txt,100,0.20,0.20,0.80,100,1,0,2361,14.714,14.690,1941
training/17-DSJC250.1.txt,100,0.20,0.20,0.80,100,1,1,2361,14.6983,14.690,1941
training/17-DSJC250.1.txt,100,0.20,0.20,0.80,100,1,2,2324,14.7031,14.690,1941
training/17-DSJC250.1.txt,100,0.20,0.20,0.80,100,1,3,2381,14.703,14.690,1941
training/17-DSJC250.1.txt,100,0.20,0.20,0.80,100,1,4,2309,14.7046,14.690,1941
training/17-DSJC250.1.txt,100,0.20,0.20,0.80,50,2,0,2409,14.7122,14.690,1941
training/17-DSJC250.1.txt,100,0.20,0.20,0.80,50,2,1,2381,14.6975,14.690,1941
training/17-DSJC250.1.txt,100,0.20,0.20,0.80,50,2,2,2349,14.6973,14.690,1941
training/17-DSJC250.1.txt,100,0.20,0.20,0.80,50,2,3,2389,14.712,14.690,1941
training/17-DSJC250.1.txt,100,0.20,0.20,0.80,50,2,4,2373,14.7144,14.690,1941
training/17-DSJC250.1.txt,100,0.20,0.20,0.80,100,2,0,2304,14.7051,14.690,1941
training/17-DSJC250.1.txt,100,0.20,0.20,0.80,100,2,1,2362,14.6946,14.690,1941
training/17-DSJC250.1.txt,100,0.20,0.20,0.80,100,2,2,2379,14.7135,14.690,1941
training/17-DSJC250.1.txt,100,0.20,0.20,0.80,100,2,3,2342,14.6986,14.690,1941
training/17-DSJC250.1.txt,100,0.20,0.20,0.80,100,2,4,2378,14.7083,14.690,1941
training/17-DSJC250.1.txt,100,0.25,0.10,0.70,50,1,0,2547,14.7107,14.690,1941
training/17-DSJC250.1.txt,100,0.25,0.10,0.70,50,1,1,2565,14.7677,14.690,1941
training/17-DSJC250.1.txt,100,0.25,0.10,0.70,50,1,2,2566,14.6908,14.690,1941
training/17-DSJC250.1.txt,100,0.25,0.10,0.70,50,1,3,2595,14.718,14.690,1941
training/17-DSJC250.1.txt,100,0.25,0.10,0.70,50,1,4,2387,14.7192,14.690,1941
training/17-DSJC250.1.txt,100,0.25,0.10,0.70,100,1,0,2438,14.693,14.690,1941
training/17-DSJC250.1.txt,100,0.25,0.10,0.70,100,1,1,2302,14.7129,14.690,1941
training/17-DSJC250.1.txt,100,0.25,0.10,0.70,100,1,2,2358,14.7163,14.690,1941
training/17-DSJC250.1.txt,100,0.25,0.10,0.70,100,1,3,2360,14.7143,14.690,1941
training/17-DSJC250.1.txt,100,0.25,0.10,0.70,100,1,4,2342,14.6951,14.690,1941
training/17-DSJC250.1.txt,100,0.25,0.10,0.70,50,2,0,2409,14.7161,14.690,1941
training/17-DSJC250.1.txt,100,0.25,0.10,0.70,50,2,1,2612,14.7019,14.690,1941
training/17-DSJC250.1.txt,100,0.25,0.10,0.70,50,2,2,2566,14.7043,14.690,1941
training/17-DSJC250.1.txt,100,0.25,0.10,0.70,50,2,3,2551,14.7216,14.690,1941
training/17-DSJC250.1.txt,100,0.25,0.10,0.70,50,2,4,2394,14.7038,14.690,1941
training/17-DSJC250.1.txt,100,0.25,0.10,0.70,100,2,0,2394,14.702,14.690,1941
training/17-DSJC250.1.txt,100,0.25,0.10,0.70,100,2,1,2392,14.6909,14.690,1941
training/17-DSJC250.1.txt,100,0.25,0.10,0.70,100,2,2,2270,14.6924,14.690,1941
training/17-DSJC250.1.txt,100,0.25,0.10,0.70,100,2,3,2510,14.7011,14.690,1941
training/17-DSJC250.1.txt,100,0.25,0.10,0.70,100,2,4,2342,14.7178,14.690,1941
training/17-DSJC250.1.txt,100,0.25,0.10,0.80,50,1,0,2358,14.6991,14.690,1941
training/17-DSJC250.1.txt,100,0.25,0.10,0.80,50,1,1,2358,14.7046,14.690,1941
training/17-DSJC250.1.txt,100,0.25,0.10,0.80,50,1,2,2393,14.7659,14.690,1941
training/17-DSJC250.1.txt,100,0.25,0.10,0.80,50,1,3,2352,14.7154,14.690,1941
training/17-DSJC250.1.txt,100,0.25,0.10,0.80,50,1,4,2374,14.7286,14.690,1941
training/17-DSJC250.1.txt,100,0.25,0.10,0.80,100,1,0,2333,14.7012,14.690,1941
training/17-DSJC250.1.txt,100,0.25,0.10,0.80,100,1,1,2338,14.7073,14.690,1941
training/17-DSJC250.1.txt,100,0.25,0.10,0.80,100,1,2,2354,14.7111,14.690,1941
training/17-DSJC250.1.txt,100,0.25,0.10,0.80,100,1,3,2367,14.7157,14.690,1941
training/17-DSJC250.1.txt,100,0.25,0.10,0.80,100,1,4,2313,14.7477,14.690,1941
training/17-DSJC250.1.txt,100,0.25,0.10,0.80,50,2,0,2305,14.716,14.690,1941
training/17-DSJC250.1.txt,100,0.25,0.10,0.80,50,2,1,2358,14.7183,14.690,1941
training/17-DSJC250.1.txt,100,0.25,0.10,0.80,50,2,2,2397,14.6994,14.690,1941
training/17-DSJC250.1.txt,100,0.25,0.10,0.80,50,2,3,2382,14.7013,14.690,1941
training/17-DSJC250.1.txt,100,0.25,0.10,0.80,50,2,4,2387,14.7235,14.690,1941
training/17-DSJC250.1.txt,100,0.25,0.10,0.80,100,2,0,2363,14.7072,14.690,1941
training/17-DSJC250.1.txt,100,0.25,0.10,0.80,100,2,1,2332,14.714,14.690,1941
training/17-DSJC250.1.txt,100,0.25,0.10,0.80,100,2,2,2307,14.6978,14.690,1941
training/17-DSJC250.1.txt,100,0.25,0.10,0.80,100,2,3,2319,14.7236,14.690,1941
training/17-DSJC250.1.txt,100,0.25,0.10,0.80,100,2,4,2404,14.7194,14.690,1941
training/17-DSJC250.1.txt,100,0.25,0.20,0.70,50,1,0,2551,14.7069,14.690,1941
training/17-DSJC250.1.txt,100,0.25,0.20,0.70,50,1,1,2599,14.7211,14.690,1941
training/17-DSJC250.1.txt,100,0.25,0.20,0.70,50,1,2,2582,14.7055,14.690,1941
training/17-DSJC250.1.txt,100,0.25,0.20,0.70,50,1,3,2599,14.7236,14.690,1941
training/17-DSJC250.1.txt,100,0.25,0.20,0.70,50,1,4,2618,14.723,14.690,1941
training/17-DSJC250.1.txt,100,0.25,0.20,0.70,100,1,0,2592,14.6986,14.690,1941
training/17-DSJC250.1.txt,100,0.25,0.20,0.70,100,1,1,2360,14.7058,14.690,1941
training/17-DSJC250.1.txt,100,0.25,0.20,0.70,100,1,2,2591,14.7174,14.690,1941
training/17-DSJC250.1.txt,100,0.25,0.20,0.70,100,1,3,2553,14.7146,14.690,1941
training/17-DSJC250.1.txt,100,0.25,0.20,0.70,100,1,4,2594,14.7078,14.690,1941
training/17-DSJC250.1.txt,100,0.25,0.20,0.70,50,2,0,2613,14.6926,14.690,1941
training/17-DSJC250.1.txt,100,0.25,0.20,0.70,50,2,1,2559,14.7054,14.690,1941
training/17-DSJC250.1.txt,100,0.25,0.20,0.70,50,2,2,2568,14.6988,14.690,1941
training/17-DSJC250.1.txt,100,0.25,0.20,0.70,50,2,3,2629,14.7181,14.690,1941
training/17-DSJC250.1.txt,100,0.25,0.20,0.70,50,2,4,2606,14.6954,14.690,1941
training/17-DSJC250.1.txt,100,0.25,0.20,0.70,100,2,0,2554,14.7089,14.690,1941
training/17-DSJC250.1.txt,100,0.25,0.20,0.70,100,2,1,2553,14.7129,14.690,1941
training/17-DSJC250.1.txt,100,0.25,0.20,0.70,100,2,2,2603,14.6914,14.690,1941
training/17-DSJC250.1.txt,100,0.25,0.20,0.70,100,2,3,2619,14.7077,14.690,1941
training/17-DSJC250.1.txt,100,0.25,0.20,0.70,100,2,4,2588,14.6914,14.690,1941
training/17-DSJC250.1.txt,100,0.25,0.20,0.80,50,1,0,2431,14.7058,14.690,1941
training/17-DSJC250.1.txt,100,0.25,0.20,0.80,50,1,1,2464,14.7117,14.690,1941
training/17-DSJC250.1.txt,100,0.25,0.20,0.80,50,1,2,2425,14.7048,14.690,1941
training/17-DSJC250.1.txt,100,0.25,0.20,0.80,50,1,3,2445,14.695,14.690,1941
training/17-DSJC250.1.txt,100,0.25,0.20,0.80,50,1,4,2414,14.7059,14.690,1941
training/17-DSJC250.1.txt,100,0.25,0.20,0.80,100,1,0,2332,14.7001,14.690,1941
training/17-DSJC250.1.txt,100,0.25,0.20,0.80,100,1,1,2361,14.7104,14.690,1941
training/17-DSJC250.1.txt,100,0.25,0.20,0.80,100,1,2,2324,14.693,14.690,1941
training/17-DSJC250.1.txt,100,0.25,0.20,0.80,100,1,3,2262,14.6971,14.690,1941
training/17-DSJC250.1.txt,100,0.25,0.20,0.80,100,1,4,2375,14.712,14.690,1941
training/17-DSJC250.1.txt,100,0.25,0.20,0.80,50,2,0,2456,14.7165,14.690,1941
training/17-DSJC250.1.txt,100,0.25,0.20,0.80,50,2,1,2393,14.6949,14.690,1941
training/17-DSJC250.1.txt,100,0.25,0.20,0.80,50,2,2,2371,14.6917,14.690,1941
training/17-DSJC250.1.txt,100,0.25,0.20,0.80,50,2,3,2477,14.7019,14.690,1941
training/17-DSJC250.1.txt,100,0.25,0.20,0.80,50,2,4,2342,14.6991,14.690,1941
training/17-DSJC250.1.txt,100,0.25,0.20,0.80,100,2,0,2409,14.7166,14.690,1941
training/17-DSJC250.1.txt,100,0.25,0.20,0.80,100,2,1,2244,14.6916,14.690,1941
training/17-DSJC250.1.txt,100,0.25,0.20,0.80,100,2,2,2346,14.6907,14.690,1941
training/17-DSJC250.1.txt,100,0.25,0.20,0.80,100,2,3,2375,14.6967,14.690,1941
training/17-DSJC250.1.txt,100,0.25,0.20,0.80,100,2,4,2407,14.6933,14.690,1941
training/17-DSJC250.1.txt,150,0.20,0.10,0.70,50,1,0,2390,14.7336,14.690,1941
training/17-DSJC250.1.txt,150,0.20,0.10,0.70,50,1,1,2570,14.7035,14.690,1941
training/17-DSJC250.1.txt,150,0.20,0.10,0.70,50,1,2,2503,14.7531,14.690,1941
training/17-DSJC250.1.txt,150,0.20,0.10,0.70,50,1,3,2328,14.7825,14.690,1941
training/17-DSJC250.1.txt,150,0.20,0.10,0.70,50,1,4,2445,14.6929,14.690,1941
training/17-DSJC250.1.txt,150,0.20,0.10,0.70,100,1,0,2299,14.745,14.690,1941
training/17-DSJC250.1.txt,150,0.20,0.10,0.70,100,1,1,2574,14.7061,14.690,1941
training/17-DSJC250.1.txt,150,0.20,0.10,0.70,100,1,2,2303,14.7034,14.690,1941
training/17-DSJC250.1.txt,150,0.20,0.10,0.70,100,1,3,2250,14.7244,14.690,1941
training/17-DSJC250.1.txt,150,0.20,0.10,0.70,100,1,4,2364,14.7056,14.690,1941
training/17-DSJC250.1.txt,150,0.20,0.10,0.70,50,2,0,2390,14.7054,14.690,1941
training/17-DSJC250.1.txt,150,0.20,0.10,0.70,50,2,1,2558,14.7147,14.690,1941
training/17-DSJC250.1.txt,150,0.20,0.10,0.70,50,2,2,2525,14.7255,14.690,1941
training/17-DSJC250.1.txt,150,0.20,0.10,0.70,50,2,3,2557,14.7351,14.690,1941
training/17-DSJC250.1.txt,150,0.20,0.10,0.70,50,2,4,2523,14.7402,14.690,1941
training/17-DSJC250.1.txt,150,0.20,0.10,0.70,100,2,0,2299,14.7419,14.690,1941
training/17-DSJC250.1.txt,150,0.20,0.10,0.70,100,2,1,2523,14.7415,14.690,1941
training/17-DSJC250.1.txt,150,0.20,0.10,0.70,100,2,2,2495,14.7069,14.690,1941
training/17-DSJC250.1.txt,150,0.20,0.10,0.70,100,2,3,2483,14.6986,14.690,1941
training/17-DSJC250.1.txt,150,0.20,0.10,0.70,100,2,4,2354,14.7167,14.690,1941
training/17-DSJC250.1.txt,150,0.20,0.10,0.80,50,1,0,2353,14.719,14.690,1941
training/17-DSJC250.1.txt,150,0.20,0.10,0.80,50,1,1,2301,14.733,14.690,1941
training/17-DSJC250.1.txt,150,0.20,0.10,0.80,50,1,2,2360,14.776,14.690,1941
training/17-DSJC250.1.txt,150,0.20,0.10,0.80,50,1,3,2323,14.786,14.690,1941
training/17-DSJC250.1.txt,150,0.20,0.10,0.80,50,1,4,2358,14.7458,14.690,1941
training/17-DSJC250.1.txt,150,0.20,0.10,0.80,100,1,0,2257,14.7159,14.690,1941
training/17-DSJC250.1.txt,150,0.20,0.10,0.80,100,1,1,2324,14.7344,14.690,1941
training/17-DSJC250.1.txt,150,0.20,0.10,0.80,100,1,2,2288,14.7214,14.690,1941
training/17-DSJC250.1.txt,150,0.20,0.10,0.80,100,1,3,2196,14.7144,14.690,1941
training/17-DSJC250.1.txt,150,0.20,0.10,0.80,100,1,4,2272,14.7039,14.690,1941
training/17-DSJC250.1.txt,150,0.20,0.10,0.80,50,2,0,2353,14.7256,14.690,1941
training/17-DSJC250.1.txt,150,0.20,0.10,0.80,50,2,1,2338,14.7463,14.690,1941
training/17-DSJC250.1.txt,150,0.20,0.10,0.80,50,2,2,2331,14.7177,14.690,1941
training/17-DSJC250.1.txt,150,0.20,0.10,0.80,50,2,3,2377,14.696,14.690,1941
training/17-DSJC250.1.txt,150,0.20,0.10,0.80,50,2,4,2290,14.6974,14.690,1941
training/17-DSJC250.1.txt,150,0.20,0.10,0.80,100,2,0,2257,14.709,14.690,1941
training/17-DSJC250.1.txt,150,0.20,0.10,0.80,100,2,1,2310,14.7428,14.690,1941
training/17-DSJC250.1.txt,150,0.20,0.10,0.80,100,2,2,2299,14.7078,14.690,1941
training/17-DSJC250.1.txt,150,0.20,0.10,0.80,100,2,3,2328,14.7223,14.690,1941
training/17-DSJC250.1.txt,150,0.20,0.10,0.80,100,2,4,2272,14.7367,14.690,1941
training/17-DSJC250.1.txt,150,0.20,0.20,0.70,50,1,0,2573,14.7607,14.690,1941
training/17-DSJC250.1.txt,150,0.20,0.20,0.70,50,1,1,2601,14.758,14.690,1941
training/17-DSJC250.1.txt,150,0.20,0.20,0.70,50,1,2,2589,14.7849,14.690,1941
training/17-DSJC250.1.txt,150,0.20,0.20,0.70,50,1,3,2597,14.7866,14.690,1941
training/17-DSJC250.1.txt,150,0.20,0.20,0.70,50,1,4,2570,14.7945,14.690,1941
training/17-DSJC250.1.txt,150,0.20,0.20,0.70,100,1,0,2397,14.7155,14.690,1941
training/17-DSJC250.1.txt,150,0.20,0.20,0.70,100,1,1,2338,14.6923,14.690,1941
training/17-DSJC250.1.txt,150,0.20,0.20,0.70,100,1,2,2586,14.7287,14.690,1941
training/17-DSJC250.1.txt,150,0.20,0.20,0.70,100,1,3,2597,14.7303,14.690,1941
training/17-DSJC250.1.txt,150,0.20,0.20,0.70,100,1,4,2514,14.7334,14.690,1941
training/17-DSJC250.1.txt,150,0.20,0.20,0.70,50,2,0,2573,14.6937,14.690,1941
training/17-DSJC250.1.txt,150,0.20,0.20,0.70,50,2,1,2600,14.6946,14.690,1941
training/17-DSJC250.1.txt,150,0.20,0.20,0.70,50,2,2,2555,14.7226,14.690,1941
training/17-DSJC250.1.txt,150,0.20,0.20,0.70,50,2,3,2578,14.7343,14.690,1941
training/17-DSJC250.1.txt,150,0.20,0.20,0.70,50,2,4,2570,14.7509,14.690,1941
training/17-DSJC250.1.txt,150,0.20,0.20,0.70,100,2,0,2415,14.7043,14.690,1941
training/17-DSJC250.1.txt,150,0.20,0.20,0.70,100,2,1,2374,14.7051,14.690,1941
training/17-DSJC250.1.txt,150,0.20,0.20,0.70,100,2,2,2565,14.7249,14.690,1941
training/17-DSJC250.1.txt,150,0.20,0.20,0.70,100,2,3,2570,14.7138,14.690,1941
training/17-DSJC250.1.txt,150,0.20,0.20,0.70,100,2,4,2514,14.7438,14.690,1941
training/17-DSJC250.1.txt,150,0.20,0.20,0.80,50,1,0,2389,14.7376,14.690,1941
training/17-DSJC250.1.txt,150,0.20,0.20,0.80,50,1,1,2422,14.7401,14.690,1941
training/17-DSJC250.1.txt,150,0.20,0.20,0.80,50,1,2,2362,14.7818,14.690,1941
training/17-DSJC250.1.txt,150,0.20,0.20,0.80,50,1,3,2359,14.764,14.690,1941
training/17-DSJC250.1.txt,150,0.20,0.20,0.80,50,1,4,2320,14.7485,14.690,1941
training/17-DSJC250.1.txt,150,0.20,0.20,0.80,100,1,0,2300,14.7215,14.690,1941
training/17-DSJC250.1.txt,150,0.20,0.20,0.80,100,1,1,2344,14.7146,14.690,1941
training/17-DSJC250.1.txt,150,0.20,0.20,0.80,100,1,2,2285,14.7325,14.690,1941
training/17-DSJC250.1.txt,150,0.20,0.20,0.80,100,1,3,2295,14.7389,14.690,1941
training/17-DSJC250.1.txt,150,0.20,0.20,0.80,100,1,4,2382,14.6911,14.690,1941
training/17-DSJC250.1.txt,150,0.20,0.20,0.80,50,2,0,2343,14.7102,14.690,1941
training/17-DSJC250.1.txt,150,0.20,0.20,0.80,50,2,1,2416,14.7189,14.690,1941
training/17-DSJC250.1.txt,150,0.20,0.20,0.80,50,2,2,2388,14.7228,14.690,1941
training/17-DSJC250.1.txt,150,0.20,0.20,0.80,50,2,3,2333,14.6957,14.690,1941
training/17-DSJC250.1.txt,150,0.20,0.20,0.80,50,2,4,2382,14.6926,14.690,1941
training/17-DSJC250.1.txt,150,0.20,0.20,0.80,100,2,0,2303,14.692,14.690,1941
training/17-DSJC250.1.txt,150,0.20,0.20,0.80,100,2,1,2347,14.7403,14.690,1941
training/17-DSJC250.1.txt,150,0.20,0.20,0.80,100,2,2,2285,14.7072,14.690,1941
training/17-DSJC250.1.txt,150,0.20,0.20,0.80,100,2,3,2295,14.7292,14.690,1941
training/17-DSJC250.1.txt,150,0.20,0.20,0.80,100,2,4,2424,14.737,14.690,1941
training/17-DSJC250.1.txt,150,0.25,0.10,0.70,50,1,0,2584,14.703,14.690,1941
training/17-DSJC250.1.txt,150,0.25,0.10,0.70,50,1,1,2609,14.7074,14.690,1941
training/17-DSJC250.1.txt,150,0.25,0.10,0.70,50,1,2,2564,14.7162,14.690,1941
training/17-DSJC250.1.txt,150,0.25,0.10,0.70,50,1,3,2564,14.7194,14.690,1941
training/17-DSJC250.1.txt,150,0.25,0.10,0.70,50,1,4,2459,14.697,14.690,1941
training/17-DSJC250.1.txt,150,0.25,0.10,0.70,100,1,0,2573,14.6945,14.690,1941
training/17-DSJC250.1.txt,150,0.25,0.10,0.70,100,1,1,2567,14.7101,14.690,1941
training/17-DSJC250.1.txt,150,0.25,0.10,0.70,100,1,2,2356,14.7138,14.690,1941
training/17-DSJC250.1.txt,150,0.25,0.10,0.70,100,1,3,2564,14.7199,14.690,1941
training/17-DSJC250.1.txt,150,0.25,0.10,0.70,100,1,4,2569,14.7161,14.690,1941
training/17-DSJC250.1.txt,150,0.25,0.10,0.70,50,2,0,2509,14.7275,14.690,1941
training/17-DSJC250.1.txt,150,0.25,0.10,0.70,50,2,1,2598,14.7052,14.690,1941
training/17-DSJC250.1.txt,150,0.25,0.10,0.70,50,2,2,2564,14.7182,14.690,1941
training/17-DSJC250.1.txt,150,0.25,0.10,0.70,50,2,3,2564,14.7232,14.690,1941
training/17-DSJC250.1.txt,150,0.25,0.10,0.70,50,2,4,2569,14.7149,14.690,1941
training/17-DSJC250.1.txt,150,0.25,0.10,0.70,100,2,0,2382,14.7185,14.690,1941
training/17-DSJC250.1.txt,150,0.25,0.10,0.70,100,2,1,2292,14.7393,14.690,1941
training/17-DSJC250.1.txt,150,0.25,0.10,0.70,100,2,2,2356,14.7358,14.690,1941
training/17-DSJC250.1.txt,150,0.25,0.10,0.70,100,2,3,2359,14.7227,14.690,1941
training/17-DSJC250.1.txt,150,0.25,0.10,0.70,100,2,4,2437,14.7351,14.690,1941
training/17-DSJC250.1.txt,150,0.25,0.10,0.80,50,1,0,2382,14.7418,14.690,1941
training/17-DSJC250.1.txt,150,0.25,0.10,0.80,50,1,1,2437,14.6938,14.690,1941
training/17-DSJC250.1.txt,150,0.25,0.10,0.80,50,1,2,2386,14.7363,14.690,1941
training/17-DSJC250.1.txt,150,0.25,0.10,0.80,50,1,3,2344,14.7021,14.690,1941
training/17-DSJC250.1.txt,150,0.25,0.10,0.80,50,1,4,2312,14.7174,14.690,1941
training/17-DSJC250.1.txt,150,0.25,0.10,0.80,100,1,0,2205,14.6954,14.690,1941
training/17-DSJC250.1.txt,150,0.25,0.10,0.80,100,1,1,2307,14.7007,14.690,1941
training/17-DSJC250.1.txt,150,0.25,0.10,0.80,100,1,2,2371,14.7175,14.690,1941
training/17-DSJC250.1.txt,150,0.25,0.10,0.80,100,1,3,2344,14.7058,14.690,1941
training/17-DSJC250.1.txt,150,0.25,0.10,0.80,100,1,4,2361,14.742,14.690,1941
training/17-DSJC250.1.txt,150,0.25,0.10,0.80,50,2,0,2424,14.7129,14.690,1941
training/17-DSJC250.1.txt,150,0.25,0.10,0.80,50,2,1,2413,14.7412,14.690,1941
training/17-DSJC250.1.txt,150,0.25,0.10,0.80,50,2,2,2269,14.7169,14.690,1941
training/17-DSJC250.1.txt,150,0.25,0.10,0.80,50,2,3,2384,14.7049,14.690,1941
training/17-DSJC250.1.txt,150,0.25,0.10,0.80,50,2,4,2505,14.7254,14.690,1941
training/17-DSJC250.1.txt,150,0.25,0.10,0.80,100,2,0,2205,14.7096,14.690,1941
training/17-DSJC250.1.txt,150,0.25,0.10,0.80,100,2,1,2278,14.7255,14.690,1941
training/17-DSJC250.1.txt,150,0.25,0.10,0.80,100,2,2,2324,14.7188,14.690,1941
training/17-DSJC250.1.txt,150,0.25,0.10,0.80,100,2,3,2332,14.7301,14.690,1941
training/17-DSJC250.1.txt,150,0.25,0.10,0.80,100,2,4,2365,14.7062,14.690,1941
training/17-DSJC250.1.txt,150,0.25,0.20,0.70,50,1,0,2516,14.6981,14.690,1941
training/17-DSJC250.1.txt,150,0.25,0.20,0.70,50,1,1,2549,14.7395,14.690,1941
training/17-DSJC250.1.txt,150,0.25,0.20,0.70,50,1,2,2549,14.7186,14.690,1941
training/17-DSJC250.1.txt,150,0.25,0.20,0.70,50,1,3,2617,14.7374,14.690,1941
training/17-DSJC250.1.txt,150,0.25,0.20,0.70,50,1,4,2614,14.7247,14.690,1941
training/17-DSJC250.1.txt,150,0.25,0.20,0.70,100,1,0,2527,14.7267,14.690,1941
training/17-DSJC250.1.txt,150,0.25,0.20,0.70,100,1,1,2610,14.7409,14.690,1941
training/17-DSJC250.1.txt,150,0.25,0.20,0.70,100,1,2,2628,14.7348,14.690,1941
training/17-DSJC250.1.txt,150,0.25,0.20,0.70,100,1,3,2576,14.7272,14.690,1941
training/17-DSJC250.1.txt,150,0.25,0.20,0.70,100,1,4,2557,14.7052,14.690,1941
training/17-DSJC250.1.txt,150,0.25,0.20,0.70,50,2,0,2612,14.7377,14.690,1941
training/17-DSJC250.1.txt,150,0.25,0.20,0.70,50,2,1,2600,14.7217,14.690,1941
training/17-DSJC250.1.txt,150,0.25,0.20,0.70,50,2,2,2577,14.7056,14.690,1941
training/17-DSJC250.1.txt,150,0.25,0.20,0.70,50,2,3,2610,14.7411,14.690,1941
training/17-DSJC250.1.txt,150,0.25,0.20,0.70,50,2,4,2652,14.7064,14.690,1941
training/17-DSJC250.1.txt,150,0.25,0.20,0.70,100,2,0,2482,14.7178,14.690,1941
training/17-DSJC250.1.txt,150,0.25,0.20,0.70,100,2,1,2594,14.7203,14.690,1941
training/17-DSJC250.1.txt,150,0.25,0.20,0.70,100,2,2,2587,14.7274,14.690,1941
training/17-DSJC250.1.txt,150,0.25,0.20,0.70,100,2,3,2576,14.7386,14.690,1941
training/17-DSJC250.1.txt,150,0.25,0.20,0.70,100,2,4,2563,14.7301,14.690,1941
training/17-DSJC250.1.txt,150,0.25,0.20,0.80,50,1,0,2375,14.7145,14.690,1941
training/17-DSJC250.1.txt,150,0.25,0.20,0.80,50,1,1,2372,14.7047,14.690,1941
training/17-DSJC250.1.txt,150,0.25,0.20,0.80,50,1,2,2475,14.7334,14.690,1941
training/17-DSJC250.1.txt,150,0.25,0.20,0.80,50,1,3,2534,14.7288,14.690,1941
training/17-DSJC250.1.txt,150,0.25,0.20,0.80,50,1,4,2562,14.7192,14.690,1941
training/17-DSJC250.1.txt,150,0.25,0.20,0.80,100,1,0,2346,14.714,14.690,1941
training/17-DSJC250.1.txt,150,0.25,0.20,0.80,100,1,1,2294,14.707,14.690,1941
training/17-DSJC250.1.txt,150,0.25,0.20,0.80,100,1,2,2326,14.7186,14.690,1941
training/17-DSJC250.1.txt,150,0.25,0.20,0.80,100,1,3,2234,14.714,14.690,1941
training/17-DSJC250.1.txt,150,0.25,0.20,0.80,100,1,4,2329,14.729,14.690,1941
training/17-DSJC250.1.txt,150,0.25,0.20,0.80,50,2,0,2459,14.7206,14.690,1941
training/17-DSJC250.1.txt,150,0.25,0.20,0.80,50,2,1,2586,14.7384,14.690,1941
training/17-DSJC250.1.txt,150,0.25,0.20,0.80,50,2,2,2459,14.7392,14.690,1941
training/17-DSJC250.1.txt,150,0.25,0.20,0.80,50,2,3,2447,14.7226,14.690,1941
training/17-DSJC250.1.txt,150,0.25,0.20,0.80,50,2,4,2336,14.7391,14.690,1941
training/17-DSJC250.1.txt,150,0.25,0.20,0.80,100,2,0,2360,14.7141,14.690,1941
training/17-DSJC250.1.txt,150,0.25,0.20,0.80,100,2,1,2294,14.7357,14.690,1941
training/17-DSJC250.1.txt,150,0.25,0.20,0.80,100,2,2,2326,14.741,14.690,1941
training/17-DSJC250.1.txt,150,0.25,0.20,0.80,100,2,3,2242,14.7232,14.690,1941
training/17-DSJC250.1.txt,150,0.25,0.20,0.80,100,2,4,2329,14.7282,14.690,1941
training/17-DSJC250.1.txt,200,0.20,0.10,0.70,50,1,0,2613,14.7121,14.690,1941
training/17-DSJC250.1.txt,200,0.20,0.10,0.70,50,1,1,2596,14.7644,14.690,1941
training/17-DSJC250.1.txt,200,0.20,0.10,0.70,50,1,2,2561,14.7299,14.690,1941
training/17-DSJC250.1.txt,200,0.20,0.10,0.70,50,1,3,2563,14.738,14.690,1941
training/17-DSJC250.1.txt,200,0.20,0.10,0.70,50,1,4,2557,14.7523,14.690,1941
training/17-DSJC250.1.txt,200,0.20,0.10,0.70,100,1,0,2609,14.7569,14.690,1941
training/17-DSJC250.1.txt,200,0.20,0.10,0.70,100,1,1,2554,14.7302,14.690,1941
training/17-DSJC250.1.txt,200,0.20,0.10,0.70,100,1,2,2452,14.728,14.690,1941
training/17-DSJC250.1.txt,200,0.20,0.10,0.70,100,1,3,2342,14.7129,14.690,1941
training/17-DSJC250.1.txt,200,0.20,0.10,0.70,100,1,4,2557,14.7002,14.690,1941
training/17-DSJC250.1.txt,200,0.20,0.10,0.70,50,2,0,2566,14.7391,14.690,1941
training/17-DSJC250.1.txt,200,0.20,0.10,0.70,50,2,1,2517,14.719,14.690,1941
training/17-DSJC250.1.txt,200,0.20,0.10,0.70,50,2,2,2561,14.754,14.690,1941
training/17-DSJC250.1.txt,200,0.20,0.10,0.70,50,2,3,2539,14.7204,14.690,1941
training/17-DSJC250.1.txt,200,0.20,0.10,0.70,50,2,4,2550,14.6938,14.690,1941
training/17-DSJC250.1.txt,200,0.20,0.10,0.70,100,2,0,2471,14.7073,14.690,1941
training/17-DSJC250.1.txt,200,0.20,0.10,0.70,100,2,1,2600,14.7194,14.690,1941
training/17-DSJC250.1.txt,200,0.20,0.10,0.70,100,2,2,2467,14.6991,14.690,1941
training/17-DSJC250.1.txt,200,0.20,0.10,0.70,100,2,3,2348,14.7435,14.690,1941
training/17-DSJC250.1.txt,200,0.20,0.10,0.70,100,2,4,2502,14.7412,14.690,1941
training/17-DSJC250.1.txt,200,0.20,0.10,0.80,50,1,0,2423,14.7549,14.690,1941
training/17-DSJC250.1.txt,200,0.20,0.10,0.80,50,1,1,2316,14.7123,14.690,1941
training/17-DSJC250.1.txt,200,0.20,0.10,0.80,50,1,2,2332,14.7019,14.690,1941
training/17-DSJC250.1.txt,200,0.20,0.10,0.80,50,1,3,2363,14.7096,14.690,1941
training/17-DSJC250.1.txt,200,0.20,0.10,0.80,50,1,4,2370,14.7624,14.690,1941
training/17-DSJC250.1.txt,200,0.20,0.10,0.80,100,1,0,2321,14.7639,14.690,1941
training/17-DSJC250.1.txt,200,0.20,0.10,0.80,100,1,1,2291,14.7447,14.690,1941
training/17-DSJC250.1.txt,200,0.20,0.10,0.80,100,1,2,2286,14.7597,14.690,1941
training/17-DSJC250.1.txt,200,0.20,0.10,0.80,100,1,3,2326,14.6986,14.690,1941
training/17-DSJC250.1.txt,200,0.20,0.10,0.80,100,1,4,2315,14.7311,14.690,1941
training/17-DSJC250.1.txt,200,0.20,0.10,0.80,50,2,0,2389,14.7359,14.690,1941
training/17-DSJC250.1.txt,200,0.20,0.10,0.80,50,2,1,2337,14.7454,14.690,1941
training/17-DSJC250.1.txt,200,0.20,0.10,0.80,50,2,2,2426,14.6955,14.690,1941
training/17-DSJC250.1.txt,200,0.20,0.10,0.80,50,2,3,2469,14.7191,14.690,1941
training/17-DSJC250.1.txt,200,0.20,0.10,0.80,50,2,4,2387,14.7611,14.690,1941
training/17-DSJC250.1.txt,200,0.20,0.10,0.80,100,2,0,2299,14.7549,14.690,1941
training/17-DSJC250.1.txt,200,0.20,0.10,0.80,100,2,1,2298,14.7441,14.690,1941
training/17-DSJC250.1.txt,200,0.20,0.10,0.80,100,2,2,2313,14.7111,14.690,1941
training/17-DSJC250.1.txt,200,0.20,0.10,0.80,100,2,3,2285,14.7476,14.690,1941
training/17-DSJC250.1.txt,200,0.20,0.10,0.80,100,2,4,2256,14.6932,14.690,1941
training/17-DSJC250.1.txt,200,0.20,0.20,0.70,50,1,0,2577,14.7062,14.690,1941
training/17-DSJC250.1.txt,200,0.20,0.20,0.70,50,1,1,2599,14.6977,14.690,1941
training/17-DSJC250.1.txt,200,0.20,0.20,0.70,50,1,2,2608,14.7337,14.690,1941
training/17-DSJC250.1.txt,200,0.20,0.20,0.70,50,1,3,2583,14.7098,14.690,1941
training/17-DSJC250.1.txt,200,0.20,0.20,0.70,50,1,4,2530,14.7556,14.690,1941
training/17-DSJC250.1.txt,200,0.20,0.20,0.70,100,1,0,2559,14.7376,14.690,1941
training/17-DSJC250.1.txt,200,0.20,0.20,0.70,100,1,1,2593,14.7259,14.690,1941
training/17-DSJC250.1.txt,200,0.20,0.20,0.70,100,1,2,2587,14.7319,14.690,1941
training/17-DSJC250.1.txt,200,0.20,0.20,0.70,100,1,3,2587,14.7007,14.690,1941
training/17-DSJC250.1.txt,200,0.20,0.20,0.70,100,1,4,2468,14.7315,14.690,1941
training/17-DSJC250.1.txt,200,0.20,0.20,0.70,50,2,0,2594,14.7616,14.690,1941
training/17-DSJC250.1.txt,200,0.20,0.20,0.70,50,2,1,2599,14.7005,14.690,1941
training/17-DSJC250.1.txt,200,0.20,0.20,0.70,50,2,2,2599,14.7519,14.690,1941
training/17-DSJC250.1.txt,200,0.20,0.20,0.70,50,2,3,2561,14.717,14.690,1941
training/17-DSJC250.1.txt,200,0.20,0.20,0.70,50,2,4,2573,14.7232,14.690,1941
training/17-DSJC250.1.txt,200,0.20,0.20,0.70,100,2,0,2559,14.7467,14.690,1941
training/17-DSJC250.1.txt,200,0.20,0.20,0.70,100,2,1,2621,14.7261,14.690,1941
training/17-DSJC250.1.txt,200,0.20,0.20,0.70,100,2,2,2587,14.7324,14.690,1941
training/17-DSJC250.1.txt,200,0.20,0.20,0.70,100,2,3,2587,14.7363,14.690,1941
training/17-DSJC250.1.txt,200,0.20,0.20,0.70,100,2,4,2591,14.7283,14.690,1941
training/17-DSJC250.1.txt,200,0.20,0.20,0.80,50,1,0,2382,14.7578,14.690,1941
training/17-DSJC250.1.txt,200,0.20,0.20,0.80,50,1,1,2477,14.7571,14.690,1941
training/17-DSJC250.1.txt,200,0.20,0.20,0.80,50,1,2,2335,14.7571,14.690,1941
training/17-DSJC250.1.txt,200,0.20,0.20,0.80,50,1,3,2380,14.7407,14.690,1941
training/17-DSJC250.1.txt,200,0.20,0.20,0.80,50,1,4,2443,14.709,14.690,1941
training/17-DSJC250.1.txt,200,0.20,0.20,0.80,100,1,0,2333,14.6997,14.690,1941
training/17-DSJC250.1.txt,200,0.20,0.20,0.80,100,1,1,2299,14.7202,14.690,1941
training/17-DSJC250.1.txt,200,0.20,0.20,0.80,100,1,2,2362,14.6953,14.690,1941
training/17-DSJC250.1.txt,200,0.20,0.20,0.80,100,1,3,2239,14.7301,14.690,1941
training/17-DSJC250.1.txt,200,0.20,0.20,0.80,100,1,4,2321,14.7564,14.690,1941
training/17-DSJC250.1.txt,200,0.20,0.20,0.80,50,2,0,2400,14.6932,14.690,1941
training/17-DSJC250.1.txt,200,0.20,0.20,0.80,50,2,1,2528,14.7308,14.690,1941
training/17-DSJC250.1.txt,200,0.20,0.20,0.80,50,2,2,2449,14.7526,14.690,1941
training/17-DSJC250.1.txt,200,0.20,0.20,0.80,50,2,3,2437,14.7423,14.690,1941
training/17-DSJC250.1.txt,200,0.20,0.20,0.80,50,2,4,2443,14.7365,14.690,1941
training/17-DSJC250.1.txt,200,0.20,0.20,0.80,100,2,0,2333,14.7313,14.690,1941
training/17-DSJC250.1.txt,200,0.20,0.20,0.80,100,2,1,2299,14.7083,14.690,1941
training/17-DSJC250.1.txt,200,0.20,0.20,0.80,100,2,2,2303,14.7421,14.690,1941
training/17-DSJC250.1.txt,200,0.20,0.20,0.80,100,2,3,2239,14.7292,14.690,1941
training/17-DSJC250.1.txt,200,0.20,0.20,0.80,100,2,4,2342,14.7262,14.690,1941
training/17-DSJC250.1.txt,200,0.25,0.10,0.70,50,1,0,2579,14.7595,14.690,1941
training/17-DSJC250.1.txt,200,0.25,0.10,0.70,50,1,1,2591,14.7297,14.690,1941
training/17-DSJC250.1.txt,200,0.25,0.10,0.70,50,1,2,2601,14.8516,14.690,1941
training/17-DSJC250.1.txt,200,0.25,0.10,0.70,50,1,3,2616,14.8459,14.690,1941
training/17-DSJC250.1.txt,200,0.25,0.10,0.70,50,1,4,2605,14.8513,14.690,1941
training/17-DSJC250.1.txt,200,0.25,0.10,0.70,100,1,0,2585,14.7392,14.690,1941
training/17-DSJC250.1.txt,200,0.25,0.10,0.70,100,1,1,2545,14.7001,14.690,1941
training/17-DSJC250.1.txt,200,0.25,0.10,0.70,100,1,2,2442,14.7262,14.690,1941
training/17-DSJC250.1.txt,200,0.25,0.10,0.70,100,1,3,2545,14.7414,14.690,1941
training/17-DSJC250.1.txt,200,0.25,0.10,0.70,100,1,4,2329,14.7045,14.690,1941
training/17-DSJC250.1.txt,200,0.25,0.10,0.70,50,2,0,2470,14.7403,14.690,1941
training/17-DSJC250.1.txt,200,0.25,0.10,0.70,50,2,1,2581,14.7285,14.690,1941
training/17-DSJC250.1.txt,200,0.25,0.10,0.70,50,2,2,2598,14.7031,14.690,1941
training/17-DSJC250.1.txt,200,0.25,0.10,0.70,50,2,3,2572,14.6999,14.690,1941
training/17-DSJC250.1.txt,200,0.25,0.10,0.70,50,2,4,2608,14.7518,14.690,1941
training/17-DSJC250.1.txt,200,0.25,0.10,0.70,100,2,0,2601,14.6966,14.690,1941
training/17-DSJC250.1.txt,200,0.25,0.10,0.70,100,2,1,2561,14.7581,14.690,1941
training/17-DSJC250.1.txt,200,0.25,0.10,0.70,100,2,2,2497,14.7228,14.690,1941
training/17-DSJC250.1.txt,200,0.25,0.10,0.70,100,2,3,2545,14.7185,14.690,1941
training/17-DSJC250.1.txt,200,0.25,0.10,0.70,100,2,4,2441,14.701,14.690,1941
training/17-DSJC250.1.txt,200,0.25,0.10,0.80,50,1,0,2423,14.7047,14.690,1941
training/17-DSJC250.1.txt,200,0.25,0.10,0.80,50,1,1,2362,14.8543,14.690,1941
training/17-DSJC250.1.txt,200,0.25,0.10,0.80,50,1,2,2410,14.8058,14.690,1941
training/17-DSJC250.1.txt,200,0.25,0.10,0.80,50,1,3,2422,14.7026,14.690,1941
training/17-DSJC250.1.txt,200,0.25,0.10,0.80,50,1,4,2319,14.692,14.690,1941
training/17-DSJC250.1.txt,200,0.25,0.10,0.80,100,1,0,2374,14.7199,14.690,1941
training/17-DSJC250.1.txt,200,0.25,0.10,0.80,100,1,1,2383,14.7479,14.690,1941
training/17-DSJC250.1.txt,200,0.25,0.10,0.80,100,1,2,2259,14.715,14.690,1941
training/17-DSJC250.1.txt,200,0.25,0.10,0.80,100,1,3,2318,14.7186,14.690,1941
training/17-DSJC250.1.txt,200,0.25,0.10,0.80,100,1,4,2259,14.699,14.690,1941
training/17-DSJC250.1.txt,200,0.25,0.10,0.80,50,2,0,2358,14.7564,14.690,1941
training/17-DSJC250.1.txt,200,0.25,0.10,0.80,50,2,1,2514,14.7558,14.690,1941
training/17-DSJC250.1.txt,200,0.25,0.10,0.80,50,2,2,2407,14.6927,14.690,1941
training/17-DSJC250.1.txt,200,0.25,0.10,0.80,50,2,3,2484,14.7208,14.690,1941
training/17-DSJC250.1.txt,200,0.25,0.10,0.80,50,2,4,2358,14.7043,14.690,1941
training/17-DSJC250.1.txt,200,0.25,0.10,0.80,100,2,0,2374,14.7473,14.690,1941
training/17-DSJC250.1.txt,200,0.25,0.10,0.80,100,2,1,2385,14.736,14.690,1941
training/17-DSJC250.1.txt,200,0.25,0.10,0.80,100,2,2,2249,14.7182,14.690,1941
training/17-DSJC250.1.txt,200,0.25,0.10,0.80,100,2,3,2272,14.7353,14.690,1941
training/17-DSJC250.1.txt,200,0.25,0.10,0.80,100,2,4,2316,14.7316,14.690,1941
training/17-DSJC250.1.txt,200,0.25,0.20,0.70,50,1,0,2617,14.7354,14.690,1941
training/17-DSJC250.1.txt,200,0.25,0.20,0.70,50,1,1,2605,14.7066,14.690,1941
training/17-DSJC250.1.txt,200,0.25,0.20,0.70,50,1,2,2566,14.8361,14.690,1941
training/17-DSJC250.1.txt,200,0.25,0.20,0.70,50,1,3,2620,14.699,14.690,1941
training/17-DSJC250.1.txt,200,0.25,0.20,0.70,50,1,4,2555,14.719,14.690,1941
training/17-DSJC250.1.txt,200,0.25,0.20,0.70,100,1,0,2633,14.7404,14.690,1941
training/17-DSJC250.1.txt,200,0.25,0.20,0.70,100,1,1,2550,14.7374,14.690,1941
training/17-DSJC250.1.txt,200,0.25,0.20,0.70,100,1,2,2542,14.7342,14.690,1941
training/17-DSJC250.1.txt,200,0.25,0.20,0.70,100,1,3,2574,14.7493,14.690,1941
training/17-DSJC250.1.txt,200,0.25,0.20,0.70,100,1,4,2595,14.7142,14.690,1941
training/17-DSJC250.1.txt,200,0.25,0.20,0.70,50,2,0,2577,14.7184,14.690,1941
training/17-DSJC250.1.txt,200,0.25,0.20,0.70,50,2,1,2605,14.7382,14.690,1941
training/17-DSJC250.1.txt,200,0.25,0.20,0.70,50,2,2,2588,14.7155,14.690,1941
training/17-DSJC250.1.txt,200,0.25,0.20,0.70,50,2,3,2621,14.706,14.690,1941
training/17-DSJC250.1.txt,200,0.25,0.20,0.70,50,2,4,2564,14.7209,14.690,1941
training/17-DSJC250.1.txt,200,0.25,0.20,0.70,100,2,0,2623,14.7599,14.690,1941
training/17-DSJC250.1.txt,200,0.25,0.20,0.70,100,2,1,2550,14.7084,14.690,1941
training/17-DSJC250.1.txt,200,0.25,0.20,0.70,100,2,2,2542,14.748,14.690,1941
training/17-DSJC250.1.txt,200,0.25,0.20,0.70,100,2,3,2581,14.7583,14.690,1941
training/17-DSJC250.1.txt,200,0.25,0.20,0.70,100,2,4,2575,14.7602,14.690,1941
training/17-DSJC250.1.txt,200,0.25,0.20,0.80,50,1,0,2532,14.8256,14.690,1941
training/17-DSJC250.1.txt,200,0.25,0.20,0.80,50,1,1,2443,14.7423,14.690,1941
training/17-DSJC250.1.txt,200,0.25,0.20,0.80,50,1,2,2550,14.8444,14.690,1941
training/17-DSJC250.1.txt,200,0.25,0.20,0.80,50,1,3,2488,14.801,14.690,1941
training/17-DSJC250.1.txt,200,0.25,0.20,0.80,50,1,4,2458,14.8332,14.690,1941
training/17-DSJC250.1.txt,200,0.25,0.20,0.80,100,1,0,2323,14.7327,14.690,1941
training/17-DSJC250.1.txt,200,0.25,0.20,0.80,100,1,1,2340,14.7309,14.690,1941
training/17-DSJC250.1.txt,200,0.25,0.20,0.80,100,1,2,2414,14.7024,14.690,1941
training/17-DSJC250.1.txt,200,0.25,0.20,0.80,100,1,3,2377,14.7116,14.690,1941
training/17-DSJC250.1.txt,200,0.25,0.20,0.80,100,1,4,2239,14.7018,14.690,1941
training/17-DSJC250.1.txt,200,0.25,0.20,0.80,50,2,0,2532,14.701,14.690,1941
training/17-DSJC250.1.txt,200,0.25,0.20,0.80,50,2,1,2566,14.7034,14.690,1941
training/17-DSJC250.1.txt,200,0.25,0.20,0.80,50,2,2,2531,14.7002,14.690,1941
training/17-DSJC250.1.txt,200,0.25,0.20,0.80,50,2,3,2500,14.7347,14.690,1941
training/17-DSJC250.1.txt,200,0.25,0.20,0.80,50,2,4,2391,14.7453,14.690,1941
training/17-DSJC250.1.txt,200,0.25,0.20,0.80,100,2,0,2364,14.7069,14.690,1941
training/17-DSJC250.1.txt,200,0.25,0.20,0.80,100,2,1,2362,14.7137,14.690,1941
training/17-DSJC250.1.txt,200,0.25,0.20,0.80,100,2,2,2345,14.7016,14.690,1941
training/17-DSJC250.1.txt,200,0.25,0.20,0.80,100,2,3,2437,14.7416,14.690,1941
training/17-DSJC250.1.txt,200,0.25,0.20,0.80,100,2,4,2239,14.7592,14.690,1941
training/18-DSJC500.1.txt,100,0.20,0.10,0.70,50,1,0,7557,90.1399,89.926,5848
training/18-DSJC500.1.txt,100,0.20,0.10,0.70,50,1,1,7510,89.9886,89.926,5848
training/18-DSJC500.1.txt,100,0.20,0.10,0.70,50,1,2,7601,89.9708,89.926,5848
training/18-DSJC500.1.txt,100,0.20,0.10,0.70,50,1,3,7620,89.9343,89.926,5848
training/18-DSJC500.1.txt,100,0.20,0.10,0.70,50,1,4,7594,90.0638,89.926,5848
training/18-DSJC500.1.txt,100,0.20,0.10,0.70,100,1,0,7371,90.0766,89.926,5848
training/18-DSJC500.1.txt,100,0.20,0.10,0.70,100,1,1,7138,90.0854,89.926,5848
training/18-DSJC500.1.txt,100,0.20,0.10,0.70,100,1,2,7558,90.0407,89.926,5848
training/18-DSJC500.1.txt,100,0.20,0.10,0.70,100,1,3,7529,90.0715,89.926,5848
training/18-DSJC500.1.txt,100,0.20,0.10,0.70,100,1,4,7193,89.9831,89.926,5848
training/18-DSJC500.1.txt,100,0.20,0.10,0.70,50,2,0,7560,89.9525,89.926,5848
training/18-DSJC500.1.txt,100,0.20,0.10,0.70,50,2,1,7517,90.0928,89.926,5848
training/18-DSJC500.1.txt,100,0.20,0.10,0.70,50,2,2,7626,90.0577,89.926,5848
training/18-DSJC500.1.txt,100,0.20,0.10,0.70,50,2,3,7477,90.1438,89.926,5848
training/18-DSJC500.1.txt,100,0.20,0.10,0.70,50,2,4,7483,90.0873,89.926,5848
training/18-DSJC500.1.txt,100,0.20,0.10,0.70,100,2,0,7624,90.0849,89.926,5848
training/18-DSJC500.1.txt,100,0.20,0.10,0.70,100,2,1,7458,89.9746,89.926,5848
training/18-DSJC500.1.txt,100,0.20,0.10,0.70,100,2,2,7580,90.0397,89.926,5848
training/18-DSJC500.1.txt,100,0.20,0.10,0.70,100,2,3,7310,89.9915,89.926,5848
training/18-DSJC500.1.txt,100,0.20,0.10,0.70,100,2,4,7514,90.1524,89.926,5848
training/18-DSJC500.1.txt,100,0.20,0.10,0.80,50,1,0,7255,90.1103,89.926,5848
training/18-DSJC500.1.txt,100,0.20,0.10,0.80,50,1,1,7297,90.0415,89.926,5848
training/18-DSJC500.1.txt,100,0.20,0.10,0.80,50,1,2,7316,90.1222,89.926,5848
training/18-DSJC500.1.txt,100,0.20,0.10,0.80,50,1,3,7331,89.9731,89.926,5848
training/18-DSJC500.1.txt,100,0.20,0.10,0.80,50,1,4,7217,90.1275,89.926,5848
training/18-DSJC500.1.txt,100,0.20,0.10,0.80,100,1,0,6863,89.9894,89.926,5848
training/18-DSJC500.1.txt,100,0.20,0.10,0.80,100,1,1,7217,90.0263,89.926,5848
training/18-DSJC500.1.txt,100,0.20,0.10,0.80,100,1,2,7190,90.0323,89.926,5848
training/18-DSJC500.1.txt,100,0.20,0.10,0.80,100,1,3,7216,90.0968,89.926,5848
training/18-DSJC500.1.txt,100,0.20,0.10,0.80,100,1,4,7199,89.9515,89.926,5848
training/18-DSJC500.1.txt,100,0.20,0.10,0.80,50,2,0,7161,90.072,89.926,5848
training/18-DSJC500.1.txt,100,0.20,0.10,0.80,50,2,1,7297,90.125,89.926,5848
training/18-DSJC500.1.txt,100,0.20,0.10,0.80,50,2,2,7327,90.0638,89.926,5848
training/18-DSJC500.1.txt,100,0.20,0.10,0.80,50,2,3,7355,90.0942,89.926,5848
training/18-DSJC500.1.txt,100,0.20,0.10,0.80,50,2,4,7235,90.1265,89.926,5848
training/18-DSJC500.1.txt,100,0.20,0.10,0.80,100,2,0,6863,90.1073,89.926,5848
training/18-DSJC500.1.txt,100,0.20,0.10,0.80,100,2,1,7217,90.1073,89.926,5848
training/18-DSJC500.1.txt,100,0.20,0.10,0.80,100,2,2,7146,90.0262,89.926,5848
training/18-DSJC500.1.txt,100,0.20,0.10,0.80,100,2,3,7167,89.979,89.926,5848
training/18-DSJC500.1.txt,100,0.20,0.10,0.80,100,2,4,7159,90.0333,89.926,5848
training/18-DSJC500.1.txt,100,0.20,0.20,0.70,50,1,0,7604,90.0115,89.926,5848
training/18-DSJC500.1.txt,100,0.20,0.20,0.70,50,1,1,7619,89.9797,89.926,5848
training/18-DSJC500.1.txt,100,0.20,0.20,0.70,50,1,2,7607,90.0042,89.926,5848
training/18-DSJC500.1.txt,100,0.20,0.20,0.70,50,1,3,7543,89.9909,89.926,5848
training/18-DSJC500.1.txt,100,0.20,0.20,0.70,50,1,4,7597,91.9768,89.926,5848
training/18-DSJC500.1.txt,100,0.20,0.20,0.70,100,1,0,7624,90.1306,89.926,5848
training/18-DSJC500.1.txt,100,0.20,0.20,0.70,100,1,1,7408,90.0227,89.926,5848
training/18-DSJC500.1.txt,100,0.20,0.20,0.70,100,1,2,7619,89.9439,89.926,5848
training/18-DSJC500.1.txt,100,0.20,0.20,0.70,100,1,3,7543,90.0475,89.926,5848
training/18-DSJC500.1.txt,100,0.20,0.20,0.70,100,1,4,7583,89.976,89.926,5848
training/18-DSJC500.1.txt,100,0.20,0.20,0.70,50,2,0,7657,90.0229,89.926,5848
training/18-DSJC500.1.txt,100,0.20,0.20,0.70,50,2,1,7619,89.9902,89.926,5848
training/18-DSJC500.1.txt,100,0.20,0.20,0.70,50,2,2,7543,90.0533,89.926,5848
training/18-DSJC500.1.txt,100,0.20,0.20,0.70,50,2,3,7543,90.1279,89.926,5848
training/18-DSJC500.1.txt,100,0.20,0.20,0.70,50,2,4,7579,90.1266,89.926,5848
training/18-DSJC500.1.txt,100,0.20,0.20,0.70,100,2,0,7562,90.0979,89.926,5848
training/18-DSJC500.1.txt,100,0.20,0.20,0.70,100,2,1,7561,89.9468,89.926,5848
training/18-DSJC500.1.txt,100,0.20,0.20,0.70,100,2,2,7619,90.0404,89.926,5848
training/18-DSJC500.1.txt,100,0.20,0.20,0.70,100,2,3,7543,89.9811,89.926,5848
training/18-DSJC500.1.txt,100,0.20,0.20,0.70,100,2,4,7583,89.9859,89.926,5848
training/18-DSJC500.1.txt,100,0.20,0.20,0.80,50,1,0,7458,89.9337,89.926,5848
training/18-DSJC500.1.txt,100,0.20,0.20,0.80,50,1,1,7561,89.939,89.926,5848
training/18-DSJC500.1.txt,100,0.20,0.20,0.80,50,1,2,7309,90.0921,89.926,5848
training/18-DSJC500.1.txt,100,0.20,0.20,0.80,50,1,3,7322,90.0102,89.926,5848
training/18-DSJC500.1.txt,100,0.20,0.20,0.80,50,1,4,7540,90.126,89.926,5848
training/18-DSJC500.1.txt,100,0.20,0.20,0.80,100,1,0,7189,90.0322,89.926,5848
training/18-DSJC500.1.txt,100,0.20,0.20,0.80,100,1,1,7150,90.0052,89.926,5848
training/18-DSJC500.1.txt,100,0.20,0.20,0.80,100,1,2,7249,90.1317,89.926,5848
training/18-DSJC500.1.txt,100,0.20,0.20,0.80,100,1,3,7204,90.1391,89.926,5848
training/18-DSJC500.1.txt,100,0.20,0.20,0.80,100,1,4,7340,90.114,89.926,5848
training/18-DSJC500.1.txt,100,0.20,0.20,0.80,50,2,0,7591,89.968,89.926,5848
training/18-DSJC500.1.txt,100,0.20,0.20,0.80,50,2,1,7592,90.0408,89.926,5848
training/18-DSJC500.1.txt,100,0.20,0.20,0.80,50,2,2,7400,89.9543,89.926,5848
training/18-DSJC500.1.txt,100,0.20,0.20,0.80,50,2,3,7562,89.9768,89.926,5848
training/18-DSJC500.1.txt,100,0.20,0.20,0.80,50,2,4,7441,89.9654,89.926,5848
training/18-DSJC500.1.txt,100,0.20,0.20,0.80,100,2,0,7263,90.0253,89.926,5848
training/18-DSJC500.1.txt,100,0.20,0.20,0.80,100,2,1,7329,90.0671,89.926,5848
training/18-DSJC500.1.txt,100,0.20,0.20,0.80,100,2,2,7249,90.1464,89.926,5848
training/18-DSJC500.1.txt,100,0.20,0.20,0.80,100,2,3,7209,89.9702,89.926,5848
training/18-DSJC500.1.txt,100,0.20,0.20,0.80,100,2,4,7107,90.0932,89.926,5848
training/18-DSJC500.1.txt,100,0.25,0.10,0.70,50,1,0,7622,90.0503,89.926,5848
training/18-DSJC500.1.txt,100,0.25,0.10,0.70,50,1,1,7658,90.0423,89.926,5848
training/18-DSJC500.1.txt,100,0.25,0.10,0.70,50,1,2,7588,90.0934,89.926,5848
training/18-DSJC500.1.txt,100,0.25,0.10,0.70,50,1,3,7598,89.9985,89.926,5848
training/18-DSJC500.1.txt,100,0.25,0.10,0.70,50,1,4,7663,90.2077,89.926,5848
training/18-DSJC500.1.txt,100,0.25,0.10,0.70,100,1,0,7458,90.14,89.926,5848
training/18-DSJC500.1.txt,100,0.25,0.10,0.70,100,1,1,7598,90.0894,89.926,5848
training/18-DSJC500.1.txt,100,0.25,0.10,0.70,100,1,2,7621,90.0493,89.926,5848
training/18-DSJC500.1.txt,100,0.25,0.10,0.70,100,1,3,7554,89.9816,89.926,5848
training/18-DSJC500.1.txt,100,0.25,0.10,0.70,100,1,4,7475,89.9608,89.926,5848
training/18-DSJC500.1.txt,100,0.25,0.10,0.70,50,2,0,7540,90.0018,89.926,5848
training/18-DSJC500.1.txt,100,0.25,0.10,0.70,50,2,1,7611,90.0221,89.926,5848
training/18-DSJC500.1.txt,100,0.25,0.10,0.70,50,2,2,7639,90.0714,89.926,5848
training/18-DSJC500.1.txt,100,0.25,0.10,0.70,50,2,3,7621,89.9403,89.926,5848
training/18-DSJC500.1.txt,100,0.25,0.10,0.70,50,2,4,7616,90.0874,89.926,5848
training/18-DSJC500.1.txt,100,0.25,0.10,0.70,100,2,0,7301,90.1373,89.926,5848
training/18-DSJC500.1.txt,100,0.25,0.10,0.70,100,2,1,7431,89.9567,89.926,5848
training/18-DSJC500.1.txt,100,0.25,0.10,0.70,100,2,2,7612,90.3959,89.926,5848
training/18-DSJC500.1.txt,100,0.25,0.10,0.70,100,2,3,7602,89.9952,89.926,5848
training/18-DSJC500.1.txt,100,0.25,0.10,0.70,100,2,4,7524,90.0849,89.926,5848
training/18-DSJC500.1.txt,100,0.25,0.10,0.80,50,1,0,7504,90.0965,89.926,5848
training/18-DSJC500.1.txt,100,0.25,0.10,0.80,50,1,1,7482,90.0256,89.926,5848
training/18-DSJC500.1.txt,100,0.25,0.10,0.80,50,1,2,7238,90.0038,89.926,5848
training/18-DSJC500.1.txt,100,0.25,0.10,0.80,50,1,3,7409,90.1182,89.926,5848
training/18-DSJC500.1.txt,100,0.25,0.10,0.80,50,1,4,7402,89.9816,89.926,5848
training/18-DSJC500.1.txt,100,0.25,0.10,0.80,100,1,0,7146,90.0494,89.926,5848
training/18-DSJC500.1.txt,100,0.25,0.10,0.80,100,1,1,7261,90.136,89.926,5848
training/18-DSJC500.1.txt,100,0.25,0.10,0.80,100,1,2,7084,89.9927,89.926,5848
training/18-DSJC500.1.txt,100,0.25,0.10,0.80,100,1,3,7305,89.9824,89.926,5848
training/18-DSJC500.1.txt,100,0.25,0.10,0.80,100,1,4,7208,89.961,89.926,5848
training/18-DSJC500.1.txt,100,0.25,0.10,0.80,50,2,0,7274,90.1022,89.926,5848
training/18-DSJC500.1.txt,100,0.25,0.10,0.80,50,2,1,7471,89.9584,89.926,5848
training/18-DSJC500.1.txt,100,0.25,0.10,0.80,50,2,2,7238,90.1297,89.926,5848
training/18-DSJC500.1.txt,100,0.25,0.10,0.80,50,2,3,7280,89.9856,89.926,5848
training/18-DSJC500.1.txt,100,0.25,0.10,0.80,50,2,4,7272,90.0044,89.926,5848
training/18-DSJC500.1.txt,100,0.25,0.10,0.80,100,2,0,7127,90.0268,89.926,5848
training/18-DSJC500.1.txt,100,0.25,0.10,0.80,100,2,1,7261,90.0573,89.926,5848
training/18-DSJC500.1.txt,100,0.25,0.10,0.80,100,2,2,7084,89.9882,89.926,5848
training/18-DSJC500.1.txt,100,0.25,0.10,0.80,100,2,3,7214,90.106,89.926,5848
training/18-DSJC500.1.txt,100,0.25,0.10,0.80,100,2,4,7208,90.1119,89.926,5848
training/18-DSJC500.1.txt,100,0.25,0.20,0.70,50,1,0,7602,90.1178,89.926,5848
training/18-DSJC500.1.txt,100,0.25,0.20,0.70,50,1,1,7638,90.049,89.926,5848
training/18-DSJC500.1.txt,100,0.25,0.20,0.70,50,1,2,7580,90.1838,89.926,5848
training/18-DSJC500.1.txt,100,0.25,0.20,0.70,50,1,3,7608,89.9829,89.926,5848
training/18-DSJC500.1.txt,100,0.25,0.20,0.70,50,1,4,7554,90.1164,89.926,5848
training/18-DSJC500.1.txt,100,0.25,0.20,0.70,100,1,0,7660,90.0111,89.926,5848
training/18-DSJC500.1.txt,100,0.25,0.20,0.70,100,1,1,7578,90.1079,89.926,5848
training/18-DSJC500.1.txt,100,0.25,0.20,0.70,100,1,2,7629,89.9337,89.926,5848
training/18-DSJC500.1.txt,100,0.25,0.20,0.70,100,1,3,7667,89.9808,89.926,5848
training/18-DSJC500.1.txt,100,0.25,0.20,0.70,100,1,4,7601,90.0086,89.926,5848
training/18-DSJC500.1.txt,100,0.25,0.20,0.70,50,2,0,7569,89.93,89.926,5848
training/18-DSJC500.1.txt,100,0.25,0.20,0.70,50,2,1,7623,90.0455,89.926,5848
training/18-DSJC500.1.txt,100,0.25,0.20,0.70,50,2,2,7544,90.1269,89.926,5848
training/18-DSJC500.1.txt,100,0.25,0.20,0.70,50,2,3,7594,90.0032,89.926,5848
training/18-DSJC500.1.txt,100,0.25,0.20,0.70,50,2,4,7631,89.9466,89.926,5848
training/18-DSJC500.1.txt,100,0.25,0.20,0.70,100,2,0,7594,90.0853,89.926,5848
training/18-DSJC500.1.txt,100,0.25,0.20,0.70,100,2,1,7634,90.0282,89.926,5848
training/18-DSJC500.1.txt,100,0.25,0.20,0.70,100,2,2,7640,90.0329,89.926,5848
training/18-DSJC500.1.txt,100,0.25,0.20,0.70,100,2,3,7601,90.001,89.926,5848
training/18-DSJC500.1.txt,100,0.25,0.20,0.70,100,2,4,7614,90.0507,89.926,5848
training/18-DSJC500.1.txt,100,0.25,0.20,0.80,50,1,0,7597,90.0672,89.926,5848
training/18-DSJC500.1.txt,100,0.25,0.20,0.80,50,1,1,7616,89.9311,89.926,5848
training/18-DSJC500.1.txt,100,0.25,0.20,0.80,50,1,2,7614,90.1626,89.926,5848
training/18-DSJC500.1.txt,100,0.25,0.20,0.80,50,1,3,7531,90.1729,89.926,5848
training/18-DSJC500.1.txt,100,0.25,0.20,0.80,50,1,4,7505,90.0632,89.926,5848
training/18-DSJC500.1.txt,100,0.25,0.20,0.80,100,1,0,7177,90.0918,89.926,5848
training/18-DSJC500.1.txt,100,0.25,0.20,0.80,100,1,1,7175,89.9381,89.926,5848
training/18-DSJC500.1.txt,100,0.25,0.20,0.80,100,1,2,7112,90.0793,89.926,5848
training/18-DSJC500.1.txt,100,0.25,0.20,0.80,100,1,3,7343,90.0258,89.926,5848
training/18-DSJC500.1.txt,100,0.25,0.20,0.80,100,1,4,7288,90.0237,89.926,5848
training/18-DSJC500.1.txt,100,0.25,0.20,0.80,50,2,0,7585,89.9993,89.926,5848
training/18-DSJC500.1.txt,100,0.25,0.20,0.80,50,2,1,7585,90.124,89.926,5848
training/18-DSJC500.1.txt,100,0.25,0.20,0.80,50,2,2,7581,89.9741,89.926,5848
training/18-DSJC500.1.txt,100,0.25,0.20,0.80,50,2,3,7125,90.0063,89.926,5848
training/18-DSJC500.1.txt,100,0.25,0.20,0.80,50,2,4,7618,90.1363,89.926,5848
training/18-DSJC500.1.txt,100,0.25,0.20,0.80,100,2,0,7473,90.0938,89.926,5848
training/18-DSJC500.1.txt,100,0.25,0.20,0.80,100,2,1,7508,89.9899,89.926,5848
training/18-DSJC500.1.txt,100,0.25,0.20,0.80,100,2,2,7530,90.0706,89.926,5848
training/18-DSJC500.1.txt,100,0.25,0.20,0.80,100,2,3,7417,89.9681,89.926,5848
training/18-DSJC500.1.txt,100,0.25,0.20,0.80,100,2,4,7133,90.0096,89.926,5848
training/18-DSJC500.1.txt,150,0.20,0.10,0.70,50,1,0,7610,89.9388,89.926,5848
training/18-DSJC500.1.txt,150,0.20,0.10,0.70,50,1,1,7571,89.9736,89.926,5848
training/18-DSJC500.1.txt,150,0.20,0.10,0.70,50,1,2,7562,90.0223,89.926,5848
training/18-DSJC500.1.txt,150,0.20,0.10,0.70,50,1,3,7611,90.0554,89.926,5848
training/18-DSJC500.1.txt,150,0.20,0.10,0.70,50,1,4,7601,90.0334,89.926,5848
training/18-DSJC500.1.txt,150,0.20,0.10,0.70,100,1,0,7569,90.047,89.926,5848
training/18-DSJC500.1.txt,150,0.20,0.10,0.70,100,1,1,7547,90.0642,89.926,5848
training/18-DSJC500.1.txt,150,0.20,0.10,0.70,100,1,2,7571,89.9779,89.926,5848
training/18-DSJC500.1.txt,150,0.20,0.10,0.70,100,1,3,7581,90.0148,89.926,5848
training/18-DSJC500.1.txt,150,0.20,0.10,0.70,100,1,4,7524,90.2167,89.926,5848
training/18-DSJC500.1.txt,150,0.20,0.10,0.70,50,2,0,7610,89.9997,89.926,5848
training/18-DSJC500.1.txt,150,0.20,0.10,0.70,50,2,1,7566,90.2012,89.926,5848
training/18-DSJC500.1.txt,150,0.20,0.10,0.70,50,2,2,7595,89.9897,89.926,5848
training/18-DSJC500.1.txt,150,0.20,0.10,0.70,50,2,3,7612,90.0678,89.926,5848
training/18-DSJC500.1.txt,150,0.20,0.10,0.70,50,2,4,7588,90.2595,89.926,5848
training/18-DSJC500.1.txt,150,0.20,0.10,0.70,100,2,0,7610,90.0789,89.926,5848
training/18-DSJC500.1.txt,150,0.20,0.10,0.70,100,2,1,7555,90.0268,89.926,5848
training/18-DSJC500.1.txt,150,0.20,0.10,0.70,100,2,2,7582,89.9771,89.926,5848
training/18-DSJC500.1.txt,150,0.20,0.10,0.70,100,2,3,7609,90.2882,89.926,5848
training/18-DSJC500.1.txt,150,0.20,0.10,0.70,100,2,4,7524,89.9456,89.926,5848
training/18-DSJC500.1.txt,150,0.20,0.10,0.80,50,1,0,7565,90.1828,89.926,5848
training/18-DSJC500.1.txt,150,0.20,0.10,0.80,50,1,1,7321,89.946,89.926,5848
training/18-DSJC500.1.txt,150,0.20,0.10,0.80,50,1,2,7361,90.0029,89.926,5848
training/18-DSJC500.1.txt,150,0.20,0.10,0.80,50,1,3,7222,90.0764,89.926,5848
training/18-DSJC500.1.txt,150,0.20,0.10,0.80,50,1,4,7330,90.2199,89.926,5848
training/18-DSJC500.1.txt,150,0.20,0.10,0.80,100,1,0,7298,90.0061,89.926,5848
training/18-DSJC500.1.txt,150,0.20,0.10,0.80,100,1,1,7164,90.2862,89.926,5848
training/18-DSJC500.1.txt,150,0.20,0.10,0.80,100,1,2,7100,90.0208,89.926,5848
training/18-DSJC500.1.txt,150,0.20,0.10,0.80,100,1,3,7229,90.2153,89.926,5848
training/18-DSJC500.1.txt,150,0.20,0.10,0.80,100,1,4,7245,90.225,89.926,5848
training/18-DSJC500.1.txt,150,0.20,0.10,0.80,50,2,0,7275,90.1576,89.926,5848
training/18-DSJC500.1.txt,150,0.20,0.10,0.80,50,2,1,7368,89.9413,89.926,5848
training/18-DSJC500.1.txt,150,0.20,0.10,0.80,50,2,2,7486,90.1896,89.926,5848
training/18-DSJC500.1.txt,150,0.20,0.10,0.80,50,2,3,7276,90.1152,89.926,5848
training/18-DSJC500.1.txt,150,0.20,0.10,0.80,50,2,4,7340,90.1837,89.926,5848
training/18-DSJC500.1.txt,150,0.20,0.10,0.80,100,2,0,7298,90.2642,89.926,5848
training/18-DSJC500.1.txt,150,0.20,0.10,0.80,100,2,1,7164,89.9649,89.926,5848
training/18-DSJC500.1.txt,150,0.20,0.10,0.80,100,2,2,7009,90.0574,89.926,5848
training/18-DSJC500.1.txt,150,0.20,0.10,0.80,100,2,3,7250,89.9686,89.926,5848
training/18-DSJC500.1.txt,150,0.20,0.10,0.80,100,2,4,7181,90.2796,89.926,5848
training/18-DSJC500.1.txt,150,0.20,0.20,0.70,50,1,0,7506,90.2194,89.926,5848
training/18-DSJC500.1.txt,150,0.20,0.20,0.70,50,1,1,7601,90.1825,89.926,5848
training/18-DSJC500.1.txt,150,0.20,0.20,0.70,50,1,2,7618,90.1308,89.926,5848
training/18-DSJC500.1.txt,150,0.20,0.20,0.70,50,1,3,7574,90.0007,89.926,5848
training/18-DSJC500.1.txt,150,0.20,0.20,0.70,50,1,4,7561,90.2512,89.926,5848
training/18-DSJC500.1.txt,150,0.20,0.20,0.70,100,1,0,7611,89.9347,89.926,5848
training/18-DSJC500.1.txt,150,0.20,0.20,0.70,100,1,1,7549,90.008,89.926,5848
training/18-DSJC500.1.txt,150,0.20,0.20,0.70,100,1,2,7573,90.1505,89.926,5848
training/18-DSJC500.1.txt,150,0.20,0.20,0.70,100,1,3,7517,90.2822,89.926,5848
training/18-DSJC500.1.txt,150,0.20,0.20,0.70,100,1,4,7561,90.252,89.926,5848
training/18-DSJC500.1.txt,150,0.20,0.20,0.70,50,2,0,7578,89.9707,89.926,5848
training/18-DSJC500.1.txt,150,0.20,0.20,0.70,50,2,1,7586,90.1611,89.926,5848
training/18-DSJC500.1.txt,150,0.20,0.20,0.70,50,2,2,7622,89.9307,89.926,5848
training/18-DSJC500.1.txt,150,0.20,0.20,0.70,50,2,3,7558,89.9385,89.926,5848
training/18-DSJC500.1.txt,150,0.20,0.20,0.70,50,2,4,7561,90.0201,89.926,5848
training/18-DSJC500.1.txt,150,0.20,0.20,0.70,100,2,0,7611,89.9513,89.926,5848
training/18-DSJC500.1.txt,150,0.20,0.20,0.70,100,2,1,7549,90.2677,89.926,5848
training/18-DSJC500.1.txt,150,0.20,0.20,0.70,100,2,2,7573,90.2156,89.926,5848
training/18-DSJC500.1.txt,150,0.20,0.20,0.70,100,2,3,7517,90.0078,89.926,5848
training/18-DSJC500.1.txt,150,0.20,0.20,0.70,100,2,4,7561,89.9868,89.926,5848
training/18-DSJC500.1.txt,150,0.20,0.20,0.80,50,1,0,7506,90.0698,89.926,5848
training/18-DSJC500.1.txt,150,0.20,0.20,0.80,50,1,1,7577,90.2153,89.926,5848
training/18-DSJC500.1.txt,150,0.20,0.20,0.80,50,1,2,7583,89.9625,89.926,5848
training/18-DSJC500.1.txt,150,0.20,0.20,0.80,50,1,3,7309,89.9448,89.926,5848
training/18-DSJC500.1.txt,150,0.20,0.20,0.80,50,1,4,7570,90.1136,89.926,5848
training/18-DSJC500.1.txt,150,0.20,0.20,0.80,100,1,0,7297,90.0662,89.926,5848
training/18-DSJC500.1.txt,150,0.20,0.20,0.80,100,1,1,7269,89.9353,89.926,5848
training/18-DSJC500.1.txt,150,0.20,0.20,0.80,100,1,2,7366,89.9893,89.926,5848
training/18-DSJC500.1.txt,150,0.20,0.20,0.80,100,1,3,7317,90.0659,89.926,5848
training/18-DSJC500.1.txt,150,0.20,0.20,0.80,100,1,4,7167,89.9491,89.926,5848
training/18-DSJC500.1.txt,150,0.20,0.20,0.80,50,2,0,7565,90.1289,89.926,5848
training/18-DSJC500.1.txt,150,0.20,0.20,0.80,50,2,1,7577,90.1337,89.926,5848
training/18-DSJC500.1.txt,150,0.20,0.20,0.80,50,2,2,7527,90.1028,89.926,5848
training/18-DSJC500.1.txt,150,0.20,0.20,0.80,50,2,3,7495,90.202,89.926,5848
training/18-DSJC500.1.txt,150,0.20,0.20,0.80,50,2,4,7631,90.0052,89.926,5848
training/18-DSJC500.1.txt,150,0.20,0.20,0.80,100,2,0,7297,90.2198,89.926,5848
training/18-DSJC500.1.txt,150,0.20,0.20,0.80,100,2,1,7269,90.0941,89.926,5848
training/18-DSJC500.1.txt,150,0.20,0.20,0.80,100,2,2,7366,90.2626,89.926,5848
training/18-DSJC500.1.txt,150,0.20,0.20,0.80,100,2,3,7016,90.1779,89.926,5848
training/18-DSJC500.1.txt,150,0.20,0.20,0.80,100,2,4,7273,90.1636,89.926,5848
training/18-DSJC500.1.txt,150,0.25,0.10,0.70,50,1,0,7536,89.9728,89.926,5848
training/18-DSJC500.1.txt,150,0.25,0.10,0.70,50,1,1,7661,90.2045,89.926,5848
training/18-DSJC500.1.txt,150,0.25,0.10,0.70,50,1,2,7582,89.9636,89.926,5848
training/18-DSJC500.1.txt,150,0.25,0.10,0.70,50,1,3,7581,90.2394,89.926,5848
training/18-DSJC500.1.txt,150,0.25,0.10,0.70,50,1,4,7596,90.1987,89.926,5848
training/18-DSJC500.1.txt,150,0.25,0.10,0.70,100,1,0,7652,90.2248,89.926,5848
training/18-DSJC500.1.txt,150,0.25,0.10,0.70,100,1,1,7692,90.2011,89.926,5848
training/18-DSJC500.1.txt,150,0.25,0.10,0.70,100,1,2,7588,90.1553,89.926,5848
training/18-DSJC500.1.txt,150,0.25,0.10,0.70,100,1,3,7564,89.9778,89.926,5848
training/18-DSJC500.1.txt,150,0.25,0.10,0.70,100,1,4,7628,90.2172,89.926,5848
training/18-DSJC500.1.txt,150,0.25,0.10,0.70,50,2,0,7628,89.973,89.926,5848
training/18-DSJC500.1.txt,150,0.25,0.10,0.70,50,2,1,7669,90.114,89.926,5848
training/18-DSJC500.1.txt,150,0.25,0.10,0.70,50,2,2,7563,90.1608,89.926,5848
training/18-DSJC500.1.txt,150,0.25,0.10,0.70,50,2,3,7581,91.4649,89.926,5848
training/18-DSJC500.1.txt,150,0.25,0.10,0.70,50,2,4,7638,90.028,89.926,5848
training/18-DSJC500.1.txt,150,0.25,0.10,0.70,100,2,0,7645,89.9466,89.926,5848
training/18-DSJC500.1.txt,150,0.25,0.10,0.70,100,2,1,7578,90.1647,89.926,5848
training/18-DSJC500.1.txt,150,0.25,0.10,0.70,100,2,2,7552,90.0523,89.926,5848
training/18-DSJC500.1.txt,150,0.25,0.10,0.70,100,2,3,7564,90.1047,89.926,5848
training/18-DSJC500.1.txt,150,0.25,0.10,0.70,100,2,4,7588,90.1111,89.926,5848
training/18-DSJC500.1.txt,150,0.25,0.10,0.80,50,1,0,7597,90.0689,89.926,5848
training/18-DSJC500.1.txt,150,0.25,0.10,0.80,50,1,1,7522,90.3397,89.926,5848
training/18-DSJC500.1.txt,150,0.25,0.10,0.80,50,1,2,7557,93.1854,89.926,5848
training/18-DSJC500.1.txt,150,0.25,0.10,0.80,50,1,3,7499,90.0858,89.926,5848
training/18-DSJC500.1.txt,150,0.25,0.10,0.80,50,1,4,7535,90.0912,89.926,5848
training/18-DSJC500.1.txt,150,0.25,0.10,0.80,100,1,0,7589,90.0671,89.926,5848
training/18-DSJC500.1.txt,150,0.25,0.10,0.80,100,1,1,7198,89.9976,89.926,5848
training/18-DSJC500.1.txt,150,0.25,0.10,0.80,100,1,2,7476,90.0533,89.926,5848
training/18-DSJC500.1.txt,150,0.25,0.10,0.80,100,1,3,7412,90.1673,89.926,5848
training/18-DSJC500.1.txt,150,0.25,0.10,0.80,100,1,4,7197,90.2445,89.926,5848
training/18-DSJC500.1.txt,150,0.25,0.10,0.80,50,2,0,7499,90.0956,89.926,5848
training/18-DSJC500.1.txt,150,0.25,0.10,0.80,50,2,1,7571,90.1245,89.926,5848
training/18-DSJC500.1.txt,150,0.25,0.10,0.80,50,2,2,7430,90.5373,89.926,5848
training/18-DSJC500.1.txt,150,0.25,0.10,0.80,50,2,3,7597,90.2335,89.926,5848
training/18-DSJC500.1.txt,150,0.25,0.10,0.80,50,2,4,7498,90.0649,89.926,5848
training/18-DSJC500.1.txt,150,0.25,0.10,0.80,100,2,0,7191,90.1004,89.926,5848
training/18-DSJC500.1.txt,150,0.25,0.10,0.80,100,2,1,7529,90.2262,89.926,5848
training/18-DSJC500.1.txt,150,0.25,0.10,0.80,100,2,2,7340,90.0968,89.926,5848
training/18-DSJC500.1.txt,150,0.25,0.10,0.80,100,2,3,7536,90.2195,89.926,5848
training/18-DSJC500.1.txt,150,0.25,0.10,0.80,100,2,4,7200,89.9361,89.926,5848
training/18-DSJC500.1.txt,150,0.25,0.20,0.70,50,1,0,7623,90.0149,89.926,5848
training/18-DSJC500.1.txt,150,0.25,0.20,0.70,50,1,1,7577,90.166,89.926,5848
training/18-DSJC500.1.txt,150,0.25,0.20,0.70,50,1,2,7584,90.1004,89.926,5848
training/18-DSJC500.1.txt,150,0.25,0.20,0.70,50,1,3,7632,89.9547,89.926,5848
training/18-DSJC500.1.txt,150,0.25,0.20,0.70,50,1,4,7667,90.2015,89.926,5848
training/18-DSJC500.1.txt,150,0.25,0.20,0.70,100,1,0,7598,90.12,89.926,5848
training/18-DSJC500.1.txt,150,0.25,0.20,0.70,100,1,1,7663,90.1343,89.926,5848
training/18-DSJC500.1.txt,150,0.25,0.20,0.70,100,1,2,7615,90.0386,89.926,5848
training/18-DSJC500.1.txt,150,0.25,0.20,0.70,100,1,3,7605,90.0423,89.926,5848
training/18-DSJC500.1.txt,150,0.25,0.20,0.70,100,1,4,7606,90.1442,89.926,5848
training/18-DSJC500.1.txt,150,0.25,0.20,0.70,50,2,0,7576,89.9963,89.926,5848
training/18-DSJC500.1.txt,150,0.25,0.20,0.70,50,2,1,7645,90.1652,89.926,5848
training/18-DSJC500.1.txt,150,0.25,0.20,0.70,50,2,2,7584,90.2458,89.926,5848
training/18-DSJC500.1.txt,150,0.25,0.20,0.70,50,2,3,7646,89.9469,89.926,5848
training/18-DSJC500.1.txt,150,0.25,0.20,0.70,50,2,4,7464,90.2213,89.926,5848
training/18-DSJC500.1.txt,150,0.25,0.20,0.70,100,2,0,7615,90.1345,89.926,5848
training/18-DSJC500.1.txt,150,0.25,0.20,0.70,100,2,1,7626,90.1119,89.926,5848
training/18-DSJC500.1.txt,150,0.25,0.20,0.70,100,2,2,7594,90.0765,89.926,5848
training/18-DSJC500.1.txt,150,0.25,0.20,0.70,100,2,3,7626,90.2205,89.926,5848
training/18-DSJC500.1.txt,150,0.25,0.20,0.70,100,2,4,7603,90.235,89.926,5848
training/18-DSJC500.1.txt,150,0.25,0.20,0.80,50,1,0,7623,90.0716,89.926,5848
training/18-DSJC500.1.txt,150,0.25,0.20,0.80,50,1,1,7515,90.1312,89.926,5848
training/18-DSJC500.1.txt,150,0.25,0.20,0.80,50,1,2,7615,90.0612,89.926,5848
training/18-DSJC500.1.txt,150,0.25,0.20,0.80,50,1,3,7658,90.0236,89.926,5848
training/18-DSJC500.1.txt,150,0.25,0.20,0.80,50,1,4,7625,90.0061,89.926,5848
training/18-DSJC500.1.txt,150,0.25,0.20,0.80,100,1,0,7322,90.2069,89.926,5848
training/18-DSJC500.1.txt,150,0.25,0.20,0.80,100,1,1,7245,90.1875,89.926,5848
training/18-DSJC500.1.txt,150,0.25,0.20,0.80,100,1,2,7455,90.2448,89.926,5848
training/18-DSJC500.1.txt,150,0.25,0.20,0.80,100,1,3,7625,90.0657,89.926,5848
training/18-DSJC500.1.txt,150,0.25,0.20,0.80,100,1,4,7594,90.2413,89.926,5848
training/18-DSJC500.1.txt,150,0.25,0.20,0.80,50,2,0,7595,90.2403,89.926,5848
training/18-DSJC500.1.txt,150,0.25,0.20,0.80,50,2,1,7535,89.9941,89.926,5848
training/18-DSJC500.1.txt,150,0.25,0.20,0.80,50,2,2,7605,90.0261,89.926,5848
training/18-DSJC500.1.txt,150,0.25,0.20,0.80,50,2,3,7579,89.9494,89.926,5848
training/18-DSJC500.1.txt,150,0.25,0.20,0.80,50,2,4,7605,90.1395,89.926,5848
training/18-DSJC500.1.txt,150,0.25,0.20,0.80,100,2,0,7616,90.1781,89.926,5848
training/18-DSJC500.1.txt,150,0.25,0.20,0.80,100,2,1,7610,90.258,89.926,5848
training/18-DSJC500.1.txt,150,0.25,0.20,0.80,100,2,2,7459,90.1086,89.926,5848
training/18-DSJC500.1.txt,150,0.25,0.20,0.80,100,2,3,7506,90.0475,89.926,5848
training/18-DSJC500.1.txt,150,0.25,0.20,0.80,100,2,4,7596,90.1021,89.926,5848
training/18-DSJC500.1.txt,200,0.20,0.10,0.70,50,1,0,7505,90.2852,89.926,5848
training/18-DSJC500.1.txt,200,0.20,0.10,0.70,50,1,1,7607,90.0044,89.926,5848
training/18-DSJC500.1.txt,200,0.20,0.10,0.70,50,1,2,7628,89.9976,89.926,5848
training/18-DSJC500.1.txt,200,0.20,0.10,0.70,50,1,3,7571,90.3519,89.926,5848
training/18-DSJC500.1.txt,200,0.20,0.10,0.70,50,1,4,7630,90.3709,89.926,5848
training/18-DSJC500.1.txt,200,0.20,0.10,0.70,100,1,0,7587,89.9848,89.926,5848
training/18-DSJC500.1.txt,200,0.20,0.10,0.70,100,1,1,7582,90.2788,89.926,5848
training/18-DSJC500.1.txt,200,0.20,0.10,0.70,100,1,2,7628,90.0333,89.926,5848
training/18-DSJC500.1.txt,200,0.20,0.10,0.70,100,1,3,7571,89.9348,89.926,5848
training/18-DSJC500.1.txt,200,0.20,0.10,0.70,100,1,4,7622,89.9565,89.926,5848
training/18-DSJC500.1.txt,200,0.20,0.10,0.70,50,2,0,7626,89.9534,89.926,5848
training/18-DSJC500.1.txt,200,0.20,0.10,0.70,50,2,1,7607,90.2092,89.926,5848
training/18-DSJC500.1.txt,200,0.20,0.10,0.70,50,2,2,7545,90.3001,89.926,5848
training/18-DSJC500.1.txt,200,0.20,0.10,0.70,50,2,3,7571,90.1509,89.926,5848
training/18-DSJC500.1.txt,200,0.20,0.10,0.70,50,2,4,7479,90.1561,89.926,5848
training/18-DSJC500.1.txt,200,0.20,0.10,0.70,100,2,0,7561,89.9972,89.926,5848
training/18-DSJC500.1.txt,200,0.20,0.10,0.70,100,2,1,7582,90.2068,89.926,5848
training/18-DSJC500.1.txt,200,0.20,0.10,0.70,100,2,2,7557,90.0927,89.926,5848
training/18-DSJC500.1.txt,200,0.20,0.10,0.70,100,2,3,7561,90.1055,89.926,5848
training/18-DSJC500.1.txt,200,0.20,0.10,0.70,100,2,4,7634,89.9669,89.926,5848
training/18-DSJC500.1.txt,200,0.20,0.10,0.80,50,1,0,7534,89.9543,89.926,5848
training/18-DSJC500.1.txt,200,0.20,0.10,0.80,50,1,1,7431,90.3967,89.926,5848
training/18-DSJC500.1.txt,200,0.20,0.10,0.80,50,1,2,7610,90.3554,89.926,5848
training/18-DSJC500.1.txt,200,0.20,0.10,0.80,50,1,3,7104,90.1998,89.926,5848
training/18-DSJC500.1.txt,200,0.20,0.10,0.80,50,1,4,7597,89.9739,89.926,5848
training/18-DSJC500.1.txt,200,0.20,0.10,0.80,100,1,0,7084,90.1786,89.926,5848
training/18-DSJC500.1.txt,200,0.20,0.10,0.80,100,1,1,7125,90.0166,89.926,5848
training/18-DSJC500.1.txt,200,0.20,0.10,0.80,100,1,2,7577,90.2762,89.926,5848
training/18-DSJC500.1.txt,200,0.20,0.10,0.80,100,1,3,7135,90.2968,89.926,5848
training/18-DSJC500.1.txt,200,0.20,0.10,0.80,100,1,4,7074,89.9392,89.926,5848
training/18-DSJC500.1.txt,200,0.20,0.10,0.80,50,2,0,7534,90.3585,89.926,5848
training/18-DSJC500.1.txt,200,0.20,0.10,0.80,50,2,1,7543,90.3559,89.926,5848
training/18-DSJC500.1.txt,200,0.20,0.10,0.80,50,2,2,7467,90.1084,89.926,5848
training/18-DSJC500.1.txt,200,0.20,0.10,0.80,50,2,3,7640,90.1271,89.926,5848
training/18-DSJC500.1.txt,200,0.20,0.10,0.80,50,2,4,7258,90.0177,89.926,5848
training/18-DSJC500.1.txt,200,0.20,0.10,0.80,100,2,0,7084,90.343,89.926,5848
training/18-DSJC500.1.txt,200,0.20,0.10,0.80,100,2,1,7327,89.9808,89.926,5848
training/18-DSJC500.1.txt,200,0.20,0.10,0.80,100,2,2,7273,90.3962,89.926,5848
training/18-DSJC500.1.txt,200,0.20,0.10,0.80,100,2,3,7464,90.3948,89.926,5848
training/18-DSJC500.1.txt,200,0.20,0.10,0.80,100,2,4,7085,90.3418,89.926,5848
training/18-DSJC500.1.txt,200,0.20,0.20,0.70,50,1,0,7650,90.0923,89.926,5848
training/18-DSJC500.1.txt,200,0.20,0.20,0.70,50,1,1,7575,90.0832,89.926,5848
training/18-DSJC500.1.txt,200,0.20,0.20,0.70,50,1,2,7626,90.1037,89.926,5848
training/18-DSJC500.1.txt,200,0.20,0.20,0.70,50,1,3,7654,90.2078,89.926,5848
training/18-DSJC500.1.txt,200,0.20,0.20,0.70,50,1,4,7612,90.2634,89.926,5848
training/18-DSJC500.1.txt,200,0.20,0.20,0.70,100,1,0,7639,89.94,89.926,5848
training/18-DSJC500.1.txt,200,0.20,0.20,0.70,100,1,1,7605,90.1752,89.926,5848
training/18-DSJC500.1.txt,200,0.20,0.20,0.70,100,1,2,7663,90.2037,89.926,5848
training/18-DSJC500.1.txt,200,0.20,0.20,0.70,100,1,3,7540,90.3303,89.926,5848
training/18-DSJC500.1.txt,200,0.20,0.20,0.70,100,1,4,7563,90.0092,89.926,5848
training/18-DSJC500.1.txt,200,0.20,0.20,0.70,50,2,0,7583,90.2661,89.926,5848
training/18-DSJC500.1.txt,200,0.20,0.20,0.70,50,2,1,7629,89.9566,89.926,5848
training/18-DSJC500.1.txt,200,0.20,0.20,0.70,50,2,2,7629,90.3462,89.926,5848
training/18-DSJC500.1.txt,200,0.20,0.20,0.70,50,2,3,7629,90.2442,89.926,5848
training/18-DSJC500.1.txt,200,0.20,0.20,0.70,50,2,4,7612,90.1386,89.926,5848
training/18-DSJC500.1.txt,200,0.20,0.20,0.70,100,2,0,7639,90.2396,89.926,5848
training/18-DSJC500.1.txt,200,0.20,0.20,0.70,100,2,1,7616,89.9577,89.926,5848
training/18-DSJC500.1.txt,200,0.20,0.20,0.70,100,2,2,7623,90.3565,89.926,5848
training/18-DSJC500.1.txt,200,0.20,0.20,0.70,100,2,3,7540,90.3182,89.926,5848
training/18-DSJC500.1.txt,200,0.20,0.20,0.70,100,2,4,7592,90.2709,89.926,5848
training/18-DSJC500.1.txt,200,0.20,0.20,0.80,50,1,0,7563,90.1986,89.926,5848
training/18-DSJC500.1.txt,200,0.20,0.20,0.80,50,1,1,7575,90.1615,89.926,5848
training/18-DSJC500.1.txt,200,0.20,0.20,0.80,50,1,2,7662,90.3685,89.926,5848
training/18-DSJC500.1.txt,200,0.20,0.20,0.80,50,1,3,7526,90.0759,89.926,5848
training/18-DSJC500.1.txt,200,0.20,0.20,0.80,50,1,4,7641,90.0666,89.926,5848
training/18-DSJC500.1.txt,200,0.20,0.20,0.80,100,1,0,7574,90.0091,89.926,5848
training/18-DSJC500.1.txt,200,0.20,0.20,0.80,100,1,1,7455,90.1021,89.926,5848
training/18-DSJC500.1.txt,200,0.20,0.20,0.80,100,1,2,7240,89.9998,89.926,5848
training/18-DSJC500.1.txt,200,0.20,0.20,0.80,100,1,3,7153,90.2505,89.926,5848
training/18-DSJC500.1.txt,200,0.20,0.20,0.80,100,1,4,7553,90.2217,89.926,5848
training/18-DSJC500.1.txt,200,0.20,0.20,0.80,50,2,0,7640,90.024,89.926,5848
training/18-DSJC500.1.txt,200,0.20,0.20,0.80,50,2,1,7542,90.3592,89.926,5848
training/18-DSJC500.1.txt,200,0.20,0.20,0.80,50,2,2,7539,90.3352,89.926,5848
training/18-DSJC500.1.txt,200,0.20,0.20,0.80,50,2,3,7544,90.0009,89.926,5848
training/18-DSJC500.1.txt,200,0.20,0.20,0.80,50,2,4,7622,90.3163,89.926,5848
training/18-DSJC500.1.txt,200,0.20,0.20,0.80,100,2,0,7565,90.0098,89.926,5848
training/18-DSJC500.1.txt,200,0.20,0.20,0.80,100,2,1,7526,90.3415,89.926,5848
training/18-DSJC500.1.txt,200,0.20,0.20,0.80,100,2,2,7240,90.0287,89.926,5848
training/18-DSJC500.1.txt,200,0.20,0.20,0.80,100,2,3,7163,89.986,89.926,5848
training/18-DSJC500.1.txt,200,0.20,0.20,0.80,100,2,4,7572,90.0874,89.926,5848
training/18-DSJC500.1.txt,200,0.25,0.10,0.70,50,1,0,7574,90.0646,89.926,5848
training/18-DSJC500.1.txt,200,0.25,0.10,0.70,50,1,1,7602,90.1286,89.926,5848
training/18-DSJC500.1.txt,200,0.25,0.10,0.70,50,1,2,7597,90.2954,89.926,5848
training/18-DSJC500.1.txt,200,0.25,0.10,0.70,50,1,3,7632,90.3314,89.926,5848
training/18-DSJC500.1.txt,200,0.25,0.10,0.70,50,1,4,7636,90.1815,89.926,5848
training/18-DSJC500.1.txt,200,0.25,0.10,0.70,100,1,0,7588,90.2919,89.926,5848
training/18-DSJC500.1.txt,200,0.25,0.10,0.70,100,1,1,7597,90.4635,89.926,5848
training/18-DSJC500.1.txt,200,0.25,0.10,0.70,100,1,2,7622,89.9649,89.926,5848
training/18-DSJC500.1.txt,200,0.25,0.10,0.70,100,1,3,7618,90.2015,89.926,5848
training/18-DSJC500.1.txt,200,0.25,0.10,0.70,100,1,4,7557,89.9936,89.926,5848
training/18-DSJC500.1.txt,200,0.25,0.10,0.70,50,2,0,7642,90.0509,89.926,5848
training/18-DSJC500.1.txt,200,0.25,0.10,0.70,50,2,1,7530,90.4007,89.926,5848
training/18-DSJC500.1.txt,200,0.25,0.10,0.70,50,2,2,7626,90.0664,89.926,5848
training/18-DSJC500.1.txt,200,0.25,0.10,0.70,50,2,3,7653,90.3773,89.926,5848
training/18-DSJC500.1.txt,200,0.25,0.10,0.70,50,2,4,7641,90.2142,89.926,5848
training/18-DSJC500.1.txt,200,0.25,0.10,0.70,100,2,0,7544,89.9679,89.926,5848
training/18-DSJC500.1.txt,200,0.25,0.10,0.70,100,2,1,7563,90.1106,89.926,5848
training/18-DSJC500.1.txt,200,0.25,0.10,0.70,100,2,2,7622,89.9932,89.926,5848
training/18-DSJC500.1.txt,200,0.25,0.10,0.70,100,2,3,7559,90.3314,89.926,5848
training/18-DSJC500.1.txt,200,0.25,0.10,0.70,100,2,4,7557,90.2083,89.926,5848
training/18-DSJC500.1.txt,200,0.25,0.10,0.80,50,1,0,7558,90.0218,89.926,5848
training/18-DSJC500.1.txt,200,0.25,0.10,0.80,50,1,1,7510,90.2382,89.926,5848
training/18-DSJC500.1.txt,200,0.25,0.10,0.80,50,1,2,7324,90.2094,89.926,5848
training/18-DSJC500.1.txt,200,0.25,0.10,0.80,50,1,3,7626,90.1616,89.926,5848
training/18-DSJC500.1.txt,200,0.25,0.10,0.80,50,1,4,7618,90.3664,89.926,5848
training/18-DSJC500.1.txt,200,0.25,0.10,0.80,100,1,0,7149,90.0292,89.926,5848
training/18-DSJC500.1.txt,200,0.25,0.10,0.80,100,1,1,7510,90.0859,89.926,5848
training/18-DSJC500.1.txt,200,0.25,0.10,0.80,100,1,2,7021,90.016,89.926,5848
training/18-DSJC500.1.txt,200,0.25,0.10,0.80,100,1,3,7545,90.1616,89.926,5848
training/18-DSJC500.1.txt,200,0.25,0.10,0.80,100,1,4,7544,90.3148,89.926,5848
training/18-DSJC500.1.txt,200,0.25,0.10,0.80,50,2,0,7490,90.2379,89.926,5848
training/18-DSJC500.1.txt,200,0.25,0.10,0.80,50,2,1,7504,90.2238,89.926,5848
training/18-DSJC500.1.txt,200,0.25,0.10,0.80,50,2,2,7324,90.1998,89.926,5848
training/18-DSJC500.1.txt,200,0.25,0.10,0.80,50,2,3,7585,89.9957,89.926,5848
training/18-DSJC500.1.txt,200,0.25,0.10,0.80,50,2,4,7643,89.9953,89.926,5848
training/18-DSJC500.1.txt,200,0.25,0.10,0.80,100,2,0,7521,89.955,89.926,5848
training/18-DSJC500.1.txt,200,0.25,0.10,0.80,100,2,1,7510,90.1118,89.926,5848
training/18-DSJC500.1.txt,200,0.25,0.10,0.80,100,2,2,7021,90.1045,89.926,5848
training/18-DSJC500.1.txt,200,0.25,0.10,0.80,100,2,3,7125,90.0865,89.926,5848
training/18-DSJC500.1.txt,200,0.25,0.10,0.80,100,2,4,7219,90.1261,89.926,5848
training/18-DSJC500.1.txt,200,0.25,0.20,0.70,50,1,0,7667,90.0844,89.926,5848
training/18-DSJC500.1.txt,200,0.25,0.20,0.70,50,1,1,7621,90.2959,89.926,5848
training/18-DSJC500.1.txt,200,0.25,0.20,0.70,50,1,2,7511,90.3245,89.926,5848
training/18-DSJC500.1.txt,200,0.25,0.20,0.70,50,1,3,7587,90.2489,89.926,5848
training/18-DSJC500.1.txt,200,0.25,0.20,0.70,50,1,4,7632,90.1823,89.926,5848
training/18-DSJC500.1.txt,200,0.25,0.20,0.70,100,1,0,7663,90.3364,89.926,5848
training/18-DSJC500.1.txt,200,0.25,0.20,0.70,100,1,1,7631,90.212,89.926,5848
training/18-DSJC500.1.txt,200,0.25,0.20,0.70,100,1,2,7511,90.3617,89.926,5848
training/18-DSJC500.1.txt,200,0.25,0.20,0.70,100,1,3,7653,90.2527,89.926,5848
training/18-DSJC500.1.txt,200,0.25,0.20,0.70,100,1,4,7632,89.9474,89.926,5848
training/18-DSJC500.1.txt,200,0.25,0.20,0.70,50,2,0,7666,89.935,89.926,5848
training/18-DSJC500.1.txt,200,0.25,0.20,0.70,50,2,1,7592,90.3243,89.926,5848
training/18-DSJC500.1.txt,200,0.25,0.20,0.70,50,2,2,7511,90.3263,89.926,5848
training/18-DSJC500.1.txt,200,0.25,0.20,0.70,50,2,3,7635,90.2203,89.926,5848
training/18-DSJC500.1.txt,200,0.25,0.20,0.70,50,2,4,7632,89.9302,89.926,5848
training/18-DSJC500.1.txt,200,0.25,0.20,0.70,100,2,0,7655,90.2568,89.926,5848
training/18-DSJC500.1.txt,200,0.25,0.20,0.70,100,2,1,7599,89.9296,89.926,5848
training/18-DSJC500.1.txt,200,0.25,0.20,0.70,100,2,2,7511,89.9821,89.926,5848
training/18-DSJC500.1.txt,200,0.25,0.20,0.70,100,2,3,7653,90.2366,89.926,5848
training/18-DSJC500.1.txt,200,0.25,0.20,0.70,100,2,4,7632,90.1043,89.926,5848
training/18-DSJC500.1.txt,200,0.25,0.20,0.80,50,1,0,7573,90.2294,89.926,5848
training/18-DSJC500.1.txt,200,0.25,0.20,0.80,50,1,1,7599,90.2078,89.926,5848
training/18-DSJC500.1.txt,200,0.25,0.20,0.80,50,1,2,7623,90.0729,89.926,5848
training/18-DSJC500.1.txt,200,0.25,0.20,0.80,50,1,3,7601,90.3238,89.926,5848
training/18-DSJC500.1.txt,200,0.25,0.20,0.80,50,1,4,7587,90.0597,89.926,5848
training/18-DSJC500.1.txt,200,0.25,0.20,0.80,100,1,0,7646,90.3139,89.926,5848
training/18-DSJC500.1.txt,200,0.25,0.20,0.80,100,1,1,7601,90.1234,89.926,5848
training/18-DSJC500.1.txt,200,0.25,0.20,0.80,100,1,2,7623,90.1833,89.926,5848
training/18-DSJC500.1.txt,200,0.25,0.20,0.80,100,1,3,7583,90.122,89.926,5848
training/18-DSJC500.1.txt,200,0.25,0.20,0.80,100,1,4,7587,90.145,89.926,5848
training/18-DSJC500.1.txt,200,0.25,0.20,0.80,50,2,0,7621,90.3219,89.926,5848
training/18-DSJC500.1.txt,200,0.25,0.20,0.80,50,2,1,7591,89.943,89.926,5848
training/18-DSJC500.1.txt,200,0.25,0.20,0.80,50,2,2,7544,90.3208,89.926,5848
training/18-DSJC500.1.txt,200,0.25,0.20,0.80,50,2,3,7601,90.0057,89.926,5848
training/18-DSJC500.1.txt,200,0.25,0.20,0.80,50,2,4,7587,90.0442,89.926,5848
training/18-DSJC500.1.txt,200,0.25,0.20,0.80,100,2,0,7654,90.0267,89.926,5848
training/18-DSJC500.1.txt,200,0.25,0.20,0.80,100,2,1,7646,90.1755,89.926,5848
training/18-DSJC500.1.txt,200,0.25,0.20,0.80,100,2,2,7613,90.2761,89.926,5848
training/18-DSJC500.1.txt,200,0.25,0.20,0.80,100,2,3,7589,90.1466,89.926,5848
training/18-DSJC500.1.txt,200,0.25,0.20,0.80,100,2,4,7587,90.0255,89.926,5848
training/19-2-FullIns_5.txt,100,0.20,0.10,0.70,50,1,0,1319,165.659,165.218,1319
training/19-2-FullIns_5.txt,100,0.20,0.10,0.70,50,1,1,1319,165.568,165.218,1319
training/19-2-FullIns_5.txt,100,0.20,0.10,0.70,50,1,2,1321,165.589,165.218,1319
training/19-2-FullIns_5.txt,100,0.20,0.10,0.70,50,1,3,1319,165.567,165.218,1319
training/19-2-FullIns_5.txt,100,0.20,0.10,0.70,50,1,4,1319,165.306,165.218,1319
training/19-2-FullIns_5.txt,100,0.20,0.10,0.70,100,1,0,1321,165.614,165.218,1319
training/19-2-FullIns_5.txt,100,0.20,0.10,0.70,100,1,1,1319,165.527,165.218,1319
training/19-2-FullIns_5.txt,100,0.20,0.10,0.70,100,1,2,1321,165.39,165.218,1319
training/19-2-FullIns_5.txt,100,0.20,0.10,0.70,100,1,3,1319,165.445,165.218,1319
training/19-2-FullIns_5.txt,100,0.20,0.10,0.70,100,1,4,1319,165.406,165.218,1319
training/19-2-FullIns_5.txt,100,0.20,0.10,0.70,50,2,0,1319,165.629,165.218,1319
training/19-2-FullIns_5.txt,100,0.20,0.10,0.70,50,2,1,1319,165.23,165.218,1319
training/19-2-FullIns_5.txt,100,0.20,0.10,0.70,50,2,2,1321,165.356,165.218,1319
training/19-2-FullIns_5.txt,100,0.20,0.10,0.70,50,2,3,1320,165.729,165.218,1319
training/19-2-FullIns_5.txt,100,0.20,0.10,0.70,50,2,4,1319,165.375,165.218,1319
training/19-2-FullIns_5.txt,100,0.20,0.10,0.70,100,2,0,1328,165.536,165.218,1319
training/19-2-FullIns_5.txt,100,0.20,0.10,0.70,100,2,1,1319,165.386,165.218,1319
training/19-2-FullIns_5.txt,100,0.20,0.10,0.70,100,2,2,1325,165.469,165.218,1319
training/19-2-FullIns_5.txt,100,0.20,0.10,0.70,100,2,3,1328,165.643,165.218,1319
training/19-2-FullIns_5.txt,100,0.20,0.10,0.70,100,2,4,1319,165.505,165.218,1319
training/19-2-FullIns_5.txt,100,0.20,0.10,0.80,50,1,0,1326,165.44,165.218,1319
training/19-2-FullIns_5.txt,100,0.20,0.10,0.80,50,1,1,1328,165.223,165.218,1319
training/19-2-FullIns_5.txt,100,0.20,0.10,0.80,50,1,2,1320,165.645,165.218,1319
training/19-2-FullIns_5.txt,100,0.20,0.10,0.80,50,1,3,1329,165.643,165.218,1319
training/19-2-FullIns_5.txt,100,0.20,0.10,0.80,50,1,4,1321,165.644,165.218,1319
training/19-2-FullIns_5.txt,100,0.20,0.10,0.80,100,1,0,1319,165.259,165.218,1319
training/19-2-FullIns_5.txt,100,0.20,0.10,0.80,100,1,1,1319,165.45,165.218,1319
training/19-2-FullIns_5.txt,100,0.20,0.10,0.80,100,1,2,1328,165.396,165.218,1319
training/19-2-FullIns_5.txt,100,0.20,0.10,0.80,100,1,3,1320,165.392,165.218,1319
training/19-2-FullIns_5.txt,100,0.20,0.10,0.80,100,1,4,1321,165.317,165.218,1319
training/19-2-FullIns_5.txt,100,0.20,0.10,0.80,50,2,0,1319,165.483,165.218,1319
training/19-2-FullIns_5.txt,100,0.20,0.10,0.80,50,2,1,1332,165.478,165.218,1319
training/19-2-FullIns_5.txt,100,0.20,0.10,0.80,50,2,2,1326,165.286,165.218,1319
training/19-2-FullIns_5.txt,100,0.20,0.10,0.80,50,2,3,1319,165.241,165.218,1319
training/19-2-FullIns_5.txt,100,0.20,0.10,0.80,50,2,4,1324,165.608,165.218,1319
training/19-2-FullIns_5.txt,100,0.20,0.10,0.80,100,2,0,1319,165.398,165.218,1319
training/19-2-FullIns_5.txt,100,0.20,0.10,0.80,100,2,1,1319,165.621,165.218,1319
training/19-2-FullIns_5.txt,100,0.20,0.10,0.80,100,2,2,1328,165.58,165.218,1319
training/19-2-FullIns_5.txt,100,0.20,0.10,0.80,100,2,3,1319,165.566,165.218,1319
training/19-2-FullIns_5.txt,100,0.20,0.10,0.80,100,2,4,1328,165.362,165.218,1319
training/19-2-FullIns_5.txt,100,0.20,0.20,0.70,50,1,0,1328,165.521,165.218,1319
training/19-2-FullIns_5.txt,100,0.20,0.20,0.70,50,1,1,1321,165.528,165.218,1319
training/19-2-FullIns_5.txt,100,0.20,0.20,0.70,50,1,2,1319,165.421,165.218,1319
training/19-2-FullIns_5.txt,100,0.20,0.20,0.70,50,1,3,1321,165.33,165.218,1319
training/19-2-FullIns_5.txt,100,0.20,0.20,0.70,50,1,4,1319,165.35,165.218,1319
training/19-2-FullIns_5.txt,100,0.20,0.20,0.70,100,1,0,1326,165.26,165.218,1319
training/19-2-FullIns_5.txt,100,0.20,0.20,0.70,100,1,1,1320,165.532,165.218,1319
training/19-2-FullIns_5.txt,100,0.20,0.20,0.70,100,1,2,1319,165.353,165.218,1319
training/19-2-FullIns_5.txt,100,0.20,0.20,0.70,100,1,3,1321,165.418,165.218,1319
training/19-2-FullIns_5.txt,100,0.20,0.20,0.70,100,1,4,1320,165.649,165.218,1319
training/19-2-FullIns_5.txt,100,0.20,0.20,0.70,50,2,0,1328,165.634,165.218,1319
training/19-2-FullIns_5.txt,100,0.20,0.20,0.70,50,2,1,1321,165.407,165.218,1319
training/19-2-FullIns_5.txt,100,0.20,0.20,0.70,50,2,2,1319,165.576,165.218,1319
training/19-2-FullIns_5.txt,100,0.20,0.20,0.70,50,2,3,1319,165.399,165.218,1319
training/19-2-FullIns_5.txt,100,0.20,0.20,0.70,50,2,4,1324,165.639,165.218,1319
training/19-2-FullIns_5.txt,100,0.20,0.20,0.70,100,2,0,1322,165.381,165.218,1319
training/19-2-FullIns_5.txt,100,0.20,0.20,0.70,100,2,1,1320,165.477,165.218,1319
training/19-2-FullIns_5.txt,100,0.20,0.20,0.70,100,2,2,1319,165.374,165.218,1319
training/19-2-FullIns_5.txt,100,0.20,0.20,0.70,100,2,3,1322,165.401,165.218,1319
training/19-2-FullIns_5.txt,100,0.20,0.20,0.70,100,2,4,1319,165.371,165.218,1319
training/19-2-FullIns_5.txt,100,0.20,0.20,0.80,50,1,0,1319,165.519,165.218,1319
training/19-2-FullIns_5.txt,100,0.20,0.20,0.80,50,1,1,1321,165.229,165.218,1319
training/19-2-FullIns_5.txt,100,0.20,0.20,0.80,50,1,2,1319,165.582,165.218,1319
training/19-2-FullIns_5.txt,100,0.20,0.20,0.80,50,1,3,1321,165.375,165.218,1319
training/19-2-FullIns_5.txt,100,0.20,0.20,0.80,50,1,4,1323,165.325,165.218,1319
training/19-2-FullIns_5.txt,100,0.20,0.20,0.80,100,1,0,1320,165.636,165.218,1319
training/19-2-FullIns_5.txt,100,0.20,0.20,0.80,100,1,1,1326,165.473,165.218,1319
training/19-2-FullIns_5.txt,100,0.20,0.20,0.80,100,1,2,1326,165.413,165.218,1319
training/19-2-FullIns_5.txt,100,0.20,0.20,0.80,100,1,3,1321,165.522,165.218,1319
training/19-2-FullIns_5.txt,100,0.20,0.20,0.80,100,1,4,1324,165.485,165.218,1319
training/19-2-FullIns_5.txt,100,0.20,0.20,0.80,50,2,0,1320,165.624,165.218,1319
training/19-2-FullIns_5.txt,100,0.20,0.20,0.80,50,2,1,1322,165.605,165.218,1319
training/19-2-FullIns_5.txt,100,0.20,0.20,0.80,50,2,2,1323,165.647,165.218,1319
training/19-2-FullIns_5.txt,100,0.20,0.20,0.80,50,2,3,1321,165.438,165.218,1319
training/19-2-FullIns_5.txt,100,0.20,0.20,0.80,50,2,4,1319,165.38,165.218,1319
training/19-2-FullIns_5.txt,100,0.20,0.20,0.80,100,2,0,1321,165.272,165.218,1319
training/19-2-FullIns_5.txt,100,0.20,0.20,0.80,100,2,1,1321,165.378,165.218,1319
training/19-2-FullIns_5.txt,100,0.20,0.20,0.80,100,2,2,1322,165.593,165.218,1319
training/19-2-FullIns_5.txt,100,0.20,0.20,0.80,100,2,3,1321,165.502,165.218,1319
training/19-2-FullIns_5.txt,100,0.20,0.20,0.80,100,2,4,1319,165.336,165.218,1319
training/19-2-FullIns_5.txt,100,0.25,0.10,0.70,50,1,0,1319,165.346,165.218,1319
training/19-2-FullIns_5.txt,100,0.25,0.10,0.70,50,1,1,1321,165.35,165.218,1319
training/19-2-FullIns_5.txt,100,0.25,0.10,0.70,50,1,2,1319,165.647,165.218,1319
training/19-2-FullIns_5.txt,100,0.25,0.10,0.70,50,1,3,1321,165.285,165.218,1319
training/19-2-FullIns_5.txt,100,0.25,0.10,0.70,50,1,4,1319,165.258,165.218,1319
training/19-2-FullIns_5.txt,100,0.25,0.10,0.70,100,1,0,1321,165.368,165.218,1319
training/19-2-FullIns_5.txt,100,0.25,0.10,0.70,100,1,1,1319,165.649,165.218,1319
training/19-2-FullIns_5.txt,100,0.25,0.10,0.70,100,1,2,1319,165.6,165.218,1319
training/19-2-FullIns_5.txt,100,0.25,0.10,0.70,100,1,3,1328,165.314,165.218,1319
training/19-2-FullIns_5.txt,100,0.25,0.10,0.70,100,1,4,1319,165.252,165.218,1319
training/19-2-FullIns_5.txt,100,0.25,0.10,0.70,50,2,0,1321,165.297,165.218,1319
training/19-2-FullIns_5.txt,100,0.25,0.10,0.70,50,2,1,1322,165.332,165.218,1319
training/19-2-FullIns_5.txt,100,0.25,0.10,0.70,50,2,2,1319,165.302,165.218,1319
training/19-2-FullIns_5.txt,100,0.25,0.10,0.70,50,2,3,1321,165.358,165.218,1319
training/19-2-FullIns_5.txt,100,0.25,0.10,0.70,50,2,4,1319,165.474,165.218,1319
training/19-2-FullIns_5.txt,100,0.25,0.10,0.70,100,2,0,1319,165.469,165.218,1319
training/19-2-FullIns_5.txt,100,0.25,0.10,0.70,100,2,1,1325,165.487,165.218,1319
training/19-2-FullIns_5.txt,100,0.25,0.10,0.70,100,2,2,1319,165.481,165.218,1319
training/19-2-FullIns_5.txt,100,0.25,0.10,0.70,100,2,3,1319,165.28,165.218,1319
training/19-2-FullIns_5.txt,100,0.25,0.10,0.70,100,2,4,1319,165.493,165.218,1319
training/19-2-FullIns_5.txt,100,0.25,0.10,0.80,50,1,0,1321,165.591,165.218,1319
training/19-2-FullIns_5.txt,100,0.25,0.10,0.80,50,1,1,1319,165.656,165.218,1319
training/19-2-FullIns_5.txt,100,0.25,0.10,0.80,50,1,2,1319,165.306,165.218,1319
training/19-2-FullIns_5.txt,100,0.25,0.10,0.80,50,1,3,1324,165.276,165.218,1319
training/19-2-FullIns_5.txt,100,0.25,0.10,0.80,50,1,4,1322,165.429,165.218,1319
training/19-2-FullIns_5.txt,100,0.25,0.10,0.80,100,1,0,1319,165.358,165.218,1319
training/19-2-FullIns_5.txt,100,0.25,0.10,0.80,100,1,1,1321,165.229,165.218,1319
training/19-2-FullIns_5.txt,100,0.25,0.10,0.80,100,1,2,1319,165.622,165.218,1319
training/19-2-FullIns_5.txt,100,0.25,0.10,0.80,100,1,3,1319,165.465,165.218,1319
training/19-2-FullIns_5.txt,100,0.25,0.10,0.80,100,1,4,1320,165.637,165.218,1319
training/19-2-FullIns_5.txt,100,0.25,0.10,0.80,50,2,0,1321,165.572,165.218,1319
training/19-2-FullIns_5.txt,100,0.25,0.10,0.80,50,2,1,1321,165.523,165.218,1319
training/19-2-FullIns_5.txt,100,0.25,0.10,0.80,50,2,2,1319,165.521,165.218,1319
training/19-2-FullIns_5.txt,100,0.25,0.10,0.80,50,2,3,1319,165.611,165.218,1319
training/19-2-FullIns_5.txt,100,0.25,0.10,0.80,50,2,4,1335,165.285,165.218,1319
training/19-2-FullIns_5.txt,100,0.25,0.10,0.80,100,2,0,1319,165.539,165.218,1319
training/19-2-FullIns_5.txt,100,0.25,0.10,0.80,100,2,1,1319,165.874,165.218,1319
training/19-2-FullIns_5.txt,100,0.25,0.10,0.80,100,2,2,1319,165.243,165.218,1319
training/19-2-FullIns_5.txt,100,0.25,0.10,0.80,100,2,3,1321,165.599,165.218,1319
training/19-2-FullIns_5.txt,100,0.25,0.10,0.80,100,2,4,1327,165.477,165.218,1319
training/19-2-FullIns_5.txt,100,0.25,0.20,0.70,50,1,0,1319,165.342,165.218,1319
training/19-2-FullIns_5.txt,100,0.25,0.20,0.70,50,1,1,1321,165.632,165.218,1319
training/19-2-FullIns_5.txt,100,0.25,0.20,0.70,50,1,2,1321,165.523,165.218,1319
training/19-2-FullIns_5.txt,100,0.25,0.20,0.70,50,1,3,1319,165.277,165.218,1319
training/19-2-FullIns_5.txt,100,0.25,0.20,0.70,50,1,4,1320,165.389,165.218,1319
training/19-2-FullIns_5.txt,100,0.25,0.20,0.70,100,1,0,1319,165.326,165.218,1319
training/19-2-FullIns_5.txt,100,0.25,0.20,0.70,100,1,1,1320,165.601,165.218,1319
training/19-2-FullIns_5.txt,100,0.25,0.20,0.70,100,1,2,1319,165.279,165.218,1319
training/19-2-FullIns_5.txt,100,0.25,0.20,0.70,100,1,3,1321,165.351,165.218,1319
training/19-2-FullIns_5.txt,100,0.25,0.20,0.70,100,1,4,1319,165.626,165.218,1319
training/19-2-FullIns_5.txt,100,0.25,0.20,0.70,50,2,0,1319,165.488,165.218,1319
training/19-2-FullIns_5.txt,100,0.25,0.20,0.70,50,2,1,1321,165.566,165.218,1319
training/19-2-FullIns_5.txt,100,0.25,0.20,0.70,50,2,2,1319,165.4,165.218,1319
training/19-2-FullIns_5.txt,100,0.25,0.20,0.70,50,2,3,1323,165.43,165.218,1319
training/19-2-FullIns_5.txt,100,0.25,0.20,0.70,50,2,4,1320,165.545,165.218,1319
training/19-2-FullIns_5.txt,100,0.25,0.20,0.70,100,2,0,1319,165.464,165.218,1319
training/19-2-FullIns_5.txt,100,0.25,0.20,0.70,100,2,1,1326,165.502,165.218,1319
training/19-2-FullIns_5.txt,100,0.25,0.20,0.70,100,2,2,1319,165.526,165.218,1319
training/19-2-FullIns_5.txt,100,0.25,0.20,0.70,100,2,3,1321,165.439,165.218,1319
training/19-2-FullIns_5.txt,100,0.25,0.20,0.70,100,2,4,1319,165.34,165.218,1319
training/19-2-FullIns_5.txt,100,0.25,0.20,0.80,50,1,0,1319,165.332,165.218,1319
training/19-2-FullIns_5.txt,100,0.25,0.20,0.80,50,1,1,1319,165.317,165.218,1319
training/19-2-FullIns_5.txt,100,0.25,0.20,0.80,50,1,2,1319,165.439,165.218,1319
training/19-2-FullIns_5.txt,100,0.25,0.20,0.80,50,1,3,1319,165.38,165.218,1319
training/19-2-FullIns_5.txt,100,0.25,0.20,0.80,50,1,4,1320,165.348,165.218,1319
training/19-2-FullIns_5.txt,100,0.25,0.20,0.80,100,1,0,1319,165.4,165.218,1319
training/19-2-FullIns_5.txt,100,0.25,0.20,0.80,100,1,1,1319,165.456,165.218,1319
training/19-2-FullIns_5.txt,100,0.25,0.20,0.80,100,1,2,1324,165.263,165.218,1319
training/19-2-FullIns_5.txt,100,0.25,0.20,0.80,100,1,3,1319,165.295,165.218,1319
training/19-2-FullIns_5.txt,100,0.25,0.20,0.80,100,1,4,1319,165.525,165.218,1319
training/19-2-FullIns_5.txt,100,0.25,0.20,0.80,50,2,0,1321,165.488,165.218,1319
training/19-2-FullIns_5.txt,100,0.25,0.20,0.80,50,2,1,1326,165.445,165.218,1319
training/19-2-FullIns_5.txt,100,0.25,0.20,0.80,50,2,2,1319,165.372,165.218,1319
training/19-2-FullIns_5.txt,100,0.25,0.20,0.80,50,2,3,1319,165.292,165.218,1319
training/19-2-FullIns_5.txt,100,0.25,0.20,0.80,50,2,4,1319,166.046,165.218,1319
training/19-2-FullIns_5.txt,100,0.25,0.20,0.80,100,2,0,1319,165.324,165.218,1319
training/19-2-FullIns_5.txt,100,0.25,0.20,0.80,100,2,1,1330,165.437,165.218,1319
training/19-2-FullIns_5.txt,100,0.25,0.20,0.80,100,2,2,1319,165.297,165.218,1319
training/19-2-FullIns_5.txt,100,0.25,0.20,0.80,100,2,3,1321,165.362,165.218,1319
training/19-2-FullIns_5.txt,100,0.25,0.20,0.80,100,2,4,1319,165.472,165.218,1319
training/19-2-FullIns_5.txt,150,0.20,0.10,0.70,50,1,0,1330,165.822,165.218,1319
training/19-2-FullIns_5.txt,150,0.20,0.10,0.70,50,1,1,1321,165.301,165.218,1319
training/19-2-FullIns_5.txt,150,0.20,0.10,0.70,50,1,2,1319,165.591,165.218,1319
training/19-2-FullIns_5.txt,150,0.20,0.10,0.70,50,1,3,1319,165.502,165.218,1319
training/19-2-FullIns_5.txt,150,0.20,0.10,0.70,50,1,4,1319,165.695,165.218,1319
training/19-2-FullIns_5.txt,150,0.20,0.10,0.70,100,1,0,1320,165.345,165.218,1319
training/19-2-FullIns_5.txt,150,0.20,0.10,0.70,100,1,1,1319,165.501,165.218,1319
training/19-2-FullIns_5.txt,150,0.20,0.10,0.70,100,1,2,1319,165.36,165.218,1319
training/19-2-FullIns_5.txt,150,0.20,0.10,0.70,100,1,3,1319,165.549,165.218,1319
training/19-2-FullIns_5.txt,150,0.20,0.10,0.70,100,1,4,1319,165.476,165.218,1319
training/19-2-FullIns_5.txt,150,0.20,0.10,0.70,50,2,0,1328,166.119,165.218,1319
training/19-2-FullIns_5.txt,150,0.20,0.10,0.70,50,2,1,1321,165.808,165.218,1319
training/19-2-FullIns_5.txt,150,0.20,0.10,0.70,50,2,2,1319,165.435,165.218,1319
training/19-2-FullIns_5.txt,150,0.20,0.10,0.70,50,2,3,1319,165.538,165.218,1319
training/19-2-FullIns_5.txt,150,0.20,0.10,0.70,50,2,4,1319,165.7,165.218,1319
training/19-2-FullIns_5.txt,150,0.20,0.10,0.70,100,2,0,1326,165.348,165.218,1319
training/19-2-FullIns_5.txt,150,0.20,0.10,0.70,100,2,1,1321,165.639,165.218,1319
training/19-2-FullIns_5.txt,150,0.20,0.10,0.70,100,2,2,1319,165.84,165.218,1319
training/19-2-FullIns_5.txt,150,0.20,0.10,0.70,100,2,3,1319,165.229,165.218,1319
training/19-2-FullIns_5.txt,150,0.20,0.10,0.70,100,2,4,1321,165.423,165.218,1319
training/19-2-FullIns_5.txt,150,0.20,0.10,0.80,50,1,0,1319,165.528,165.218,1319
training/19-2-FullIns_5.txt,150,0.20,0.10,0.80,50,1,1,1320,165.332,165.218,1319
training/19-2-FullIns_5.txt,150,0.20,0.10,0.80,50,1,2,1319,165.229,165.218,1319
training/19-2-FullIns_5.txt,150,0.20,0.10,0.80,50,1,3,1323,165.668,165.218,1319
training/19-2-FullIns_5.txt,150,0.20,0.10,0.80,50,1,4,1319,165.696,165.218,1319
training/19-2-FullIns_5.txt,150,0.20,0.10,0.80,100,1,0,1319,165.532,165.218,1319
training/19-2-FullIns_5.txt,150,0.20,0.10,0.80,100,1,1,1319,165.529,165.218,1319
training/19-2-FullIns_5.txt,150,0.20,0.10,0.80,100,1,2,1319,165.607,165.218,1319
training/19-2-FullIns_5.txt,150,0.20,0.10,0.80,100,1,3,1328,165.255,165.218,1319
training/19-2-FullIns_5.txt,150,0.20,0.10,0.80,100,1,4,1319,165.699,165.218,1319
training/19-2-FullIns_5.txt,150,0.20,0.10,0.80,50,2,0,1321,165.755,165.218,1319
training/19-2-FullIns_5.txt,150,0.20,0.10,0.80,50,2,1,1319,165.468,165.218,1319
training/19-2-FullIns_5.txt,150,0.20,0.10,0.80,50,2,2,1319,165.713,165.218,1319
training/19-2-FullIns_5.txt,150,0.20,0.10,0.80,50,2,3,1324,165.816,165.218,1319
training/19-2-FullIns_5.txt,150,0.20,0.10,0.80,50,2,4,1326,165.59,165.218,1319
training/19-2-FullIns_5.txt,150,0.20,0.10,0.80,100,2,0,1321,165.486,165.218,1319
training/19-2-FullIns_5.txt,150,0.20,0.10,0.80,100,2,1,1321,165.819,165.218,1319
training/19-2-FullIns_5.txt,150,0.20,0.10,0.80,100,2,2,1319,165.637,165.218,1319
training/19-2-FullIns_5.txt,150,0.20,0.10,0.80,100,2,3,1319,165.741,165.218,1319
training/19-2-FullIns_5.txt,150,0.20,0.10,0.80,100,2,4,1326,165.548,165.218,1319
training/19-2-FullIns_5.txt,150,0.20,0.20,0.70,50,1,0,1323,165.733,165.218,1319
training/19-2-FullIns_5.txt,150,0.20,0.20,0.70,50,1,1,1319,165.731,165.218,1319
training/19-2-FullIns_5.txt,150,0.20,0.20,0.70,50,1,2,1319,165.785,165.218,1319
training/19-2-FullIns_5.txt,150,0.20,0.20,0.70,50,1,3,1319,165.676,165.218,1319
training/19-2-FullIns_5.txt,150,0.20,0.20,0.70,50,1,4,1319,165.748,165.218,1319
training/19-2-FullIns_5.txt,150,0.20,0.20,0.70,100,1,0,1328,165.244,165.218,1319
training/19-2-FullIns_5.txt,150,0.20,0.20,0.70,100,1,1,1319,165.461,165.218,1319
training/19-2-FullIns_5.txt,150,0.20,0.20,0.70,100,1,2,1319,165.757,165.218,1319
training/19-2-FullIns_5.txt,150,0.20,0.20,0.70,100,1,3,1319,165.512,165.218,1319
training/19-2-FullIns_5.txt,150,0.20,0.20,0.70,100,1,4,1325,165.439,165.218,1319
training/19-2-FullIns_5.txt,150,0.20,0.20,0.70,50,2,0,1319,165.977,165.218,1319
training/19-2-FullIns_5.txt,150,0.20,0.20,0.70,50,2,1,1319,165.522,165.218,1319
training/19-2-FullIns_5.txt,150,0.20,0.20,0.70,50,2,2,1319,165.669,165.218,1319
training/19-2-FullIns_5.txt,150,0.20,0.20,0.70,50,2,3,1319,165.863,165.218,1319
training/19-2-FullIns_5.txt,150,0.20,0.20,0.70,50,2,4,1320,165.484,165.218,1319
training/19-2-FullIns_5.txt,150,0.20,0.20,0.70,100,2,0,1321,165.771,165.218,1319
training/19-2-FullIns_5.txt,150,0.20,0.20,0.70,100,2,1,1319,165.364,165.218,1319
training/19-2-FullIns_5.txt,150,0.20,0.20,0.70,100,2,2,1321,165.751,165.218,1319
training/19-2-FullIns_5.txt,150,0.20,0.20,0.70,100,2,3,1319,165.339,165.218,1319
training/19-2-FullIns_5.txt,150,0.20,0.20,0.70,100,2,4,1330,165.393,165.218,1319
training/19-2-FullIns_5.txt,150,0.20,0.20,0.80,50,1,0,1319,165.349,165.218,1319
training/19-2-FullIns_5.txt,150,0.20,0.20,0.80,50,1,1,1319,165.484,165.218,1319
training/19-2-FullIns_5.txt,150,0.20,0.20,0.80,50,1,2,1321,165.709,165.218,1319
training/19-2-FullIns_5.txt,150,0.20,0.20,0.80,50,1,3,1320,165.299,165.218,1319
training/19-2-FullIns_5.txt,150,0.20,0.20,0.80,50,1,4,1321,165.807,165.218,1319
training/19-2-FullIns_5.txt,150,0.20,0.20,0.80,100,1,0,1319,165.592,165.218,1319
training/19-2-FullIns_5.txt,150,0.20,0.20,0.80,100,1,1,1319,165.851,165.218,1319
training/19-2-FullIns_5.txt,150,0.20,0.20,0.80,100,1,2,1319,165.514,165.218,1319
training/19-2-FullIns_5.txt,150,0.20,0.20,0.80,100,1,3,1321,165.519,165.218,1319
training/19-2-FullIns_5.txt,150,0.20,0.20,0.80,100,1,4,1326,165.662,165.218,1319
training/19-2-FullIns_5.txt,150,0.20,0.20,0.80,50,2,0,1322,165.936,165.218,1319
training/19-2-FullIns_5.txt,150,0.20,0.20,0.80,50,2,1,1319,165.376,165.218,1319
training/19-2-FullIns_5.txt,150,0.20,0.20,0.80,50,2,2,1319,165.585,165.218,1319
training/19-2-FullIns_5.txt,150,0.20,0.20,0.80,50,2,3,1328,165.585,165.218,1319
training/19-2-FullIns_5.txt,150,0.20,0.20,0.80,50,2,4,1321,165.475,165.218,1319
training/19-2-FullIns_5.txt,150,0.20,0.20,0.80,100,2,0,1321,165.745,165.218,1319
training/19-2-FullIns_5.txt,150,0.20,0.20,0.80,100,2,1,1319,165.787,165.218,1319
training/19-2-FullIns_5.txt,150,0.20,0.20,0.80,100,2,2,1319,165.311,165.218,1319
training/19-2-FullIns_5.txt,150,0.20,0.20,0.80,100,2,3,1321,165.668,165.218,1319
training/19-2-FullIns_5.txt,150,0.20,0.20,0.80,100,2,4,1322,165.399,165.218,1319
training/19-2-FullIns_5.txt,150,0.25,0.10,0.70,50,1,0,1319,165.479,165.218,1319
training/19-2-FullIns_5.txt,150,0.25,0.10,0.70,50,1,1,1319,165.804,165.218,1319
training/19-2-FullIns_5.txt,150,0.25,0.10,0.70,50,1,2,1319,165.464,165.218,1319
training/19-2-FullIns_5.txt,150,0.25,0.10,0.70,50,1,3,1319,165.734,165.218,1319
training/19-2-FullIns_5.txt,150,0.25,0.10,0.70,50,1,4,1319,165.481,165.218,1319
training/19-2-FullIns_5.txt,150,0.25,0.10,0.70,100,1,0,1319,165.554,165.218,1319
training/19-2-FullIns_5.txt,150,0.25,0.10,0.70,100,1,1,1321,165.394,165.218,1319
training/19-2-FullIns_5.txt,150,0.25,0.10,0.70,100,1,2,1319,165.58,165.218,1319
training/19-2-FullIns_5.txt,150,0.25,0.10,0.70,100,1,3,1319,165.313,165.218,1319
training/19-2-FullIns_5.txt,150,0.25,0.10,0.70,100,1,4,1319,165.747,165.218,1319
training/19-2-FullIns_5.txt,150,0.25,0.10,0.70,50,2,0,1319,165.26,165.218,1319
training/19-2-FullIns_5.txt,150,0.25,0.10,0.70,50,2,1,1319,165.626,165.218,1319
training/19-2-FullIns_5.txt,150,0.25,0.10,0.70,50,2,2,1319,165.433,165.218,1319
training/19-2-FullIns_5.txt,150,0.25,0.10,0.70,50,2,3,1321,165.716,165.218,1319
training/19-2-FullIns_5.txt,150,0.25,0.10,0.70,50,2,4,1319,165.543,165.218,1319
training/19-2-FullIns_5.txt,150,0.25,0.10,0.70,100,2,0,1319,165.75,165.218,1319
training/19-2-FullIns_5.txt,150,0.25,0.10,0.70,100,2,1,1319,165.381,165.218,1319
training/19-2-FullIns_5.txt,150,0.25,0.10,0.70,100,2,2,1319,165.389,165.218,1319
training/19-2-FullIns_5.txt,150,0.25,0.10,0.70,100,2,3,1321,165.627,165.218,1319
training/19-2-FullIns_5.txt,150,0.25,0.10,0.70,100,2,4,1319,165.326,165.218,1319
training/19-2-FullIns_5.txt,150,0.25,0.10,0.80,50,1,0,1321,165.613,165.218,1319
training/19-2-FullIns_5.txt,150,0.25,0.10,0.80,50,1,1,1320,165.397,165.218,1319
training/19-2-FullIns_5.txt,150,0.25,0.10,0.80,50,1,2,1319,165.284,165.218,1319
training/19-2-FullIns_5.txt,150,0.25,0.10,0.80,50,1,3,1321,165.347,165.218,1319
training/19-2-FullIns_5.txt,150,0.25,0.10,0.80,50,1,4,1319,165.809,165.218,1319
training/19-2-FullIns_5.txt,150,0.25,0.10,0.80,100,1,0,1319,165.595,165.218,1319
training/19-2-FullIns_5.txt,150,0.25,0.10,0.80,100,1,1,1320,165.31,165.218,1319
training/19-2-FullIns_5.txt,150,0.25,0.10,0.80,100,1,2,1319,165.553,165.218,1319
training/19-2-FullIns_5.txt,150,0.25,0.10,0.80,100,1,3,1324,165.453,165.218,1319
training/19-2-FullIns_5.txt,150,0.25,0.10,0.80,100,1,4,1319,165.808,165.218,1319
training/19-2-FullIns_5.txt,150,0.25,0.10,0.80,50,2,0,1319,165.336,165.218,1319
training/19-2-FullIns_5.txt,150,0.25,0.10,0.80,50,2,1,1319,165.654,165.218,1319
training/19-2-FullIns_5.txt,150,0.25,0.10,0.80,50,2,2,1319,165.689,165.218,1319
training/19-2-FullIns_5.txt,150,0.25,0.10,0.80,50,2,3,1319,165.321,165.218,1319
training/19-2-FullIns_5.txt,150,0.25,0.10,0.80,50,2,4,1319,165.82,165.218,1319
training/19-2-FullIns_5.txt,150,0.25,0.10,0.80,100,2,0,1321,165.77,165.218,1319
training/19-2-FullIns_5.txt,150,0.25,0.10,0.80,100,2,1,1320,165.642,165.218,1319
training/19-2-FullIns_5.txt,150,0.25,0.10,0.80,100,2,2,1324,165.451,165.218,1319
training/19-2-FullIns_5.txt,150,0.25,0.10,0.80,100,2,3,1321,165.508,165.218,1319
training/19-2-FullIns_5.txt,150,0.25,0.10,0.80,100,2,4,1319,165.661,165.218,1319
training/19-2-FullIns_5.txt,150,0.25,0.20,0.70,50,1,0,1321,165.746,165.218,1319
training/19-2-FullIns_5.txt,150,0.25,0.20,0.70,50,1,1,1321,165.273,165.218,1319
training/19-2-FullIns_5.txt,150,0.25,0.20,0.70,50,1,2,1319,165.254,165.218,1319
training/19-2-FullIns_5.txt,150,0.25,0.20,0.70,50,1,3,1319,165.466,165.218,1319
training/19-2-FullIns_5.txt,150,0.25,0.20,0.70,50,1,4,1319,165.317,165.218,1319
training/19-2-FullIns_5.txt,150,0.25,0.20,0.70,100,1,0,1328,165.279,165.218,1319
training/19-2-FullIns_5.txt,150,0.25,0.20,0.70,100,1,1,1321,165.776,165.218,1319
training/19-2-FullIns_5.txt,150,0.25,0.20,0.70,100,1,2,1319,165.434,165.218,1319
training/19-2-FullIns_5.txt,150,0.25,0.20,0.70,100,1,3,1319,165.661,165.218,1319
training/19-2-FullIns_5.txt,150,0.25,0.20,0.70,100,1,4,1319,165.426,165.218,1319
training/19-2-FullIns_5.txt,150,0.25,0.20,0.70,50,2,0,1319,165.602,165.218,1319
training/19-2-FullIns_5.txt,150,0.25,0.20,0.70,50,2,1,1319,165.779,165.218,1319
training/19-2-FullIns_5.txt,150,0.25,0.20,0.70,50,2,2,1319,165.258,165.218,1319
training/19-2-FullIns_5.txt,150,0.25,0.20,0.70,50,2,3,1319,165.493,165.218,1319
training/19-2-FullIns_5.txt,150,0.25,0.20,0.70,50,2,4,1321,165.564,165.218,1319
training/19-2-FullIns_5.txt,150,0.25,0.20,0.70,100,2,0,1326,165.291,165.218,1319
training/19-2-FullIns_5.txt,150,0.25,0.20,0.70,100,2,1,1321,165.652,165.218,1319
training/19-2-FullIns_5.txt,150,0.25,0.20,0.70,100,2,2,1319,165.265,165.218,1319
training/19-2-FullIns_5.txt,150,0.25,0.20,0.70,100,2,3,1321,165.231,165.218,1319
training/19-2-FullIns_5.txt,150,0.25,0.20,0.70,100,2,4,1332,165.322,165.218,1319
training/19-2-FullIns_5.txt,150,0.25,0.20,0.80,50,1,0,1323,165.726,165.218,1319
training/19-2-FullIns_5.txt,150,0.25,0.20,0.80,50,1,1,1323,165.514,165.218,1319
training/19-2-FullIns_5.txt,150,0.25,0.20,0.80,50,1,2,1319,165.738,165.218,1319
training/19-2-FullIns_5.txt,150,0.25,0.20,0.80,50,1,3,1319,165.497,165.218,1319
training/19-2-FullIns_5.txt,150,0.25,0.20,0.80,50,1,4,1321,165.576,165.218,1319
training/19-2-FullIns_5.txt,150,0.25,0.20,0.80,100,1,0,1326,165.527,165.218,1319
training/19-2-FullIns_5.txt,150,0.25,0.20,0.80,100,1,1,1319,165.553,165.218,1319
training/19-2-FullIns_5.txt,150,0.25,0.20,0.80,100,1,2,1319,165.234,165.218,1319
training/19-2-FullIns_5.txt,150,0.25,0.20,0.80,100,1,3,1319,165.491,165.218,1319
training/19-2-FullIns_5.txt,150,0.25,0.20,0.80,100,1,4,1330,165.471,165.218,1319
training/19-2-FullIns_5.txt,150,0.25,0.20,0.80,50,2,0,1321,165.561,165.218,1319
training/19-2-FullIns_5.txt,150,0.25,0.20,0.80,50,2,1,1320,165.244,165.218,1319
training/19-2-FullIns_5.txt,150,0.25,0.20,0.80,50,2,2,1319,165.256,165.218,1319
training/19-2-FullIns_5.txt,150,0.25,0.20,0.80,50,2,3,1319,165.278,165.218,1319
training/19-2-FullIns_5.txt,150,0.25,0.20,0.80,50,2,4,1319,165.327,165.218,1319
training/19-2-FullIns_5.txt,150,0.25,0.20,0.80,100,2,0,1319,165.458,165.218,1319
training/19-2-FullIns_5.txt,150,0.25,0.20,0.80,100,2,1,1319,165.737,165.218,1319
training/19-2-FullIns_5.txt,150,0.25,0.20,0.80,100,2,2,1319,165.589,165.218,1319
training/19-2-FullIns_5.txt,150,0.25,0.20,0.80,100,2,3,1328,165.68,165.218,1319
training/19-2-FullIns_5.txt,150,0.25,0.20,0.80,100,2,4,1319,165.467,165.218,1319
training/19-2-FullIns_5.txt,200,0.20,0.10,0.70,50,1,0,1319,165.664,165.218,1319
training/19-2-FullIns_5.txt,200,0.20,0.10,0.70,50,1,1,1321,165.545,165.218,1319
training/19-2-FullIns_5.txt,200,0.20,0.10,0.70,50,1,2,1319,165.761,165.218,1319
training/19-2-FullIns_5.txt,200,0.20,0.10,0.70,50,1,3,1321,165.577,165.218,1319
training/19-2-FullIns_5.txt,200,0.20,0.10,0.70,50,1,4,1324,165.762,165.218,1319
training/19-2-FullIns_5.txt,200,0.20,0.10,0.70,100,1,0,1319,165.983,165.218,1319
training/19-2-FullIns_5.txt,200,0.20,0.10,0.70,100,1,1,1319,165.56,165.218,1319
training/19-2-FullIns_5.txt,200,0.20,0.10,0.70,100,1,2,1319,165.347,165.218,1319
training/19-2-FullIns_5.txt,200,0.20,0.10,0.70,100,1,3,1321,165.307,165.218,1319
training/19-2-FullIns_5.txt,200,0.20,0.10,0.70,100,1,4,1321,165.661,165.218,1319
training/19-2-FullIns_5.txt,200,0.20,0.10,0.70,50,2,0,1319,165.74,165.218,1319
training/19-2-FullIns_5.txt,200,0.20,0.10,0.70,50,2,1,1321,165.932,165.218,1319
training/19-2-FullIns_5.txt,200,0.20,0.10,0.70,50,2,2,1319,166.06,165.218,1319
training/19-2-FullIns_5.txt,200,0.20,0.10,0.70,50,2,3,1319,165.599,165.218,1319
training/19-2-FullIns_5.txt,200,0.20,0.10,0.70,50,2,4,1321,165.803,165.218,1319
training/19-2-FullIns_5.txt,200,0.20,0.10,0.70,100,2,0,1319,166.012,165.218,1319
training/19-2-FullIns_5.txt,200,0.20,0.10,0.70,100,2,1,1319,165.26,165.218,1319
training/19-2-FullIns_5.txt,200,0.20,0.10,0.70,100,2,2,1319,165.758,165.218,1319
training/19-2-FullIns_5.txt,200,0.20,0.10,0.70,100,2,3,1319,165.879,165.218,1319
training/19-2-FullIns_5.txt,200,0.20,0.10,0.70,100,2,4,1319,165.726,165.218,1319
training/19-2-FullIns_5.txt,200,0.20,0.10,0.80,50,1,0,1319,165.264,165.218,1319
training/19-2-FullIns_5.txt,200,0.20,0.10,0.80,50,1,1,1321,165.322,165.218,1319
training/19-2-FullIns_5.txt,200,0.20,0.10,0.80,50,1,2,1319,165.772,165.218,1319
training/19-2-FullIns_5.txt,200,0.20,0.10,0.80,50,1,3,1319,165.657,165.218,1319
training/19-2-FullIns_5.txt,200,0.20,0.10,0.80,50,1,4,1319,165.535,165.218,1319
training/19-2-FullIns_5.txt,200,0.20,0.10,0.80,100,1,0,1319,165.382,165.218,1319
training/19-2-FullIns_5.txt,200,0.20,0.10,0.80,100,1,1,1319,165.454,165.218,1319
training/19-2-FullIns_5.txt,200,0.20,0.10,0.80,100,1,2,1319,165.245,165.218,1319
training/19-2-FullIns_5.txt,200,0.20,0.10,0.80,100,1,3,1319,165.996,165.218,1319
training/19-2-FullIns_5.txt,200,0.20,0.10,0.80,100,1,4,1319,165.427,165.218,1319
training/19-2-FullIns_5.txt,200,0.20,0.10,0.80,50,2,0,1322,165.416,165.218,1319
training/19-2-FullIns_5.txt,200,0.20,0.10,0.80,50,2,1,1319,165.48,165.218,1319
training/19-2-FullIns_5.txt,200,0.20,0.10,0.80,50,2,2,1319,165.262,165.218,1319
training/19-2-FullIns_5.txt,200,0.20,0.10,0.80,50,2,3,1319,165.581,165.218,1319
training/19-2-FullIns_5.txt,200,0.20,0.10,0.80,50,2,4,1319,165.87,165.218,1319
training/19-2-FullIns_5.txt,200,0.20,0.10,0.80,100,2,0,1319,165.529,165.218,1319
training/19-2-FullIns_5.txt,200,0.20,0.10,0.80,100,2,1,1330,165.575,165.218,1319
training/19-2-FullIns_5.txt,200,0.20,0.10,0.80,100,2,2,1319,165.719,165.218,1319
training/19-2-FullIns_5.txt,200,0.20,0.10,0.80,100,2,3,1319,165.646,165.218,1319
training/19-2-FullIns_5.txt,200,0.20,0.10,0.80,100,2,4,1319,165.852,165.218,1319
training/19-2-FullIns_5.txt,200,0.20,0.20,0.70,50,1,0,1319,165.956,165.218,1319
training/19-2-FullIns_5.txt,200,0.20,0.20,0.70,50,1,1,1321,165.899,165.218,1319
training/19-2-FullIns_5.txt,200,0.20,0.20,0.70,50,1,2,1321,165.936,165.218,1319
training/19-2-FullIns_5.txt,200,0.20,0.20,0.70,50,1,3,1320,165.352,165.218,1319
training/19-2-FullIns_5.txt,200,0.20,0.20,0.70,50,1,4,1320,165.787,165.218,1319
training/19-2-FullIns_5.txt,200,0.20,0.20,0.70,100,1,0,1319,165.275,165.218,1319
training/19-2-FullIns_5.txt,200,0.20,0.20,0.70,100,1,1,1321,165.454,165.218,1319
training/19-2-FullIns_5.txt,200,0.20,0.20,0.70,100,1,2,1322,165.648,165.218,1319
training/19-2-FullIns_5.txt,200,0.20,0.20,0.70,100,1,3,1321,165.295,165.218,1319
training/19-2-FullIns_5.txt,200,0.20,0.20,0.70,100,1,4,1319,165.795,165.218,1319
training/19-2-FullIns_5.txt,200,0.20,0.20,0.70,50,2,0,1319,165.532,165.218,1319
training/19-2-FullIns_5.txt,200,0.20,0.20,0.70,50,2,1,1319,166.043,165.218,1319
training/19-2-FullIns_5.txt,200,0.20,0.20,0.70,50,2,2,1321,165.477,165.218,1319
training/19-2-FullIns_5.txt,200,0.20,0.20,0.70,50,2,3,1319,166.013,165.218,1319
training/19-2-FullIns_5.txt,200,0.20,0.20,0.70,50,2,4,1319,165.503,165.218,1319
training/19-2-FullIns_5.txt,200,0.20,0.20,0.70,100,2,0,1319,165.604,165.218,1319
training/19-2-FullIns_5.txt,200,0.20,0.20,0.70,100,2,1,1321,165.398,165.218,1319
training/19-2-FullIns_5.txt,200,0.20,0.20,0.70,100,2,2,1326,165.699,165.218,1319
training/19-2-FullIns_5.txt,200,0.20,0.20,0.70,100,2,3,1321,165.734,165.218,1319
training/19-2-FullIns_5.txt,200,0.20,0.20,0.70,100,2,4,1319,165.953,165.218,1319
training/19-2-FullIns_5.txt,200,0.20,0.20,0.80,50,1,0,1323,165.69,165.218,1319
training/19-2-FullIns_5.txt,200,0.20,0.20,0.80,50,1,1,1319,165.332,165.218,1319
training/19-2-FullIns_5.txt,200,0.20,0.20,0.80,50,1,2,1321,165.298,165.218,1319
training/19-2-FullIns_5.txt,200,0.20,0.20,0.80,50,1,3,1319,165.241,165.218,1319
training/19-2-FullIns_5.txt,200,0.20,0.20,0.80,50,1,4,1319,165.424,165.218,1319
training/19-2-FullIns_5.txt,200,0.20,0.20,0.80,100,1,0,1323,165.877,165.218,1319
training/19-2-FullIns_5.txt,200,0.20,0.20,0.80,100,1,1,1322,165.792,165.218,1319
training/19-2-FullIns_5.txt,200,0.20,0.20,0.80,100,1,2,1319,165.522,165.218,1319
training/19-2-FullIns_5.txt,200,0.20,0.20,0.80,100,1,3,1319,165.416,165.218,1319
training/19-2-FullIns_5.txt,200,0.20,0.20,0.80,100,1,4,1319,166.114,165.218,1319
training/19-2-FullIns_5.txt,200,0.20,0.20,0.80,50,2,0,1323,165.592,165.218,1319
training/19-2-FullIns_5.txt,200,0.20,0.20,0.80,50,2,1,1322,165.747,165.218,1319
training/19-2-FullIns_5.txt,200,0.20,0.20,0.80,50,2,2,1331,166.023,165.218,1319
training/19-2-FullIns_5.txt,200,0.20,0.20,0.80,50,2,3,1319,165.272,165.218,1319
training/19-2-FullIns_5.txt,200,0.20,0.20,0.80,50,2,4,1319,165.706,165.218,1319
training/19-2-FullIns_5.txt,200,0.20,0.20,0.80,100,2,0,1323,165.276,165.218,1319
training/19-2-FullIns_5.txt,200,0.20,0.20,0.80,100,2,1,1322,165.256,165.218,1319
training/19-2-FullIns_5.txt,200,0.20,0.20,0.80,100,2,2,1319,165.347,165.218,1319
training/19-2-FullIns_5.txt,200,0.20,0.20,0.80,100,2,3,1319,165.904,165.218,1319
training/19-2-FullIns_5.txt,200,0.20,0.20,0.80,100,2,4,1319,165.696,165.218,1319
training/19-2-FullIns_5.txt,200,0.25,0.10,0.70,50,1,0,1319,165.436,165.218,1319
training/19-2-FullIns_5.txt,200,0.25,0.10,0.70,50,1,1,1319,165.513,165.218,1319
training/19-2-FullIns_5.txt,200,0.25,0.10,0.70,50,1,2,1319,165.676,165.218,1319
training/19-2-FullIns_5.txt,200,0.25,0.10,0.70,50,1,3,1321,165.698,165.218,1319
training/19-2-FullIns_5.txt,200,0.25,0.10,0.70,50,1,4,1319,165.991,165.218,1319
training/19-2-FullIns_5.txt,200,0.25,0.10,0.70,100,1,0,1321,165.926,165.218,1319
training/19-2-FullIns_5.txt,200,0.25,0.10,0.70,100,1,1,1326,165.607,165.218,1319
training/19-2-FullIns_5.txt,200,0.25,0.10,0.70,100,1,2,1319,165.996,165.218,1319
training/19-2-FullIns_5.txt,200,0.25,0.10,0.70,100,1,3,1321,165.319,165.218,1319
training/19-2-FullIns_5.txt,200,0.25,0.10,0.70,100,1,4,1319,165.575,165.218,1319
training/19-2-FullIns_5.txt,200,0.25,0.10,0.70,50,2,0,1319,165.333,165.218,1319
training/19-2-FullIns_5.txt,200,0.25,0.10,0.70,50,2,1,1319,165.688,165.218,1319
training/19-2-FullIns_5.txt,200,0.25,0.10,0.70,50,2,2,1319,165.5,165.218,1319
training/19-2-FullIns_5.txt,200,0.25,0.10,0.70,50,2,3,1319,165.914,165.218,1319
training/19-2-FullIns_5.txt,200,0.25,0.10,0.70,50,2,4,1319,165.314,165.218,1319
training/19-2-FullIns_5.txt,200,0.25,0.10,0.70,100,2,0,1321,165.308,165.218,1319
training/19-2-FullIns_5.txt,200,0.25,0.10,0.70,100,2,1,1319,165.309,165.218,1319
training/19-2-FullIns_5.txt,200,0.25,0.10,0.70,100,2,2,1319,165.698,165.218,1319
training/19-2-FullIns_5.txt,200,0.25,0.10,0.70,100,2,3,1319,165.382,165.218,1319
training/19-2-FullIns_5.txt,200,0.25,0.10,0.70,100,2,4,1319,165.631,165.218,1319
training/19-2-FullIns_5.txt,200,0.25,0.10,0.80,50,1,0,1321,165.598,165.218,1319
training/19-2-FullIns_5.txt,200,0.25,0.10,0.80,50,1,1,1319,165.744,165.218,1319
training/19-2-FullIns_5.txt,200,0.25,0.10,0.80,50,1,2,1319,165.388,165.218,1319
training/19-2-FullIns_5.txt,200,0.25,0.10,0.80,50,1,3,1319,165.628,165.218,1319
training/19-2-FullIns_5.txt,200,0.25,0.10,0.80,50,1,4,1319,165.552,165.218,1319
training/19-2-FullIns_5.txt,200,0.25,0.10,0.80,100,1,0,1321,165.943,165.218,1319
training/19-2-FullIns_5.txt,200,0.25,0.10,0.80,100,1,1,1319,165.526,165.218,1319
training/19-2-FullIns_5.txt,200,0.25,0.10,0.80,100,1,2,1319,166.632,165.218,1319
training/19-2-FullIns_5.txt,200,0.25,0.10,0.80,100,1,3,1319,165.841,165.218,1319
training/19-2-FullIns_5.txt,200,0.25,0.10,0.80,100,1,4,1330,165.464,165.218,1319
training/19-2-FullIns_5.txt,200,0.25,0.10,0.80,50,2,0,1319,165.759,165.218,1319
training/19-2-FullIns_5.txt,200,0.25,0.10,0.80,50,2,1,1319,165.974,165.218,1319
training/19-2-FullIns_5.txt,200,0.25,0.10,0.80,50,2,2,1319,165.737,165.218,1319
training/19-2-FullIns_5.txt,200,0.25,0.10,0.80,50,2,3,1321,166.07,165.218,1319
training/19-2-FullIns_5.txt,200,0.25,0.10,0.80,50,2,4,1320,165.352,165.218,1319
training/19-2-FullIns_5.txt,200,0.25,0.10,0.80,100,2,0,1321,165.478,165.218,1319
training/19-2-FullIns_5.txt,200,0.25,0.10,0.80,100,2,1,1319,166.065,165.218,1319
training/19-2-FullIns_5.txt,200,0.25,0.10,0.80,100,2,2,1319,165.792,165.218,1319
training/19-2-FullIns_5.txt,200,0.25,0.10,0.80,100,2,3,1319,165.333,165.218,1319
training/19-2-FullIns_5.txt,200,0.25,0.10,0.80,100,2,4,1334,166.095,165.218,1319
training/19-2-FullIns_5.txt,200,0.25,0.20,0.70,50,1,0,1321,165.916,165.218,1319
training/19-2-FullIns_5.txt,200,0.25,0.20,0.70,50,1,1,1321,165.779,165.218,1319
training/19-2-FullIns_5.txt,200,0.25,0.20,0.70,50,1,2,1319,165.703,165.218,1319
training/19-2-FullIns_5.txt,200,0.25,0.20,0.70,50,1,3,1320,165.529,165.218,1319
training/19-2-FullIns_5.txt,200,0.25,0.20,0.70,50,1,4,1319,165.705,165.218,1319
training/19-2-FullIns_5.txt,200,0.25,0.20,0.70,100,1,0,1321,165.714,165.218,1319
training/19-2-FullIns_5.txt,200,0.25,0.20,0.70,100,1,1,1319,165.778,165.218,1319
training/19-2-FullIns_5.txt,200,0.25,0.20,0.70,100,1,2,1319,165.567,165.218,1319
training/19-2-FullIns_5.txt,200,0.25,0.20,0.70,100,1,3,1321,165.724,165.218,1319
training/19-2-FullIns_5.txt,200,0.25,0.20,0.70,100,1,4,1321,166.093,165.218,1319
training/19-2-FullIns_5.txt,200,0.25,0.20,0.70,50,2,0,1321,165.241,165.218,1319
training/19-2-FullIns_5.txt,200,0.25,0.20,0.70,50,2,1,1319,165.746,165.218,1319
training/19-2-FullIns_5.txt,200,0.25,0.20,0.70,50,2,2,1319,165.386,165.218,1319
training/19-2-FullIns_5.txt,200,0.25,0.20,0.70,50,2,3,1320,165.634,165.218,1319
training/19-2-FullIns_5.txt,200,0.25,0.20,0.70,50,2,4,1321,166.308,165.218,1319
training/19-2-FullIns_5.txt,200,0.25,0.20,0.70,100,2,0,1321,165.414,165.218,1319
training/19-2-FullIns_5.txt,200,0.25,0.20,0.70,100,2,1,1321,165.588,165.218,1319
training/19-2-FullIns_5.txt,200,0.25,0.20,0.70,100,2,2,1319,166.67,165.218,1319
training/19-2-FullIns_5.txt,200,0.25,0.20,0.70,100,2,3,1321,165.469,165.218,1319
training/19-2-FullIns_5.txt,200,0.25,0.20,0.70,100,2,4,1321,165.618,165.218,1319
training/19-2-FullIns_5.txt,200,0.25,0.20,0.80,50,1,0,1326,165.384,165.218,1319
training/19-2-FullIns_5.txt,200,0.25,0.20,0.80,50,1,1,1320,165.626,165.218,1319
training/19-2-FullIns_5.txt,200,0.25,0.20,0.80,50,1,2,1324,165.991,165.218,1319
training/19-2-FullIns_5.txt,200,0.25,0.20,0.80,50,1,3,1321,165.862,165.218,1319
training/19-2-FullIns_5.txt,200,0.25,0.20,0.80,50,1,4,1319,165.225,165.218,1319
training/19-2-FullIns_5.txt,200,0.25,0.20,0.80,100,1,0,1326,165.406,165.218,1319
training/19-2-FullIns_5.txt,200,0.25,0.20,0.80,100,1,1,1319,165.689,165.218,1319
training/19-2-FullIns_5.txt,200,0.25,0.20,0.80,100,1,2,1319,165.654,165.218,1319
training/19-2-FullIns_5.txt,200,0.25,0.20,0.80,100,1,3,1321,165.717,165.218,1319
training/19-2-FullIns_5.txt,200,0.25,0.20,0.80,100,1,4,1319,165.839,165.218,1319
training/19-2-FullIns_5.txt,200,0.25,0.20,0.80,50,2,0,1319,166.026,165.218,1319
training/19-2-FullIns_5.txt,200,0.25,0.20,0.80,50,2,1,1319,165.425,165.218,1319
training/19-2-FullIns_5.txt,200,0.25,0.20,0.80,50,2,2,1326,165.268,165.218,1319
training/19-2-FullIns_5.txt,200,0.25,0.20,0.80,50,2,3,1319,165.32,165.218,1319
training/19-2-FullIns_5.txt,200,0.25,0.20,0.80,50,2,4,1319,165.494,165.218,1319
training/19-2-FullIns_5.txt,200,0.25,0.20,0.80,100,2,0,1319,165.27,165.218,1319
training/19-2-FullIns_5.txt,200,0.25,0.20,0.80,100,2,1,1319,165.369,165.218,1319
training/19-2-FullIns_5.txt,200,0.25,0.20,0.80,100,2,2,1319,165.717,165.218,1319
training/19-2-FullIns_5.txt,200,0.25,0.20,0.80,100,2,3,1319,165.241,165.218,1319
training/19-2-FullIns_5.txt,200,0.25,0.20,0.80,100,2,4,1319,166.076,165.218,1319
training/20-DSJC1000.1.txt,100,0.20,0.10,0.70,50,1,0,13542,745.803,744.487,10587
training/20-DSJC1000.1.txt,100,0.20,0.10,0.70,50,1,1,13583,744.548,744.487,10587
training/20-DSJC1000.1.txt,100,0.20,0.10,0.70,50,1,2,13434,745.821,744.487,10587
training/20-DSJC1000.1.txt,100,0.20,0.10,0.70,50,1,3,13581,744.793,744.487,10587
training/20-DSJC1000.1.txt,100,0.20,0.10,0.70,50,1,4,13438,745.772,744.487,10587
training/20-DSJC1000.1.txt,100,0.20,0.10,0.70,100,1,0,13510,746.257,744.487,10587
training/20-DSJC1000.1.txt,100,0.20,0.10,0.70,100,1,1,13565,745.429,744.487,10587
training/20-DSJC1000.1.txt,100,0.20,0.10,0.70,100,1,2,13434,745.211,744.487,10587
training/20-DSJC1000.1.txt,100,0.20,0.10,0.70,100,1,3,13571,745.069,744.487,10587
training/20-DSJC1000.1.txt,100,0.20,0.10,0.70,100,1,4,13561,746.177,744.487,10587
training/20-DSJC1000.1.txt,100,0.20,0.10,0.70,50,2,0,13429,744.609,744.487,10587
training/20-DSJC1000.1.txt,100,0.20,0.10,0.70,50,2,1,13549,745.306,744.487,10587
training/20-DSJC1000.1.txt,100,0.20,0.10,0.70,50,2,2,13434,744.64,744.487,10587
training/20-DSJC1000.1.txt,100,0.20,0.10,0.70,50,2,3,13607,745.402,744.487,10587
training/20-DSJC1000.1.txt,100,0.20,0.10,0.70,50,2,4,13578,746.974,744.487,10587
training/20-DSJC1000.1.txt,100,0.20,0.10,0.70,100,2,0,13596,745.309,744.487,10587
training/20-DSJC1000.1.txt,100,0.20,0.10,0.70,100,2,1,13376,745.608,744.487,10587
training/20-DSJC1000.1.txt,100,0.20,0.10,0.70,100,2,2,13434,745.171,744.487,10587
training/20-DSJC1000.1.txt,100,0.20,0.10,0.70,100,2,3,13620,745.475,744.487,10587
training/20-DSJC1000.1.txt,100,0.20,0.10,0.70,100,2,4,13561,746.031,744.487,10587
training/20-DSJC1000.1.txt,100,0.20,0.10,0.80,50,1,0,13213,744.911,744.487,10587
training/20-DSJC1000.1.txt,100,0.20,0.10,0.80,50,1,1,13479,745.152,744.487,10587
training/20-DSJC1000.1.txt,100,0.20,0.10,0.80,50,1,2,13147,745.992,744.487,10587
training/20-DSJC1000.1.txt,100,0.20,0.10,0.80,50,1,3,13474,746.208,744.487,10587
training/20-DSJC1000.1.txt,100,0.20,0.10,0.80,50,1,4,13486,746.108,744.487,10587
training/20-DSJC1000.1.txt,100,0.20,0.10,0.80,100,1,0,13209,745.852,744.487,10587
training/20-DSJC1000.1.txt,100,0.20,0.10,0.80,100,1,1,13590,744.985,744.487,10587
training/20-DSJC1000.1.txt,100,0.20,0.10,0.80,100,1,2,13167,745.397,744.487,10587
training/20-DSJC1000.1.txt,100,0.20,0.10,0.80,100,1,3,13558,744.568,744.487,10587
training/20-DSJC1000.1.txt,100,0.20,0.10,0.80,100,1,4,13594,745.214,744.487,10587
training/20-DSJC1000.1.txt,100,0.20,0.10,0.80,50,2,0,13523,744.908,744.487,10587
training/20-DSJC1000.1.txt,100,0.20,0.10,0.80,50,2,1,13427,744.869,744.487,10587
training/20-DSJC1000.1.txt,100,0.20,0.10,0.80,50,2,2,13162,744.968,744.487,10587
training/20-DSJC1000.1.txt,100,0.20,0.10,0.80,50,2,3,13295,744.819,744.487,10587
training/20-DSJC1000.1.txt,100,0.20,0.10,0.80,50,2,4,13559,745.685,744.487,10587
training/20-DSJC1000.1.txt,100,0.20,0.10,0.80,100,2,0,13213,746.363,744.487,10587
training/20-DSJC1000.1.txt,100,0.20,0.10,0.80,100,2,1,13148,746.458,744.487,10587
training/20-DSJC1000.1.txt,100,0.20,0.10,0.80,100,2,2,13054,745.363,744.487,10587
training/20-DSJC1000.1.txt,100,0.20,0.10,0.80,100,2,3,13332,745.119,744.487,10587
training/20-DSJC1000.1.txt,100,0.20,0.10,0.80,100,2,4,13213,745.341,744.487,10587
training/20-DSJC1000.1.txt,100,0.20,0.20,0.70,50,1,0,13576,745.896,744.487,10587
training/20-DSJC1000.1.txt,100,0.20,0.20,0.70,50,1,1,13583,747.327,744.487,10587
training/20-DSJC1000.1.txt,100,0.20,0.20,0.70,50,1,2,13599,745.231,744.487,10587
training/20-DSJC1000.1.txt,100,0.20,0.20,0.70,50,1,3,13543,748.539,744.487,10587
training/20-DSJC1000.1.txt,100,0.20,0.20,0.70,50,1,4,13558,745.957,744.487,10587
training/20-DSJC1000.1.txt,100,0.20,0.20,0.70,100,1,0,13390,744.923,744.487,10587
training/20-DSJC1000.1.txt,100,0.20,0.20,0.70,100,1,1,13522,745.251,744.487,10587
training/20-DSJC1000.1.txt,100,0.20,0.20,0.70,100,1,2,13611,745.568,744.487,10587
training/20-DSJC1000.1.txt,100,0.20,0.20,0.70,100,1,3,13536,744.769,744.487,10587
training/20-DSJC1000.1.txt,100,0.20,0.20,0.70,100,1,4,13583,745.523,744.487,10587
training/20-DSJC1000.1.txt,100,0.20,0.20,0.70,50,2,0,13576,745.05,744.487,10587
training/20-DSJC1000.1.txt,100,0.20,0.20,0.70,50,2,1,13526,745.41,744.487,10587
training/20-DSJC1000.1.txt,100,0.20,0.20,0.70,50,2,2,13599,745.428,744.487,10587
training/20-DSJC1000.1.txt,100,0.20,0.20,0.70,50,2,3,13608,746.386,744.487,10587
training/20-DSJC1000.1.txt,100,0.20,0.20,0.70,50,2,4,13573,745.429,744.487,10587
training/20-DSJC1000.1.txt,100,0.20,0.20,0.70,100,2,0,13390,746.103,744.487,10587
training/20-DSJC1000.1.txt,100,0.20,0.20,0.70,100,2,1,13519,745.354,744.487,10587
training/20-DSJC1000.1.txt,100,0.20,0.20,0.70,100,2,2,13617,746.297,744.487,10587
training/20-DSJC1000.1.txt,100,0.20,0.20,0.70,100,2,3,13536,746.092,744.487,10587
training/20-DSJC1000.1.txt,100,0.20,0.20,0.70,100,2,4,13621,745.868,744.487,10587
training/20-DSJC1000.1.txt,100,0.20,0.20,0.80,50,1,0,13576,744.834,744.487,10587
training/20-DSJC1000.1.txt,100,0.20,0.20,0.80,50,1,1,13531,745.367,744.487,10587
training/20-DSJC1000.1.txt,100,0.20,0.20,0.80,50,1,2,13588,749.111,744.487,10587
training/20-DSJC1000.1.txt,100,0.20,0.20,0.80,50,1,3,13445,748.534,744.487,10587
training/20-DSJC1000.1.txt,100,0.20,0.20,0.80,50,1,4,13533,744.764,744.487,10587
training/20-DSJC1000.1.txt,100,0.20,0.20,0.80,100,1,0,13459,744.839,744.487,10587
training/20-DSJC1000.1.txt,100,0.20,0.20,0.80,100,1,1,13565,746.004,744.487,10587
training/20-DSJC1000.1.txt,100,0.20,0.20,0.80,100,1,2,13573,744.6,744.487,10587
training/20-DSJC1000.1.txt,100,0.20,0.20,0.80,100,1,3,13350,746.131,744.487,10587
training/20-DSJC1000.1.txt,100,0.20,0.20,0.80,100,1,4,13425,746.371,744.487,10587
training/20-DSJC1000.1.txt,100,0.20,0.20,0.80,50,2,0,13507,744.618,744.487,10587
training/20-DSJC1000.1.txt,100,0.20,0.20,0.80,50,2,1,13541,746.181,744.487,10587
training/20-DSJC1000.1.txt,100,0.20,0.20,0.80,50,2,2,13521,746.345,744.487,10587
training/20-DSJC1000.1.txt,100,0.20,0.20,0.80,50,2,3,13484,744.589,744.487,10587
training/20-DSJC1000.1.txt,100,0.20,0.20,0.80,50,2,4,13552,745.946,744.487,10587
training/20-DSJC1000.1.txt,100,0.20,0.20,0.80,100,2,0,13525,744.876,744.487,10587
training/20-DSJC1000.1.txt,100,0.20,0.20,0.80,100,2,1,13098,746.321,744.487,10587
training/20-DSJC1000.1.txt,100,0.20,0.20,0.80,100,2,2,13604,746.399,744.487,10587
training/20-DSJC1000.1.txt,100,0.20,0.20,0.80,100,2,3,13270,745.552,744.487,10587
training/20-DSJC1000.1.txt,100,0.20,0.20,0.80,100,2,4,13425,746.151,744.487,10587
training/20-DSJC1000.1.txt,100,0.25,0.10,0.70,50,1,0,13607,744.677,744.487,10587
training/20-DSJC1000.1.txt,100,0.25,0.10,0.70,50,1,1,13572,745.412,744.487,10587
training/20-DSJC1000.1.txt,100,0.25,0.10,0.70,50,1,2,13458,745.771,744.487,10587
training/20-DSJC1000.1.txt,100,0.25,0.10,0.70,50,1,3,13486,744.891,744.487,10587
training/20-DSJC1000.1.txt,100,0.25,0.10,0.70,50,1,4,13584,745.053,744.487,10587
training/20-DSJC1000.1.txt,100,0.25,0.10,0.70,100,1,0,13506,744.752,744.487,10587
training/20-DSJC1000.1.txt,100,0.25,0.10,0.70,100,1,1,13588,745.789,744.487,10587
training/20-DSJC1000.1.txt,100,0.25,0.10,0.70,100,1,2,13458,746.154,744.487,10587
training/20-DSJC1000.1.txt,100,0.25,0.10,0.70,100,1,3,13546,744.945,744.487,10587
training/20-DSJC1000.1.txt,100,0.25,0.10,0.70,100,1,4,13546,745.322,744.487,10587
training/20-DSJC1000.1.txt,100,0.25,0.10,0.70,50,2,0,13583,744.557,744.487,10587
training/20-DSJC1000.1.txt,100,0.25,0.10,0.70,50,2,1,13529,744.902,744.487,10587
training/20-DSJC1000.1.txt,100,0.25,0.10,0.70,50,2,2,13458,745.061,744.487,10587
training/20-DSJC1000.1.txt,100,0.25,0.10,0.70,50,2,3,13538,745.434,744.487,10587
training/20-DSJC1000.1.txt,100,0.25,0.10,0.70,50,2,4,13563,745.688,744.487,10587
training/20-DSJC1000.1.txt,100,0.25,0.10,0.70,100,2,0,13552,744.706,744.487,10587
training/20-DSJC1000.1.txt,100,0.25,0.10,0.70,100,2,1,13511,745.445,744.487,10587
training/20-DSJC1000.1.txt,100,0.25,0.10,0.70,100,2,2,13458,744.992,744.487,10587
training/20-DSJC1000.1.txt,100,0.25,0.10,0.70,100,2,3,13590,744.852,744.487,10587
training/20-DSJC1000.1.txt,100,0.25,0.10,0.70,100,2,4,13546,745.055,744.487,10587
training/20-DSJC1000.1.txt,100,0.25,0.10,0.80,50,1,0,13586,745.819,744.487,10587
training/20-DSJC1000.1.txt,100,0.25,0.10,0.80,50,1,1,13512,746.14,744.487,10587
training/20-DSJC1000.1.txt,100,0.25,0.10,0.80,50,1,2,13586,745.043,744.487,10587
training/20-DSJC1000.1.txt,100,0.25,0.10,0.80,50,1,3,13532,746.179,744.487,10587
training/20-DSJC1000.1.txt,100,0.25,0.10,0.80,50,1,4,13565,745.855,744.487,10587
training/20-DSJC1000.1.txt,100,0.25,0.10,0.80,100,1,0,13399,745.782,744.487,10587
training/20-DSJC1000.1.txt,100,0.25,0.10,0.80,100,1,1,13512,745.42,744.487,10587
training/20-DSJC1000.1.txt,100,0.25,0.10,0.80,100,1,2,13179,746.173,744.487,10587
training/20-DSJC1000.1.txt,100,0.25,0.10,0.80,100,1,3,13545,744.969,744.487,10587
training/20-DSJC1000.1.txt,100,0.25,0.10,0.80,100,1,4,13538,746.39,744.487,10587
training/20-DSJC1000.1.txt,100,0.25,0.10,0.80,50,2,0,13523,746.204,744.487,10587
training/20-DSJC1000.1.txt,100,0.25,0.10,0.80,50,2,1,13512,745.307,744.487,10587
training/20-DSJC1000.1.txt,100,0.25,0.10,0.80,50,2,2,13598,745.845,744.487,10587
training/20-DSJC1000.1.txt,100,0.25,0.10,0.80,50,2,3,13545,746.267,744.487,10587
training/20-DSJC1000.1.txt,100,0.25,0.10,0.80,50,2,4,13569,745.778,744.487,10587
training/20-DSJC1000.1.txt,100,0.25,0.10,0.80,100,2,0,13500,746.252,744.487,10587
training/20-DSJC1000.1.txt,100,0.25,0.10,0.80,100,2,1,13397,745.853,744.487,10587
training/20-DSJC1000.1.txt,100,0.25,0.10,0.80,100,2,2,13582,746.851,744.487,10587
training/20-DSJC1000.1.txt,100,0.25,0.10,0.80,100,2,3,13545,745.674,744.487,10587
training/20-DSJC1000.1.txt,100,0.25,0.10,0.80,100,2,4,13538,744.886,744.487,10587
training/20-DSJC1000.1.txt,100,0.25,0.20,0.70,50,1,0,13586,745.756,744.487,10587
training/20-DSJC1000.1.txt,100,0.25,0.20,0.70,50,1,1,13623,745.328,744.487,10587
training/20-DSJC1000.1.txt,100,0.25,0.20,0.70,50,1,2,13593,744.872,744.487,10587
training/20-DSJC1000.1.txt,100,0.25,0.20,0.70,50,1,3,13555,745.396,744.487,10587
training/20-DSJC1000.1.txt,100,0.25,0.20,0.70,50,1,4,13590,746.059,744.487,10587
training/20-DSJC1000.1.txt,100,0.25,0.20,0.70,100,1,0,13545,746.169,744.487,10587
training/20-DSJC1000.1.txt,100,0.25,0.20,0.70,100,1,1,13552,746.124,744.487,10587
training/20-DSJC1000.1.txt,100,0.25,0.20,0.70,100,1,2,13530,745.093,744.487,10587
training/20-DSJC1000.1.txt,100,0.25,0.20,0.70,100,1,3,13452,744.931,744.487,10587
training/20-DSJC1000.1.txt,100,0.25,0.20,0.70,100,1,4,13576,744.686,744.487,10587
training/20-DSJC1000.1.txt,100,0.25,0.20,0.70,50,2,0,13580,745.23,744.487,10587
training/20-DSJC1000.1.txt,100,0.25,0.20,0.70,50,2,1,13576,745.593,744.487,10587
training/20-DSJC1000.1.txt,100,0.25,0.20,0.70,50,2,2,13631,746.262,744.487,10587
training/20-DSJC1000.1.txt,100,0.25,0.20,0.70,50,2,3,13583,746.177,744.487,10587
training/20-DSJC1000.1.txt,100,0.25,0.20,0.70,50,2,4,13603,748.081,744.487,10587
training/20-DSJC1000.1.txt,100,0.25,0.20,0.70,100,2,0,13571,744.643,744.487,10587
training/20-DSJC1000.1.txt,100,0.25,0.20,0.70,100,2,1,13552,744.863,744.487,10587
training/20-DSJC1000.1.txt,100,0.25,0.20,0.70,100,2,2,13593,746.798,744.487,10587
training/20-DSJC1000.1.txt,100,0.25,0.20,0.70,100,2,3,13452,744.729,744.487,10587
training/20-DSJC1000.1.txt,100,0.25,0.20,0.70,100,2,4,13528,744.765,744.487,10587
training/20-DSJC1000.1.txt,100,0.25,0.20,0.80,50,1,0,13512,745.78,744.487,10587
training/20-DSJC1000.1.txt,100,0.25,0.20,0.80,50,1,1,13582,744.977,744.487,10587
training/20-DSJC1000.1.txt,100,0.25,0.20,0.80,50,1,2,13526,745.494,744.487,10587
training/20-DSJC1000.1.txt,100,0.25,0.20,0.80,50,1,3,13538,745.777,744.487,10587
training/20-DSJC1000.1.txt,100,0.25,0.20,0.80,50,1,4,13451,745.576,744.487,10587
training/20-DSJC1000.1.txt,100,0.25,0.20,0.80,100,1,0,13512,745.725,744.487,10587
training/20-DSJC1000.1.txt,100,0.25,0.20,0.80,100,1,1,13548,746.128,744.487,10587
training/20-DSJC1000.1.txt,100,0.25,0.20,0.80,100,1,2,13526,744.563,744.487,10587
training/20-DSJC1000.1.txt,100,0.25,0.20,0.80,100,1,3,13452,744.895,744.487,10587
training/20-DSJC1000.1.txt,100,0.25,0.20,0.80,100,1,4,13494,745.102,744.487,10587
training/20-DSJC1000.1.txt,100,0.25,0.20,0.80,50,2,0,13512,744.674,744.487,10587
training/20-DSJC1000.1.txt,100,0.25,0.20,0.80,50,2,1,13562,744.593,744.487,10587
training/20-DSJC1000.1.txt,100,0.25,0.20,0.80,50,2,2,13517,745.606,744.487,10587
training/20-DSJC1000.1.txt,100,0.25,0.20,0.80,50,2,3,13572,745.755,744.487,10587
training/20-DSJC1000.1.txt,100,0.25,0.20,0.80,50,2,4,13494,745.466,744.487,10587
training/20-DSJC1000.1.txt,100,0.25,0.20,0.80,100,2,0,13512,746.039,744.487,10587
training/20-DSJC1000.1.txt,100,0.25,0.20,0.80,100,2,1,13529,744.552,744.487,10587
training/20-DSJC1000.1.txt,100,0.25,0.20,0.80,100,2,2,13526,746.159,744.487,10587
training/20-DSJC1000.1.txt,100,0.25,0.20,0.80,100,2,3,13452,745.996,744.487,10587
training/20-DSJC1000.1.txt,100,0.25,0.20,0.80,100,2,4,13494,745.216,744.487,10587
training/20-DSJC1000.1.txt,150,0.20,0.10,0.70,50,1,0,13505,746.923,744.487,10587
training/20-DSJC1000.1.txt,150,0.20,0.10,0.70,50,1,1,13577,746.652,744.487,10587
training/20-DSJC1000.1.txt,150,0.20,0.10,0.70,50,1,2,13474,746.413,744.487,10587
training/20-DSJC1000.1.txt,150,0.20,0.10,0.70,50,1,3,13487,745.984,744.487,10587
training/20-DSJC1000.1.txt,150,0.20,0.10,0.70,50,1,4,13550,746.876,744.487,10587
training/20-DSJC1000.1.txt,150,0.20,0.10,0.70,100,1,0,13496,745.064,744.487,10587
training/20-DSJC1000.1.txt,150,0.20,0.10,0.70,100,1,1,13579,745.388,744.487,10587
training/20-DSJC1000.1.txt,150,0.20,0.10,0.70,100,1,2,13572,747.358,744.487,10587
training/20-DSJC1000.1.txt,150,0.20,0.10,0.70,100,1,3,13560,745.81,744.487,10587
training/20-DSJC1000.1.txt,150,0.20,0.10,0.70,100,1,4,13594,746.73,744.487,10587
training/20-DSJC1000.1.txt,150,0.20,0.10,0.70,50,2,0,13589,746.409,744.487,10587
training/20-DSJC1000.1.txt,150,0.20,0.10,0.70,50,2,1,13572,744.773,744.487,10587
training/20-DSJC1000.1.txt,150,0.20,0.10,0.70,50,2,2,13561,745.011,744.487,10587
training/20-DSJC1000.1.txt,150,0.20,0.10,0.70,50,2,3,13544,744.819,744.487,10587
training/20-DSJC1000.1.txt,150,0.20,0.10,0.70,50,2,4,13605,745.992,744.487,10587
training/20-DSJC1000.1.txt,150,0.20,0.10,0.70,100,2,0,13496,744.948,744.487,10587
training/20-DSJC1000.1.txt,150,0.20,0.10,0.70,100,2,1,13579,746.128,744.487,10587
training/20-DSJC1000.1.txt,150,0.20,0.10,0.70,100,2,2,13575,745.43,744.487,10587
training/20-DSJC1000.1.txt,150,0.20,0.10,0.70,100,2,3,13560,745.328,744.487,10587
training/20-DSJC1000.1.txt,150,0.20,0.10,0.70,100,2,4,13616,745.745,744.487,10587
training/20-DSJC1000.1.txt,150,0.20,0.10,0.80,50,1,0,13477,745.13,744.487,10587
training/20-DSJC1000.1.txt,150,0.20,0.10,0.80,50,1,1,13434,747.224,744.487,10587
training/20-DSJC1000.1.txt,150,0.20,0.10,0.80,50,1,2,13569,744.57,744.487,10587
training/20-DSJC1000.1.txt,150,0.20,0.10,0.80,50,1,3,13443,744.66,744.487,10587
training/20-DSJC1000.1.txt,150,0.20,0.10,0.80,50,1,4,13580,746.561,744.487,10587
training/20-DSJC1000.1.txt,150,0.20,0.10,0.80,100,1,0,13514,744.604,744.487,10587
training/20-DSJC1000.1.txt,150,0.20,0.10,0.80,100,1,1,13247,744.858,744.487,10587
training/20-DSJC1000.1.txt,150,0.20,0.10,0.80,100,1,2,13566,745.302,744.487,10587
training/20-DSJC1000.1.txt,150,0.20,0.10,0.80,100,1,3,13537,747.277,744.487,10587
training/20-DSJC1000.1.txt,150,0.20,0.10,0.80,100,1,4,13549,746.567,744.487,10587
training/20-DSJC1000.1.txt,150,0.20,0.10,0.80,50,2,0,13537,746.373,744.487,10587
training/20-DSJC1000.1.txt,150,0.20,0.10,0.80,50,2,1,13576,744.743,744.487,10587
training/20-DSJC1000.1.txt,150,0.20,0.10,0.80,50,2,2,13501,746.46,744.487,10587
training/20-DSJC1000.1.txt,150,0.20,0.10,0.80,50,2,3,13605,745.018,744.487,10587
training/20-DSJC1000.1.txt,150,0.20,0.10,0.80,50,2,4,13592,745.164,744.487,10587
training/20-DSJC1000.1.txt,150,0.20,0.10,0.80,100,2,0,13254,746.079,744.487,10587
training/20-DSJC1000.1.txt,150,0.20,0.10,0.80,100,2,1,13252,745.729,744.487,10587
training/20-DSJC1000.1.txt,150,0.20,0.10,0.80,100,2,2,13569,747.257,744.487,10587
training/20-DSJC1000.1.txt,150,0.20,0.10,0.80,100,2,3,12907,746.503,744.487,10587
training/20-DSJC1000.1.txt,150,0.20,0.10,0.80,100,2,4,13097,745.297,744.487,10587
training/20-DSJC1000.1.txt,150,0.20,0.20,0.70,50,1,0,13522,747.474,744.487,10587
training/20-DSJC1000.1.txt,150,0.20,0.20,0.70,50,1,1,13522,745.107,744.487,10587
training/20-DSJC1000.1.txt,150,0.20,0.20,0.70,50,1,2,13504,745.743,744.487,10587
training/20-DSJC1000.1.txt,150,0.20,0.20,0.70,50,1,3,13573,745.784,744.487,10587
training/20-DSJC1000.1.txt,150,0.20,0.20,0.70,50,1,4,13558,745.229,744.487,10587
training/20-DSJC1000.1.txt,150,0.20,0.20,0.70,100,1,0,13522,744.698,744.487,10587
training/20-DSJC1000.1.txt,150,0.20,0.20,0.70,100,1,1,13522,746.746,744.487,10587
training/20-DSJC1000.1.txt,150,0.20,0.20,0.70,100,1,2,13527,747.579,744.487,10587
training/20-DSJC1000.1.txt,150,0.20,0.20,0.70,100,1,3,13581,745.341,744.487,10587
training/20-DSJC1000.1.txt,150,0.20,0.20,0.70,100,1,4,13589,747.956,744.487,10587
training/20-DSJC1000.1.txt,150,0.20,0.20,0.70,50,2,0,13522,746.444,744.487,10587
training/20-DSJC1000.1.txt,150,0.20,0.20,0.70,50,2,1,13522,749.581,744.487,10587
training/20-DSJC1000.1.txt,150,0.20,0.20,0.70,50,2,2,13504,745.678,744.487,10587
training/20-DSJC1000.1.txt,150,0.20,0.20,0.70,50,2,3,13552,744.724,744.487,10587
training/20-DSJC1000.1.txt,150,0.20,0.20,0.70,50,2,4,13558,745.949,744.487,10587
training/20-DSJC1000.1.txt,150,0.20,0.20,0.70,100,2,0,13522,745.603,744.487,10587
training/20-DSJC1000.1.txt,150,0.20,0.20,0.70,100,2,1,13522,744.996,744.487,10587
training/20-DSJC1000.1.txt,150,0.20,0.20,0.70,100,2,2,13566,747.005,744.487,10587
training/20-DSJC1000.1.txt,150,0.20,0.20,0.70,100,2,3,13572,746.81,744.487,10587
training/20-DSJC1000.1.txt,150,0.20,0.20,0.70,100,2,4,13440,746.154,744.487,10587
training/20-DSJC1000.1.txt,150,0.20,0.20,0.80,50,1,0,13556,746.833,744.487,10587
training/20-DSJC1000.1.txt,150,0.20,0.20,0.80,50,1,1,13522,745.123,744.487,10587
training/20-DSJC1000.1.txt,150,0.20,0.20,0.80,50,1,2,13504,746.003,744.487,10587
training/20-DSJC1000.1.txt,150,0.20,0.20,0.80,50,1,3,13562,745.859,744.487,10587
training/20-DSJC1000.1.txt,150,0.20,0.20,0.80,50,1,4,13549,747.258,744.487,10587
training/20-DSJC1000.1.txt,150,0.20,0.20,0.80,100,1,0,13471,744.653,744.487,10587
training/20-DSJC1000.1.txt,150,0.20,0.20,0.80,100,1,1,13522,746.018,744.487,10587
training/20-DSJC1000.1.txt,150,0.20,0.20,0.80,100,1,2,13270,745.084,744.487,10587
training/20-DSJC1000.1.txt,150,0.20,0.20,0.80,100,1,3,13525,745.621,744.487,10587
training/20-DSJC1000.1.txt,150,0.20,0.20,0.80,100,1,4,13589,746.756,744.487,10587
training/20-DSJC1000.1.txt,150,0.20,0.20,0.80,50,2,0,13615,747.622,744.487,10587
training/20-DSJC1000.1.txt,150,0.20,0.20,0.80,50,2,1,13522,745.318,744.487,10587
training/20-DSJC1000.1.txt,150,0.20,0.20,0.80,50,2,2,13504,747.337,744.487,10587
training/20-DSJC1000.1.txt,150,0.20,0.20,0.80,50,2,3,13566,745.801,744.487,10587
training/20-DSJC1000.1.txt,150,0.20,0.20,0.80,50,2,4,13558,744.982,744.487,10587
training/20-DSJC1000.1.txt,150,0.20,0.20,0.80,100,2,0,13586,747.05,744.487,10587
training/20-DSJC1000.1.txt,150,0.20,0.20,0.80,100,2,1,13522,747.912,744.487,10587
training/20-DSJC1000.1.txt,150,0.20,0.20,0.80,100,2,2,13270,745.183,744.487,10587
training/20-DSJC1000.1.txt,150,0.20,0.20,0.80,100,2,3,13525,748.156,744.487,10587
training/20-DSJC1000.1.txt,150,0.20,0.20,0.80,100,2,4,13589,745.711,744.487,10587
training/20-DSJC1000.1.txt,150,0.25,0.10,0.70,50,1,0,13557,746.419,744.487,10587
training/20-DSJC1000.1.txt,150,0.25,0.10,0.70,50,1,1,13614,747.09,744.487,10587
training/20-DSJC1000.1.txt,150,0.25,0.10,0.70,50,1,2,13562,744.98,744.487,10587
training/20-DSJC1000.1.txt,150,0.25,0.10,0.70,50,1,3,13541,746.961,744.487,10587
training/20-DSJC1000.1.txt,150,0.25,0.10,0.70,50,1,4,13546,745.113,744.487,10587
training/20-DSJC1000.1.txt,150,0.25,0.10,0.70,100,1,0,13553,745.419,744.487,10587
training/20-DSJC1000.1.txt,150,0.25,0.10,0.70,100,1,1,13600,746.763,744.487,10587
training/20-DSJC1000.1.txt,150,0.25,0.10,0.70,100,1,2,13599,745.284,744.487,10587
training/20-DSJC1000.1.txt,150,0.25,0.10,0.70,100,1,3,13609,747.011,744.487,10587
training/20-DSJC1000.1.txt,150,0.25,0.10,0.70,100,1,4,13489,746.501,744.487,10587
training/20-DSJC1000.1.txt,150,0.25,0.10,0.70,50,2,0,13557,745.39,744.487,10587
training/20-DSJC1000.1.txt,150,0.25,0.10,0.70,50,2,1,13607,745.94,744.487,10587
training/20-DSJC1000.1.txt,150,0.25,0.10,0.70,50,2,2,13582,745.986,744.487,10587
training/20-DSJC1000.1.txt,150,0.25,0.10,0.70,50,2,3,13480,746.625,744.487,10587
training/20-DSJC1000.1.txt,150,0.25,0.10,0.70,50,2,4,13615,745.444,744.487,10587
training/20-DSJC1000.1.txt,150,0.25,0.10,0.70,100,2,0,13591,745.313,744.487,10587
training/20-DSJC1000.1.txt,150,0.25,0.10,0.70,100,2,1,13539,746.132,744.487,10587
training/20-DSJC1000.1.txt,150,0.25,0.10,0.70,100,2,2,13594,745.872,744.487,10587
training/20-DSJC1000.1.txt,150,0.25,0.10,0.70,100,2,3,13494,746.29,744.487,10587
training/20-DSJC1000.1.txt,150,0.25,0.10,0.70,100,2,4,13594,746.144,744.487,10587
training/20-DSJC1000.1.txt,150,0.25,0.10,0.80,50,1,0,13557,745.619,744.487,10587
training/20-DSJC1000.1.txt,150,0.25,0.10,0.80,50,1,1,13550,745.888,744.487,10587
training/20-DSJC1000.1.txt,150,0.25,0.10,0.80,50,1,2,13578,745.1,744.487,10587
training/20-DSJC1000.1.txt,150,0.25,0.10,0.80,50,1,3,13563,745.468,744.487,10587
training/20-DSJC1000.1.txt,150,0.25,0.10,0.80,50,1,4,13529,745.157,744.487,10587
training/20-DSJC1000.1.txt,150,0.25,0.10,0.80,100,1,0,13452,746.892,744.487,10587
training/20-DSJC1000.1.txt,150,0.25,0.10,0.80,100,1,1,13494,745.692,744.487,10587
training/20-DSJC1000.1.txt,150,0.25,0.10,0.80,100,1,2,13529,746.881,744.487,10587
training/20-DSJC1000.1.txt,150,0.25,0.10,0.80,100,1,3,12964,745.634,744.487,10587
training/20-DSJC1000.1.txt,150,0.25,0.10,0.80,100,1,4,13575,745.759,744.487,10587
training/20-DSJC1000.1.txt,150,0.25,0.10,0.80,50,2,0,13510,745.979,744.487,10587
training/20-DSJC1000.1.txt,150,0.25,0.10,0.80,50,2,1,13544,746.065,744.487,10587
training/20-DSJC1000.1.txt,150,0.25,0.10,0.80,50,2,2,13597,745.954,744.487,10587
training/20-DSJC1000.1.txt,150,0.25,0.10,0.80,50,2,3,13436,745.386,744.487,10587
training/20-DSJC1000.1.txt,150,0.25,0.10,0.80,50,2,4,13605,744.632,744.487,10587
training/20-DSJC1000.1.txt,150,0.25,0.10,0.80,100,2,0,13503,746.512,744.487,10587
training/20-DSJC1000.1.txt,150,0.25,0.10,0.80,100,2,1,13605,746.169,744.487,10587
training/20-DSJC1000.1.txt,150,0.25,0.10,0.80,100,2,2,13565,745.754,744.487,10587
training/20-DSJC1000.1.txt,150,0.25,0.10,0.80,100,2,3,12964,744.667,744.487,10587
training/20-DSJC1000.1.txt,150,0.25,0.10,0.80,100,2,4,13604,744.799,744.487,10587
training/20-DSJC1000.1.txt,150,0.25,0.20,0.70,50,1,0,13588,746.026,744.487,10587
training/20-DSJC1000.1.txt,150,0.25,0.20,0.70,50,1,1,13543,745.153,744.487,10587
training/20-DSJC1000.1.txt,150,0.25,0.20,0.70,50,1,2,13611,745.827,744.487,10587
training/20-DSJC1000.1.txt,150,0.25,0.20,0.70,50,1,3,13605,744.933,744.487,10587
training/20-DSJC1000.1.txt,150,0.25,0.20,0.70,50,1,4,13595,745.229,744.487,10587
training/20-DSJC1000.1.txt,150,0.25,0.20,0.70,100,1,0,13549,744.928,744.487,10587
training/20-DSJC1000.1.txt,150,0.25,0.20,0.70,100,1,1,13526,745.509,744.487,10587
training/20-DSJC1000.1.txt,150,0.25,0.20,0.70,100,1,2,13607,745.979,744.487,10587
training/20-DSJC1000.1.txt,150,0.25,0.20,0.70,100,1,3,13533,746.808,744.487,10587
training/20-DSJC1000.1.txt,150,0.25,0.20,0.70,100,1,4,13492,745.164,744.487,10587
training/20-DSJC1000.1.txt,150,0.25,0.20,0.70,50,2,0,13551,745.521,744.487,10587
training/20-DSJC1000.1.txt,150,0.25,0.20,0.70,50,2,1,13543,745.151,744.487,10587
training/20-DSJC1000.1.txt,150,0.25,0.20,0.70,50,2,2,13551,746.329,744.487,10587
training/20-DSJC1000.1.txt,150,0.25,0.20,0.70,50,2,3,13526,744.645,744.487,10587
training/20-DSJC1000.1.txt,150,0.25,0.20,0.70,50,2,4,13584,745.407,744.487,10587
training/20-DSJC1000.1.txt,150,0.25,0.20,0.70,100,2,0,13589,747.142,744.487,10587
training/20-DSJC1000.1.txt,150,0.25,0.20,0.70,100,2,1,13526,745.595,744.487,10587
training/20-DSJC1000.1.txt,150,0.25,0.20,0.70,100,2,2,13607,746.212,744.487,10587
training/20-DSJC1000.1.txt,150,0.25,0.20,0.70,100,2,3,13433,745.24,744.487,10587
training/20-DSJC1000.1.txt,150,0.25,0.20,0.70,100,2,4,13595,747.047,744.487,10587
training/20-DSJC1000.1.txt,150,0.25,0.20,0.80,50,1,0,13446,745.619,744.487,10587
training/20-DSJC1000.1.txt,150,0.25,0.20,0.80,50,1,1,13576,746.392,744.487,10587
training/20-DSJC1000.1.txt,150,0.25,0.20,0.80,50,1,2,13584,745.557,744.487,10587
training/20-DSJC1000.1.txt,150,0.25,0.20,0.80,50,1,3,13514,744.624,744.487,10587
training/20-DSJC1000.1.txt,150,0.25,0.20,0.80,50,1,4,13563,746.825,744.487,10587
training/20-DSJC1000.1.txt,150,0.25,0.20,0.80,100,1,0,13446,745.698,744.487,10587
training/20-DSJC1000.1.txt,150,0.25,0.20,0.80,100,1,1,13522,746.64,744.487,10587
training/20-DSJC1000.1.txt,150,0.25,0.20,0.80,100,1,2,13559,747.132,744.487,10587
training/20-DSJC1000.1.txt,150,0.25,0.20,0.80,100,1,3,13553,747.115,744.487,10587
training/20-DSJC1000.1.txt,150,0.25,0.20,0.80,100,1,4,13574,745.151,744.487,10587
training/20-DSJC1000.1.txt,150,0.25,0.20,0.80,50,2,0,13446,745.888,744.487,10587
training/20-DSJC1000.1.txt,150,0.25,0.20,0.80,50,2,1,13509,746.84,744.487,10587
training/20-DSJC1000.1.txt,150,0.25,0.20,0.80,50,2,2,13585,745.659,744.487,10587
training/20-DSJC1000.1.txt,150,0.25,0.20,0.80,50,2,3,13526,746.41,744.487,10587
training/20-DSJC1000.1.txt,150,0.25,0.20,0.80,50,2,4,13595,744.871,744.487,10587
training/20-DSJC1000.1.txt,150,0.25,0.20,0.80,100,2,0,13446,745.508,744.487,10587
training/20-DSJC1000.1.txt,150,0.25,0.20,0.80,100,2,1,13522,746.578,744.487,10587
training/20-DSJC1000.1.txt,150,0.25,0.20,0.80,100,2,2,13593,745.667,744.487,10587
training/20-DSJC1000.1.txt,150,0.25,0.20,0.80,100,2,3,13553,746.665,744.487,10587
training/20-DSJC1000.1.txt,150,0.25,0.20,0.80,100,2,4,13562,746.883,744.487,10587
training/20-DSJC1000.1.txt,200,0.20,0.10,0.70,50,1,0,13634,745.374,744.487,10587
training/20-DSJC1000.1.txt,200,0.20,0.10,0.70,50,1,1,13562,748.172,744.487,10587
training/20-DSJC1000.1.txt,200,0.20,0.10,0.70,50,1,2,13533,747.966,744.487,10587
training/20-DSJC1000.1.txt,200,0.20,0.10,0.70,50,1,3,13530,747.16,744.487,10587
training/20-DSJC1000.1.txt,200,0.20,0.10,0.70,50,1,4,13571,746.618,744.487,10587
training/20-DSJC1000.1.txt,200,0.20,0.10,0.70,100,1,0,13604,746.161,744.487,10587
training/20-DSJC1000.1.txt,200,0.20,0.10,0.70,100,1,1,13596,747.303,744.487,10587
training/20-DSJC1000.1.txt,200,0.20,0.10,0.70,100,1,2,13576,744.972,744.487,10587
training/20-DSJC1000.1.txt,200,0.20,0.10,0.70,100,1,3,13612,745.761,744.487,10587
training/20-DSJC1000.1.txt,200,0.20,0.10,0.70,100,1,4,13483,744.786,744.487,10587
training/20-DSJC1000.1.txt,200,0.20,0.10,0.70,50,2,0,13602,744.769,744.487,10587
training/20-DSJC1000.1.txt,200,0.20,0.10,0.70,50,2,1,13596,747.694,744.487,10587
training/20-DSJC1000.1.txt,200,0.20,0.10,0.70,50,2,2,13485,745.175,744.487,10587
training/20-DSJC1000.1.txt,200,0.20,0.10,0.70,50,2,3,13558,746.211,744.487,10587
training/20-DSJC1000.1.txt,200,0.20,0.10,0.70,50,2,4,13571,747.601,744.487,10587
training/20-DSJC1000.1.txt,200,0.20,0.10,0.70,100,2,0,13553,745.978,744.487,10587
training/20-DSJC1000.1.txt,200,0.20,0.10,0.70,100,2,1,13608,746.62,744.487,10587
training/20-DSJC1000.1.txt,200,0.20,0.10,0.70,100,2,2,13521,745.837,744.487,10587
training/20-DSJC1000.1.txt,200,0.20,0.10,0.70,100,2,3,13583,745.515,744.487,10587
training/20-DSJC1000.1.txt,200,0.20,0.10,0.70,100,2,4,13483,744.765,744.487,10587
training/20-DSJC1000.1.txt,200,0.20,0.10,0.80,50,1,0,13578,744.591,744.487,10587
training/20-DSJC1000.1.txt,200,0.20,0.10,0.80,50,1,1,13534,744.979,744.487,10587
training/20-DSJC1000.1.txt,200,0.20,0.10,0.80,50,1,2,13528,746.169,744.487,10587
training/20-DSJC1000.1.txt,200,0.20,0.10,0.80,50,1,3,13617,746.681,744.487,10587
training/20-DSJC1000.1.txt,200,0.20,0.10,0.80,50,1,4,13582,746.487,744.487,10587
training/20-DSJC1000.1.txt,200,0.20,0.10,0.80,100,1,0,13515,745.331,744.487,10587
training/20-DSJC1000.1.txt,200,0.20,0.10,0.80,100,1,1,13525,747.664,744.487,10587
training/20-DSJC1000.1.txt,200,0.20,0.10,0.80,100,1,2,13596,745.873,744.487,10587
training/20-DSJC1000.1.txt,200,0.20,0.10,0.80,100,1,3,13269,744.91,744.487,10587
training/20-DSJC1000.1.txt,200,0.20,0.10,0.80,100,1,4,13496,748.268,744.487,10587
training/20-DSJC1000.1.txt,200,0.20,0.10,0.80,50,2,0,13560,745.715,744.487,10587
training/20-DSJC1000.1.txt,200,0.20,0.10,0.80,50,2,1,13534,746.019,744.487,10587
training/20-DSJC1000.1.txt,200,0.20,0.10,0.80,50,2,2,13482,747.374,744.487,10587
training/20-DSJC1000.1.txt,200,0.20,0.10,0.80,50,2,3,13583,746.427,744.487,10587
training/20-DSJC1000.1.txt,200,0.20,0.10,0.80,50,2,4,13582,745.988,744.487,10587
training/20-DSJC1000.1.txt,200,0.20,0.10,0.80,100,2,0,13515,746.628,744.487,10587
training/20-DSJC1000.1.txt,200,0.20,0.10,0.80,100,2,1,13525,747.617,744.487,10587
training/20-DSJC1000.1.txt,200,0.20,0.10,0.80,100,2,2,13521,747.752,744.487,10587
training/20-DSJC1000.1.txt,200,0.20,0.10,0.80,100,2,3,13484,746.882,744.487,10587
training/20-DSJC1000.1.txt,200,0.20,0.10,0.80,100,2,4,13550,746.176,744.487,10587
training/20-DSJC1000.1.txt,200,0.20,0.20,0.70,50,1,0,13535,748.16,744.487,10587
training/20-DSJC1000.1.txt,200,0.20,0.20,0.70,50,1,1,13610,745.197,744.487,10587
training/20-DSJC1000.1.txt,200,0.20,0.20,0.70,50,1,2,13487,745.436,744.487,10587
training/20-DSJC1000.1.txt,200,0.20,0.20,0.70,50,1,3,13525,746.069,744.487,10587
training/20-DSJC1000.1.txt,200,0.20,0.20,0.70,50,1,4,13538,747.551,744.487,10587
training/20-DSJC1000.1.txt,200,0.20,0.20,0.70,100,1,0,13490,745.503,744.487,10587
training/20-DSJC1000.1.txt,200,0.20,0.20,0.70,100,1,1,13570,745.355,744.487,10587
training/20-DSJC1000.1.txt,200,0.20,0.20,0.70,100,1,2,13487,746.97,744.487,10587
training/20-DSJC1000.1.txt,200,0.20,0.20,0.70,100,1,3,13568,746.56,744.487,10587
training/20-DSJC1000.1.txt,200,0.20,0.20,0.70,100,1,4,13605,747.248,744.487,10587
training/20-DSJC1000.1.txt,200,0.20,0.20,0.70,50,2,0,13575,746.23,744.487,10587
training/20-DSJC1000.1.txt,200,0.20,0.20,0.70,50,2,1,13565,745.721,744.487,10587
training/20-DSJC1000.1.txt,200,0.20,0.20,0.70,50,2,2,13487,744.997,744.487,10587
training/20-DSJC1000.1.txt,200,0.20,0.20,0.70,50,2,3,13580,747.793,744.487,10587
training/20-DSJC1000.1.txt,200,0.20,0.20,0.70,50,2,4,13590,744.615,744.487,10587
training/20-DSJC1000.1.txt,200,0.20,0.20,0.70,100,2,0,13490,747.929,744.487,10587
training/20-DSJC1000.1.txt,200,0.20,0.20,0.70,100,2,1,13597,746.775,744.487,10587
training/20-DSJC1000.1.txt,200,0.20,0.20,0.70,100,2,2,13487,745.418,744.487,10587
training/20-DSJC1000.1.txt,200,0.20,0.20,0.70,100,2,3,13568,747.778,744.487,10587
training/20-DSJC1000.1.txt,200,0.20,0.20,0.70,100,2,4,13546,746.051,744.487,10587
training/20-DSJC1000.1.txt,200,0.20,0.20,0.80,50,1,0,13592,744.618,744.487,10587
training/20-DSJC1000.1.txt,200,0.20,0.20,0.80,50,1,1,13516,747.959,744.487,10587
training/20-DSJC1000.1.txt,200,0.20,0.20,0.80,50,1,2,13609,745.562,744.487,10587
training/20-DSJC1000.1.txt,200,0.20,0.20,0.80,50,1,3,13502,744.675,744.487,10587
training/20-DSJC1000.1.txt,200,0.20,0.20,0.80,50,1,4,13524,744.772,744.487,10587
training/20-DSJC1000.1.txt,200,0.20,0.20,0.80,100,1,0,13581,745.001,744.487,10587
training/20-DSJC1000.1.txt,200,0.20,0.20,0.80,100,1,1,13554,746.568,744.487,10587
training/20-DSJC1000.1.txt,200,0.20,0.20,0.80,100,1,2,13582,747.213,744.487,10587
training/20-DSJC1000.1.txt,200,0.20,0.20,0.80,100,1,3,13502,746.276,744.487,10587
training/20-DSJC1000.1.txt,200,0.20,0.20,0.80,100,1,4,13570,748.152,744.487,10587
training/20-DSJC1000.1.txt,200,0.20,0.20,0.80,50,2,0,13647,745.205,744.487,10587
training/20-DSJC1000.1.txt,200,0.20,0.20,0.80,50,2,1,13463,748.371,744.487,10587
training/20-DSJC1000.1.txt,200,0.20,0.20,0.80,50,2,2,13570,747.258,744.487,10587
training/20-DSJC1000.1.txt,200,0.20,0.20,0.80,50,2,3,13586,747.328,744.487,10587
training/20-DSJC1000.1.txt,200,0.20,0.20,0.80,50,2,4,13556,747.327,744.487,10587
training/20-DSJC1000.1.txt,200,0.20,0.20,0.80,100,2,0,13545,746.407,744.487,10587
training/20-DSJC1000.1.txt,200,0.20,0.20,0.80,100,2,1,13554,746.556,744.487,10587
training/20-DSJC1000.1.txt,200,0.20,0.20,0.80,100,2,2,13433,747.76,744.487,10587
training/20-DSJC1000.1.txt,200,0.20,0.20,0.80,100,2,3,13502,744.656,744.487,10587
training/20-DSJC1000.1.txt,200,0.20,0.20,0.80,100,2,4,13524,747.066,744.487,10587
training/20-DSJC1000.1.txt,200,0.25,0.10,0.70,50,1,0,13557,746.018,744.487,10587
training/20-DSJC1000.1.txt,200,0.25,0.10,0.70,50,1,1,13554,744.904,744.487,10587
training/20-DSJC1000.1.txt,200,0.25,0.10,0.70,50,1,2,13527,746.052,744.487,10587
training/20-DSJC1000.1.txt,200,0.25,0.10,0.70,50,1,3,13527,745.898,744.487,10587
training/20-DSJC1000.1.txt,200,0.25,0.10,0.70,50,1,4,13589,746.263,744.487,10587
training/20-DSJC1000.1.txt,200,0.25,0.10,0.70,100,1,0,13580,746.702,744.487,10587
training/20-DSJC1000.1.txt,200,0.25,0.10,0.70,100,1,1,13541,745.194,744.487,10587
training/20-DSJC1000.1.txt,200,0.25,0.10,0.70,100,1,2,13577,746.379,744.487,10587
training/20-DSJC1000.1.txt,200,0.25,0.10,0.70,100,1,3,13539,746.358,744.487,10587
training/20-DSJC1000.1.txt,200,0.25,0.10,0.70,100,1,4,13552,745.157,744.487,10587
training/20-DSJC1000.1.txt,200,0.25,0.10,0.70,50,2,0,13595,745.521,744.487,10587
training/20-DSJC1000.1.txt,200,0.25,0.10,0.70,50,2,1,13396,746.597,744.487,10587
training/20-DSJC1000.1.txt,200,0.25,0.10,0.70,50,2,2,13548,745.964,744.487,10587
training/20-DSJC1000.1.txt,200,0.25,0.10,0.70,50,2,3,13565,745.117,744.487,10587
training/20-DSJC1000.1.txt,200,0.25,0.10,0.70,50,2,4,13582,745.377,744.487,10587
training/20-DSJC1000.1.txt,200,0.25,0.10,0.70,100,2,0,13567,746.117,744.487,10587
training/20-DSJC1000.1.txt,200,0.25,0.10,0.70,100,2,1,13586,748.273,744.487,10587
training/20-DSJC1000.1.txt,200,0.25,0.10,0.70,100,2,2,13599,748.939,744.487,10587
training/20-DSJC1000.1.txt,200,0.25,0.10,0.70,100,2,3,13571,747.363,744.487,10587
training/20-DSJC1000.1.txt,200,0.25,0.10,0.70,100,2,4,13552,745.893,744.487,10587
training/20-DSJC1000.1.txt,200,0.25,0.10,0.80,50,1,0,13612,748.148,744.487,10587
training/20-DSJC1000.1.txt,200,0.25,0.10,0.80,50,1,1,13579,746.075,744.487,10587
training/20-DSJC1000.1.txt,200,0.25,0.10,0.80,50,1,2,13527,745.028,744.487,10587
training/20-DSJC1000.1.txt,200,0.25,0.10,0.80,50,1,3,13405,747.805,744.487,10587
training/20-DSJC1000.1.txt,200,0.25,0.10,0.80,50,1,4,13552,749.923,744.487,10587
training/20-DSJC1000.1.txt,200,0.25,0.10,0.80,100,1,0,13592,748.44,744.487,10587
training/20-DSJC1000.1.txt,200,0.25,0.10,0.80,100,1,1,13587,747.192,744.487,10587
training/20-DSJC1000.1.txt,200,0.25,0.10,0.80,100,1,2,13527,748.016,744.487,10587
training/20-DSJC1000.1.txt,200,0.25,0.10,0.80,100,1,3,13504,752.507,744.487,10587
training/20-DSJC1000.1.txt,200,0.25,0.10,0.80,100,1,4,13585,745.887,744.487,10587
training/20-DSJC1000.1.txt,200,0.25,0.10,0.80,50,2,0,13601,744.944,744.487,10587
training/20-DSJC1000.1.txt,200,0.25,0.10,0.80,50,2,1,13535,751.163,744.487,10587
training/20-DSJC1000.1.txt,200,0.25,0.10,0.80,50,2,2,13527,745.67,744.487,10587
training/20-DSJC1000.1.txt,200,0.25,0.10,0.80,50,2,3,13504,745.772,744.487,10587
training/20-DSJC1000.1.txt,200,0.25,0.10,0.80,50,2,4,13563,747.755,744.487,10587
training/20-DSJC1000.1.txt,200,0.25,0.10,0.80,100,2,0,13535,745.639,744.487,10587
training/20-DSJC1000.1.txt,200,0.25,0.10,0.80,100,2,1,13564,747.295,744.487,10587
training/20-DSJC1000.1.txt,200,0.25,0.10,0.80,100,2,2,13527,746.555,744.487,10587
training/20-DSJC1000.1.txt,200,0.25,0.10,0.80,100,2,3,13504,747.525,744.487,10587
training/20-DSJC1000.1.txt,200,0.25,0.10,0.80,100,2,4,13500,746.433,744.487,10587
training/20-DSJC1000.1.txt,200,0.25,0.20,0.70,50,1,0,13517,746.983,744.487,10587
training/20-DSJC1000.1.txt,200,0.25,0.20,0.70,50,1,1,13466,747.221,744.487,10587
training/20-DSJC1000.1.txt,200,0.25,0.20,0.70,50,1,2,13569,746.382,744.487,10587
training/20-DSJC1000.1.txt,200,0.25,0.20,0.70,50,1,3,13569,745.77,744.487,10587
training/20-DSJC1000.1.txt,200,0.25,0.20,0.70,50,1,4,13577,747.805,744.487,10587
training/20-DSJC1000.1.txt,200,0.25,0.20,0.70,100,1,0,13532,746.782,744.487,10587
training/20-DSJC1000.1.txt,200,0.25,0.20,0.70,100,1,1,13544,746.968,744.487,10587
training/20-DSJC1000.1.txt,200,0.25,0.20,0.70,100,1,2,13619,746.653,744.487,10587
training/20-DSJC1000.1.txt,200,0.25,0.20,0.70,100,1,3,13550,747.38,744.487,10587
training/20-DSJC1000.1.txt,200,0.25,0.20,0.70,100,1,4,13565,747.993,744.487,10587
training/20-DSJC1000.1.txt,200,0.25,0.20,0.70,50,2,0,13532,747.95,744.487,10587
training/20-DSJC1000.1.txt,200,0.25,0.20,0.70,50,2,1,13544,746.605,744.487,10587
training/20-DSJC1000.1.txt,200,0.25,0.20,0.70,50,2,2,13615,744.59,744.487,10587
training/20-DSJC1000.1.txt,200,0.25,0.20,0.70,50,2,3,13416,746.967,744.487,10587
training/20-DSJC1000.1.txt,200,0.25,0.20,0.70,50,2,4,13577,746.996,744.487,10587
training/20-DSJC1000.1.txt,200,0.25,0.20,0.70,100,2,0,13532,745.606,744.487,10587
training/20-DSJC1000.1.txt,200,0.25,0.20,0.70,100,2,1,13531,746.949,744.487,10587
training/20-DSJC1000.1.txt,200,0.25,0.20,0.70,100,2,2,13619,746.275,744.487,10587
training/20-DSJC1000.1.txt,200,0.25,0.20,0.70,100,2,3,13557,747.607,744.487,10587
training/20-DSJC1000.1.txt,200,0.25,0.20,0.70,100,2,4,13565,744.533,744.487,10587
training/20-DSJC1000.1.txt,200,0.25,0.20,0.80,50,1,0,13595,746.378,744.487,10587
training/20-DSJC1000.1.txt,200,0.25,0.20,0.80,50,1,1,13616,745.216,744.487,10587
training/20-DSJC1000.1.txt,200,0.25,0.20,0.80,50,1,2,13585,746.044,744.487,10587
training/20-DSJC1000.1.txt,200,0.25,0.20,0.80,50,1,3,13618,746.093,744.487,10587
training/20-DSJC1000.1.txt,200,0.25,0.20,0.80,50,1,4,13567,745.768,744.487,10587
training/20-DSJC1000.1.txt,200,0.25,0.20,0.80,100,1,0,13613,751.879,744.487,10587
training/20-DSJC1000.1.txt,200,0.25,0.20,0.80,100,1,1,13566,749.131,744.487,10587
training/20-DSJC1000.1.txt,200,0.25,0.20,0.80,100,1,2,13553,746.715,744.487,10587
training/20-DSJC1000.1.txt,200,0.25,0.20,0.80,100,1,3,13610,745.145,744.487,10587
training/20-DSJC1000.1.txt,200,0.25,0.20,0.80,100,1,4,13565,745.467,744.487,10587
training/20-DSJC1000.1.txt,200,0.25,0.20,0.80,50,2,0,13502,745.886,744.487,10587
training/20-DSJC1000.1.txt,200,0.25,0.20,0.80,50,2,1,13616,746.909,744.487,10587
training/20-DSJC1000.1.txt,200,0.25,0.20,0.80,50,2,2,13585,748.112,744.487,10587
training/20-DSJC1000.1.txt,200,0.25,0.20,0.80,50,2,3,13592,747.348,744.487,10587
training/20-DSJC1000.1.txt,200,0.25,0.20,0.80,50,2,4,13577,745.552,744.487,10587
training/20-DSJC1000.1.txt,200,0.25,0.20,0.80,100,2,0,13612,745.283,744.487,10587
training/20-DSJC1000.1.txt,200,0.25,0.20,0.80,100,2,1,13538,746.689,744.487,10587
training/20-DSJC1000.1.txt,200,0.25,0.20,0.80,100,2,2,13536,745.623,744.487,10587
training/20-DSJC1000.1.txt,200,0.25,0.20,0.80,100,2,3,13608,748.119,744.487,10587
training/20-DSJC1000.1.txt,200,0.25,0.20,0.80,100,2,4,13565,745.465,744.487,10587
